Workbook

Sheet Data
B1: Market | C1: Global High Energy Laser Market | AE1: =VLOOKUP(AE3,$B$120:$D$151,3,0) -> 0.120736 | AF1: =VLOOKUP(AF3,$B$120:$D$151,3,0) -> 0.106736 | AG1: =VLOOKUP(AG3,$B$120:$D$151,3,0) -> 0.12416182 | AH1: =VLOOKUP(AH3,$B$120:$D$151,3,0) -> 0.10898555 | AI1: =VLOOKUP(AI3,$B$120:$D$151,3,0) -> 0.096482248 | AJ1: =VLOOKUP(AJ3,$B$120:$D$151,3,0) -> 0.11689586 | AK1: =VLOOKUP(AK3,$B$120:$D$151,3,0) -> 0.088281079 | AL1: =VLOOKUP(AL3,$B$120:$D$151,3,0) -> 0.080810923 | ... BD1: =VLOOKUP(BD3,$B$120:$D$151,3,0) -> 0.086528747
D2: 0.001
C3: U.S. | D3: Canada | E3: U.K. | F3: Germany | G3: Italy | H3: France | I3: Spain | J3: Russia | K3: Rest of Europe | L3: China | M3: India | N3: Japan | O3: South Korea | P3: ASEAN | Q3: Australia | R3: Rest of Asia Pacific | S3: Brazil | T3: Argentina | U3: Mexico | V3: Rest of Latin America | W3: GCC | X3: Israel | Y3: Rest of Middle East | Z3: South Africa | AA3: North Africa | AB3: Central Africa | AE3: U.S. | AF3: Canada | AG3: U.K. | AH3: Germany | AI3: Italy | AJ3: France | AK3: Spain | AL3: Russia | AM3: Rest of Europe | AN3: China | AO3: India | AP3: Japan | AQ3: South Korea | AR3: ASEAN | AS3: Australia | AT3: Rest of Asia Pacific | AU3: Brazil | AV3: Argentina | AW3: Mexico | AX3: Rest of Latin America | AY3: GCC | AZ3: Israel | BA3: Rest of Middle East | BB3: South Africa | BC3: North Africa | BD3: Central Africa | BG3: U.S. | BH3: Canada | BI3: U.K. | BJ3: Germany | BK3: Italy | BL3: France | BM3: Spain | BN3: Russia | BO3: Rest of Europe | BP3: China | BQ3: India | BR3: Japan | BS3: South Korea | BT3: ASEAN | BU3: Australia | BV3: Rest of Asia Pacific | BW3: Brazil | BX3: Argentina | BY3: Mexico | BZ3: Rest of Latin America | CA3: GCC | CB3: Israel | CC3: Rest of Middle East | CD3: South Africa | CE3: North Africa | CF3: Central Africa
B4: By Laser Type | AD4: By Laser Type | AE4: =AE5*C5+AE11*C11+AE16*C16+AE20*C20+AE21*C21 -> 0.120736 | AF4: =AF5*D5+AF11*D11+AF16*D16+AF20*D20+AF21*D21 -> 0.106736 | AG4: =AG5*E5+AG11*E11+AG16*E16+AG20*E20+AG21*E21 -> 0.12416182 | AH4: =AH5*F5+AH11*F11+AH16*F16+AH20*F20+AH21*F21 -> 0.10898555 | AI4: =AI5*G5+AI11*G11+AI16*G16+AI20*G20+AI21*G21 -> 0.096482248 | AJ4: =AJ5*H5+AJ11*H11+AJ16*H16+AJ20*H20+AJ21*H21 -> 0.11689586 | AK4: =AK5*I5+AK11*I11+AK16*I16+AK20*I20+AK21*I21 -> 0.088281079 | AL4: =AL5*J5+AL11*J11+AL16*J16+AL20*J20+AL21*J21 -> 0.080810923 | ... BD4: =BD5*AB5+BD11*AB11+BD16*AB16+BD20*AB20+BD21*AB21 -> 0.086528747 | BF4: By Laser Type
B5: Solid-State Lasers | C5: =1-C11-C16-C20-C21 -> 0.2671 | D5: =1-D11-D16-D20-D21 -> 0.2244 | E5: =1-E11-E16-E20-E21 -> 0.2077 | F5: =1-F11-F16-F20-F21 -> 0.2358 | G5: =1-G11-G16-G20-G21 -> 0.2949 | H5: =1-H11-H16-H20-H21 -> 0.266 | I5: =1-I11-I16-I20-I21 -> 0.2658 | J5: =1-J11-J16-J20-J21 -> 0.2594 | ... AB5: =1-AB11-AB16-AB20-AB21 -> 0.2503 | AD5: Solid-State Lasers | AE5: =SUMPRODUCT(AE6:AE10,C6:C10) -> 0.1120884 | AF5: =SUMPRODUCT(AF6:AF10,D6:D10) -> 0.098416933 | AG5: =SUMPRODUCT(AG6:AG10,E6:E10) -> 0.1155609 | AH5: =SUMPRODUCT(AH6:AH10,F6:F10) -> 0.10065615 | AI5: =SUMPRODUCT(AI6:AI10,G6:G10) -> 0.087554589 | AJ5: =SUMPRODUCT(AJ6:AJ10,H6:H10) -> 0.10813707 | AK5: =SUMPRODUCT(AK6:AK10,I6:I10) -> 0.080785268 | AL5: =SUMPRODUCT(AL6:AL10,J6:J10) -> 0.071945253 | ... BD5: =SUMPRODUCT(BD6:BD10,AB6:AB10) -> 0.07830623 | BF5: Solid-State Lasers | BG5: CMI_Trend_52 | BH5: CMI_Trend_38 | BI5: CMI_Trend_25 | BJ5: CMI_Trend_20 | BK5: CMI_Trend_60 | BL5: CMI_Trend_38 | BM5: CMI_Trend_46 | BN5: CMI_Trend_25 | BO5: CMI_Trend_60 | BP5: CMI_Trend_38 | BQ5: CMI_Trend_46 | BR5: CMI_Trend_38 | BS5: CMI_Trend_52 | BT5: CMI_Trend_46 | BU5: CMI_Trend_25 | BV5: CMI_Trend_56 | BW5: CMI_Trend_20 | BX5: CMI_Trend_52 | BY5: CMI_Trend_52 | BZ5: CMI_Trend_38 | CA5: CMI_Trend_52 | CB5: CMI_Trend_25 | CC5: CMI_Trend_20 | CD5: CMI_Trend_25 | CE5: CMI_Trend_38 | CF5: CMI_Trend_20
B6: Nd:YAG | C6: 0.3785 | D6: 0.3855 | E6: 0.3841 | F6: 0.3881 | G6: 0.4059 | H6: 0.395 | I6: 0.3956 | J6: 0.398 | K6: 0.3856 | L6: 0.3849 | M6: 0.385 | N6: 0.3792 | O6: 0.4049 | P6: 0.3774 | Q6: 0.3796 | R6: 0.3805 | S6: 0.3909 | T6: 0.3788 | U6: 0.391 | V6: 0.3974 | W6: 0.404 | X6: 0.3973 | Y6: 0.3813 | Z6: 0.3974 | AA6: 0.4053 | AB6: 0.3973 | AD6: Nd:YAG | AE6: 0.099480531 | AF6: 0.085697051 | AG6: 0.10308768 | AH6: 0.088370575 | AI6: 0.075624769 | AJ6: 0.096155453 | AK6: 0.068148962 | AL6: 0.059979635 | AM6: 0.081271568 | AN6: 0.12974774 | AO6: 0.13727009 | AP6: 0.095149165 | AQ6: 0.11203663 | AR6: 0.11960198 | AS6: 0.087495257 | AT6: 0.10224243 | AU6: 0.077810167 | AV6: 0.062200937 | AW6: 0.086280116 | AX6: 0.070858388 | AY6: 0.1047843 | AZ6: 0.11216487 | BA6: 0.093280184 | BB6: 0.08092379 | BC6: 0.073535446 | BD6: 0.066024134 | BF6: Nd:YAG | BG6: CMI_Trend_60 | BH6: CMI_Trend_56 | BI6: CMI_Trend_46 | BJ6: CMI_Trend_25 | BK6: CMI_Trend_38 | BL6: CMI_Trend_56 | BM6: CMI_Trend_46 | BN6: CMI_Trend_52 | BO6: CMI_Trend_46 | BP6: CMI_Trend_25 | BQ6: CMI_Trend_20 | BR6: CMI_Trend_56 | BS6: CMI_Trend_60 | BT6: CMI_Trend_60 | BU6: CMI_Trend_38 | BV6: CMI_Trend_20 | BW6: CMI_Trend_25 | BX6: CMI_Trend_46 | BY6: CMI_Trend_46 | BZ6: CMI_Trend_56 | CA6: CMI_Trend_25 | CB6: CMI_Trend_38 | CC6: CMI_Trend_60 | CD6: CMI_Trend_38 | CE6: CMI_Trend_20 | CF6: CMI_Trend_52
B7: Yb:YAG | C7: 0.2411 | D7: 0.2494 | E7: 0.2407 | F7: 0.2303 | G7: 0.2307 | H7: 0.2285 | I7: 0.255 | J7: 0.2297 | K7: 0.2541 | L7: 0.2336 | M7: 0.2327 | N7: 0.2471 | O7: 0.2343 | P7: 0.224 | Q7: 0.245 | R7: 0.2266 | S7: 0.232 | T7: 0.2557 | U7: 0.2381 | V7: 0.23 | W7: 0.2581 | X7: 0.2275 | Y7: 0.2412 | Z7: 0.2311 | AA7: 0.2256 | AB7: 0.2439 | AD7: Yb:YAG | AE7: 0.12975666 | AF7: 0.11597318 | AG7: 0.1333638 | AH7: 0.1186467 | AI7: 0.1059009 | AJ7: 0.12643158 | AK7: 0.098425089 | AL7: 0.090255761 | AM7: 0.11154769 | AN7: 0.16002387 | AO7: 0.16754622 | AP7: 0.12542529 | AQ7: 0.14231276 | AR7: 0.14987811 | AS7: 0.11777138 | AT7: 0.13251856 | AU7: 0.10808629 | AV7: 0.092477063 | AW7: 0.11655624 | AX7: 0.10113451 | AY7: 0.13506043 | AZ7: 0.14244099 | BA7: 0.12355631 | BB7: 0.11119992 | BC7: 0.10381157 | BD7: 0.09630026 | BF7: Yb:YAG | BG7: CMI_Trend_46 | BH7: CMI_Trend_60 | BI7: CMI_Trend_60 | BJ7: CMI_Trend_52 | BK7: CMI_Trend_46 | BL7: CMI_Trend_46 | BM7: CMI_Trend_20 | BN7: CMI_Trend_60 | BO7: CMI_Trend_56 | BP7: CMI_Trend_52 | BQ7: CMI_Trend_46 | BR7: CMI_Trend_20 | BS7: CMI_Trend_56 | BT7: CMI_Trend_60 | BU7: CMI_Trend_60 | BV7: CMI_Trend_60 | BW7: CMI_Trend_20 | BX7: CMI_Trend_25 | BY7: CMI_Trend_60 | BZ7: CMI_Trend_60 | CA7: CMI_Trend_56 | CB7: CMI_Trend_52 | CC7: CMI_Trend_46 | CD7: CMI_Trend_56 | CE7: CMI_Trend_25 | CF7: CMI_Trend_60
B8: Tm:YAG | C8: 0.0895 | D8: 0.1044 | E8: 0.0917 | F8: 0.0862 | G8: 0.0882 | H8: 0.0803 | I8: 0.0914 | J8: 0.0815 | K8: 0.0864 | L8: 0.0901 | M8: 0.1019 | N8: 0.0882 | O8: 0.1042 | P8: 0.0956 | Q8: 0.0857 | R8: 0.08 | S8: 0.0926 | T8: 0.1013 | U8: 0.1033 | V8: 0.0969 | W8: 0.0813 | X8: 0.0848 | Y8: 0.0899 | Z8: 0.092 | AA8: 0.0992 | AB8: 0.0888 | AD8: Tm:YAG | AE8: 0.12159586 | AF8: 0.10781238 | AG8: 0.125203 | AH8: 0.1104859 | AI8: 0.097740096 | AJ8: 0.11827078 | AK8: 0.090264289 | AL8: 0.082094961 | AM8: 0.10338689 | AN8: 0.15186307 | AO8: 0.15938542 | AP8: 0.11726449 | AQ8: 0.13415196 | AR8: 0.14171731 | AS8: 0.10961058 | AT8: 0.12435776 | AU8: 0.099925494 | AV8: 0.084316263 | AW8: 0.10839544 | AX8: 0.092973715 | AY8: 0.12689963 | AZ8: 0.13428019 | BA8: 0.11539551 | BB8: 0.10303912 | BC8: 0.095650772 | BD8: 0.08813946 | BF8: Tm:YAG | BG8: CMI_Trend_46 | BH8: CMI_Trend_46 | BI8: CMI_Trend_20 | BJ8: CMI_Trend_38 | BK8: CMI_Trend_20 | BL8: CMI_Trend_20 | BM8: CMI_Trend_25 | BN8: CMI_Trend_46 | BO8: CMI_Trend_20 | BP8: CMI_Trend_60 | BQ8: CMI_Trend_56 | BR8: CMI_Trend_46 | BS8: CMI_Trend_20 | BT8: CMI_Trend_25 | BU8: CMI_Trend_20 | BV8: CMI_Trend_46 | BW8: CMI_Trend_56 | BX8: CMI_Trend_46 | BY8: CMI_Trend_25 | BZ8: CMI_Trend_25 | CA8: CMI_Trend_52 | CB8: CMI_Trend_20 | CC8: CMI_Trend_56 | CD8: CMI_Trend_56 | CE8: CMI_Trend_38 | CF8: CMI_Trend_56
B9: Er:YAG | C9: 0.0985 | D9: 0.1058 | E9: 0.1083 | F9: 0.0963 | G9: 0.1152 | H9: 0.1148 | I9: 0.0956 | J9: 0.1154 | K9: 0.1074 | L9: 0.0997 | M9: 0.1106 | N9: 0.1165 | O9: 0.0991 | P9: 0.1077 | Q9: 0.1012 | R9: 0.0973 | S9: 0.1164 | T9: 0.1088 | U9: 0.1135 | V9: 0.1017 | W9: 0.1154 | X9: 0.1113 | Y9: 0.1071 | Z9: 0.0996 | AA9: 0.1111 | AB9: 0.1136 | AD9: Er:YAG | AE9: 0.10627495 | AF9: 0.092491471 | AG9: 0.10988209 | AH9: 0.095164994 | AI9: 0.082419189 | AJ9: 0.10294987 | AK9: 0.074943382 | AL9: 0.066774054 | AM9: 0.088065987 | AN9: 0.13654216 | AO9: 0.14406451 | AP9: 0.10194358 | AQ9: 0.11883105 | AR9: 0.1263964 | AS9: 0.094289676 | AT9: 0.10903685 | AU9: 0.084604587 | AV9: 0.068995357 | AW9: 0.093074535 | AX9: 0.077652808 | AY9: 0.11157872 | AZ9: 0.11895929 | BA9: 0.1000746 | BB9: 0.087718209 | BC9: 0.080329865 | BD9: 0.072818553 | BF9: Er:YAG | BG9: CMI_Trend_46 | BH9: CMI_Trend_20 | BI9: CMI_Trend_38 | BJ9: CMI_Trend_52 | BK9: CMI_Trend_46 | BL9: CMI_Trend_20 | BM9: CMI_Trend_52 | BN9: CMI_Trend_38 | BO9: CMI_Trend_56 | BP9: CMI_Trend_56 | BQ9: CMI_Trend_60 | BR9: CMI_Trend_60 | BS9: CMI_Trend_52 | BT9: CMI_Trend_25 | BU9: CMI_Trend_38 | BV9: CMI_Trend_52 | BW9: CMI_Trend_46 | BX9: CMI_Trend_38 | BY9: CMI_Trend_60 | BZ9: CMI_Trend_56 | CA9: CMI_Trend_56 | CB9: CMI_Trend_52 | CC9: CMI_Trend_25 | CD9: CMI_Trend_56 | CE9: CMI_Trend_25 | CF9: CMI_Trend_25
B10: Others (Ce:YAG, Ho:YAG, etc.) | C10: =1-SUM(C6:C9) -> 0.1924 | D10: =1-SUM(D6:D9) -> 0.1549 | E10: =1-SUM(E6:E9) -> 0.1752 | F10: =1-SUM(F6:F9) -> 0.1991 | G10: =1-SUM(G6:G9) -> 0.16 | H10: =1-SUM(H6:H9) -> 0.1814 | I10: =1-SUM(I6:I9) -> 0.1624 | J10: =1-SUM(J6:J9) -> 0.1754 | ... AB10: =1-SUM(AB6:AB9) -> 0.1564 | AD10: Others (Ce:YAG, Ho:YAG, etc.) | AE10: 0.11330446 | AF10: 0.099520978 | AG10: 0.1169116 | AH10: 0.1021945 | AI10: 0.089448696 | AJ10: 0.10997938 | AK10: 0.081972889 | AL10: 0.073803561 | AM10: 0.095095494 | AN10: 0.14357167 | AO10: 0.15109402 | AP10: 0.10897309 | AQ10: 0.12586056 | AR10: 0.13342591 | AS10: 0.10131918 | AT10: 0.11606636 | AU10: 0.091634094 | AV10: 0.076024863 | AW10: 0.10010404 | AX10: 0.084682315 | AY10: 0.11860823 | AZ10: 0.12598879 | BA10: 0.10710411 | BB10: 0.094747716 | BC10: 0.087359372 | BD10: 0.07984806 | BF10: Others (Ce:YAG, Ho:YAG, etc.) | BG10: CMI_Trend_56 | BH10: CMI_Trend_52 | BI10: CMI_Trend_25 | BJ10: CMI_Trend_52 | BK10: CMI_Trend_46 | BL10: CMI_Trend_38 | BM10: CMI_Trend_25 | BN10: CMI_Trend_20 | BO10: CMI_Trend_38 | BP10: CMI_Trend_56 | BQ10: CMI_Trend_46 | BR10: CMI_Trend_38 | BS10: CMI_Trend_60 | BT10: CMI_Trend_52 | BU10: CMI_Trend_25 | BV10: CMI_Trend_60 | BW10: CMI_Trend_20 | BX10: CMI_Trend_46 | BY10: CMI_Trend_20 | BZ10: CMI_Trend_56 | CA10: CMI_Trend_46 | CB10: CMI_Trend_20 | CC10: CMI_Trend_20 | CD10: CMI_Trend_20 | CE10: CMI_Trend_60 | CF10: CMI_Trend_52
B11: Fiber Lasers | C11: 0.3599 | D11: 0.3653 | E11: 0.3646 | F11: 0.3534 | G11: 0.3472 | H11: 0.3492 | I11: 0.3389 | J11: 0.3503 | K11: 0.345 | L11: 0.3546 | M11: 0.3655 | N11: 0.3314 | O11: 0.3456 | P11: 0.3352 | Q11: 0.3652 | R11: 0.3636 | S11: 0.3346 | T11: 0.3423 | U11: 0.3352 | V11: 0.345 | W11: 0.3476 | X11: 0.358 | Y11: 0.3397 | Z11: 0.3374 | AA11: 0.3448 | AB11: 0.3566 | AD11: Fiber Lasers | AE11: =SUMPRODUCT(AE12:AE15,C12:C15) -> 0.1380884 | AF11: =SUMPRODUCT(AF12:AF15,D12:D15) -> 0.12341442 | AG11: =SUMPRODUCT(AG12:AG15,E12:E15) -> 0.14103614 | AH11: =SUMPRODUCT(AH12:AH15,F12:F15) -> 0.12719744 | AI11: =SUMPRODUCT(AI12:AI15,G12:G15) -> 0.11373754 | AJ11: =SUMPRODUCT(AJ12:AJ15,H12:H15) -> 0.13366572 | AK11: =SUMPRODUCT(AK12:AK15,I12:I15) -> 0.10619553 | AL11: =SUMPRODUCT(AL12:AL15,J12:J15) -> 0.098591304 | ... BD11: =SUMPRODUCT(BD12:BD15,AB12:AB15) -> 0.1038188 | BF11: Fiber Lasers | BG11: CMI_Trend_46 | BH11: CMI_Trend_20 | BI11: CMI_Trend_25 | BJ11: CMI_Trend_46 | BK11: CMI_Trend_60 | BL11: CMI_Trend_38 | BM11: CMI_Trend_60 | BN11: CMI_Trend_38 | BO11: CMI_Trend_20 | BP11: CMI_Trend_60 | BQ11: CMI_Trend_20 | BR11: CMI_Trend_20 | BS11: CMI_Trend_56 | BT11: CMI_Trend_60 | BU11: CMI_Trend_25 | BV11: CMI_Trend_52 | BW11: CMI_Trend_56 | BX11: CMI_Trend_25 | BY11: CMI_Trend_38 | BZ11: CMI_Trend_52 | CA11: CMI_Trend_56 | CB11: CMI_Trend_38 | CC11: CMI_Trend_52 | CD11: CMI_Trend_46 | CE11: CMI_Trend_46 | CF11: CMI_Trend_56
B12: Continuous Wave Fiber Lasers | C12: 0.4769 | D12: 0.4691 | E12: 0.4918 | F12: 0.4713 | G12: 0.4686 | H12: 0.4775 | I12: 0.4844 | J12: 0.4652 | K12: 0.4852 | L12: 0.4672 | M12: 0.487 | N12: 0.4962 | O12: 0.4899 | P12: 0.4692 | Q12: 0.4786 | R12: 0.4905 | S12: 0.4723 | T12: 0.4715 | U12: 0.4691 | V12: 0.4976 | W12: 0.4905 | X12: 0.4672 | Y12: 0.4798 | Z12: 0.4866 | AA12: 0.4895 | AB12: 0.4745 | AD12: Continuous Wave Fiber Lasers | AE12: 0.1248808 | AF12: 0.11109732 | AG12: 0.12848794 | AH12: 0.11377084 | AI12: 0.10102504 | AJ12: 0.12155572 | AK12: 0.093549232 | AL12: 0.085379904 | AM12: 0.10667184 | AN12: 0.15514801 | AO12: 0.16267036 | AP12: 0.12054943 | AQ12: 0.1374369 | AR12: 0.14500225 | AS12: 0.11289553 | AT12: 0.1276427 | AU12: 0.10321044 | AV12: 0.087601207 | AW12: 0.11168039 | AX12: 0.096258658 | AY12: 0.13018457 | AZ12: 0.13756514 | BA12: 0.11868045 | BB12: 0.10632406 | BC12: 0.098935715 | BD12: 0.091424403 | BF12: Continuous Wave Fiber Lasers | BG12: CMI_Trend_46 | BH12: CMI_Trend_25 | BI12: CMI_Trend_25 | BJ12: CMI_Trend_60 | BK12: CMI_Trend_38 | BL12: CMI_Trend_38 | BM12: CMI_Trend_25 | BN12: CMI_Trend_46 | BO12: CMI_Trend_25 | BP12: CMI_Trend_25 | BQ12: CMI_Trend_20 | BR12: CMI_Trend_20 | BS12: CMI_Trend_25 | BT12: CMI_Trend_46 | BU12: CMI_Trend_46 | BV12: CMI_Trend_52 | BW12: CMI_Trend_46 | BX12: CMI_Trend_46 | BY12: CMI_Trend_60 | BZ12: CMI_Trend_20 | CA12: CMI_Trend_56 | CB12: CMI_Trend_38 | CC12: CMI_Trend_25 | CD12: CMI_Trend_25 | CE12: CMI_Trend_46 | CF12: CMI_Trend_46
B13: Pulsed Fiber Lasers | C13: 0.2331 | D13: 0.2592 | E13: 0.2354 | F13: 0.2289 | G13: 0.2481 | H13: 0.2357 | I13: 0.238 | J13: 0.2441 | K13: 0.2484 | L13: 0.2345 | M13: 0.2492 | N13: 0.2507 | O13: 0.2479 | P13: 0.2486 | Q13: 0.2476 | R13: 0.2264 | S13: 0.2342 | T13: 0.2446 | U13: 0.2436 | V13: 0.2255 | W13: 0.2381 | X13: 0.2543 | Y13: 0.2334 | Z13: 0.2441 | AA13: 0.2403 | AB13: 0.2261 | AD13: Pulsed Fiber Lasers | AE13: 0.1428808 | AF13: 0.12909732 | AG13: 0.14648794 | AH13: 0.13177084 | AI13: 0.11902504 | AJ13: 0.13955572 | AK13: 0.11154923 | AL13: 0.1033799 | AM13: 0.12467184 | AN13: 0.17314801 | AO13: 0.18067036 | AP13: 0.13854943 | AQ13: 0.1554369 | AR13: 0.16300225 | AS13: 0.13089553 | AT13: 0.1456427 | AU13: 0.12121044 | AV13: 0.10560121 | AW13: 0.12968039 | AX13: 0.11425866 | AY13: 0.14818457 | AZ13: 0.15556514 | BA13: 0.13668045 | BB13: 0.12432406 | BC13: 0.11693572 | BD13: 0.1094244 | BF13: Pulsed Fiber Lasers | BG13: CMI_Trend_56 | BH13: CMI_Trend_46 | BI13: CMI_Trend_38 | BJ13: CMI_Trend_56 | BK13: CMI_Trend_46 | BL13: CMI_Trend_20 | BM13: CMI_Trend_25 | BN13: CMI_Trend_60 | BO13: CMI_Trend_56 | BP13: CMI_Trend_25 | BQ13: CMI_Trend_52 | BR13: CMI_Trend_52 | BS13: CMI_Trend_38 | BT13: CMI_Trend_20 | BU13: CMI_Trend_25 | BV13: CMI_Trend_60 | BW13: CMI_Trend_20 | BX13: CMI_Trend_56 | BY13: CMI_Trend_56 | BZ13: CMI_Trend_20 | CA13: CMI_Trend_56 | CB13: CMI_Trend_52 | CC13: CMI_Trend_56 | CD13: CMI_Trend_60 | CE13: CMI_Trend_56 | CF13: CMI_Trend_56
B14: Raman Fiber Lasers | C14: 0.0662 | D14: 0.075 | E14: 0.065 | F14: 0.0686 | G14: 0.0738 | H14: 0.0826 | I14: 0.0677 | J14: 0.0699 | K14: 0.0791 | L14: 0.0833 | M14: 0.0791 | N14: 0.0658 | O14: 0.0752 | P14: 0.0838 | Q14: 0.0715 | R14: 0.0747 | S14: 0.0657 | T14: 0.0665 | U14: 0.0848 | V14: 0.0684 | W14: 0.0775 | X14: 0.0837 | Y14: 0.0785 | Z14: 0.074 | AA14: 0.0676 | AB14: 0.0844 | AD14: Raman Fiber Lasers | AE14: 0.1088808 | AF14: 0.095097321 | AG14: 0.11248794 | AH14: 0.097770844 | AI14: 0.085025039 | AJ14: 0.10555572 | AK14: 0.077549232 | AL14: 0.069379904 | AM14: 0.090671837 | AN14: 0.13914801 | AO14: 0.14667036 | AP14: 0.10454943 | AQ14: 0.1214369 | AR14: 0.12900225 | AS14: 0.096895526 | AT14: 0.1116427 | AU14: 0.087210437 | AV14: 0.071601207 | AW14: 0.095680385 | AX14: 0.080258658 | AY14: 0.11418457 | AZ14: 0.12156514 | BA14: 0.10268045 | BB14: 0.090324059 | BC14: 0.082935715 | BD14: 0.075424403 | BF14: Raman Fiber Lasers | BG14: CMI_Trend_25 | BH14: CMI_Trend_52 | BI14: CMI_Trend_38 | BJ14: CMI_Trend_20 | BK14: CMI_Trend_25 | BL14: CMI_Trend_60 | BM14: CMI_Trend_46 | BN14: CMI_Trend_38 | BO14: CMI_Trend_46 | BP14: CMI_Trend_56 | BQ14: CMI_Trend_56 | BR14: CMI_Trend_38 | BS14: CMI_Trend_60 | BT14: CMI_Trend_56 | BU14: CMI_Trend_56 | BV14: CMI_Trend_20 | BW14: CMI_Trend_25 | BX14: CMI_Trend_20 | BY14: CMI_Trend_25 | BZ14: CMI_Trend_52 | CA14: CMI_Trend_56 | CB14: CMI_Trend_56 | CC14: CMI_Trend_56 | CD14: CMI_Trend_25 | CE14: CMI_Trend_60 | CF14: CMI_Trend_25
B15: SBC Fiber Arrays | C15: =1-SUM(C12:C14) -> 0.2238 | D15: =1-SUM(D12:D14) -> 0.1967 | E15: =1-SUM(E12:E14) -> 0.2078 | F15: =1-SUM(F12:F14) -> 0.2312 | G15: =1-SUM(G12:G14) -> 0.2095 | H15: =1-SUM(H12:H14) -> 0.2042 | I15: =1-SUM(I12:I14) -> 0.2099 | J15: =1-SUM(J12:J14) -> 0.2208 | ... AB15: =1-SUM(AB12:AB14) -> 0.215 | AD15: SBC Fiber Arrays | AE15: 0.1698808 | AF15: 0.15609732 | AG15: 0.17348794 | AH15: 0.15877084 | AI15: 0.14602504 | AJ15: 0.16655572 | AK15: 0.13854923 | AL15: 0.1303799 | AM15: 0.15167184 | AN15: 0.20014801 | AO15: 0.20767036 | AP15: 0.16554943 | AQ15: 0.1824369 | AR15: 0.19000225 | AS15: 0.15789553 | AT15: 0.1726427 | AU15: 0.14821044 | AV15: 0.13260121 | AW15: 0.15668039 | AX15: 0.14125866 | AY15: 0.17518457 | AZ15: 0.18256514 | BA15: 0.16368045 | BB15: 0.15132406 | BC15: 0.14393572 | BD15: 0.1364244 | BF15: SBC Fiber Arrays | BG15: CMI_Trend_56 | BH15: CMI_Trend_38 | BI15: CMI_Trend_56 | BJ15: CMI_Trend_56 | BK15: CMI_Trend_38 | BL15: CMI_Trend_25 | BM15: CMI_Trend_25 | BN15: CMI_Trend_25 | BO15: CMI_Trend_52 | BP15: CMI_Trend_25 | BQ15: CMI_Trend_52 | BR15: CMI_Trend_56 | BS15: CMI_Trend_60 | BT15: CMI_Trend_56 | BU15: CMI_Trend_60 | BV15: CMI_Trend_25 | BW15: CMI_Trend_56 | BX15: CMI_Trend_56 | BY15: CMI_Trend_25 | BZ15: CMI_Trend_25 | CA15: CMI_Trend_20 | CB15: CMI_Trend_60 | CC15: CMI_Trend_52 | CD15: CMI_Trend_56 | CE15: CMI_Trend_52 | CF15: CMI_Trend_20
B16: Gas Lasers | C16: 0.0797 | D16: 0.0906 | E16: 0.0877 | F16: 0.0915 | G16: 0.0704 | H16: 0.0728 | I16: 0.0905 | J16: 0.0711 | K16: 0.0752 | L16: 0.0815 | M16: 0.0774 | N16: 0.0724 | O16: 0.0884 | P16: 0.0709 | Q16: 0.0784 | R16: 0.0712 | S16: 0.0827 | T16: 0.0756 | U16: 0.0738 | V16: 0.0888 | W16: 0.0865 | X16: 0.0781 | Y16: 0.0723 | Z16: 0.084 | AA16: 0.0899 | AB16: 0.0832 | AD16: Gas Lasers | AE16: =SUMPRODUCT(AE17:AE19,C17:C19) -> 0.0760884 | AF16: =SUMPRODUCT(AF17:AF19,D17:D19) -> 0.063576921 | AG16: =SUMPRODUCT(AG17:AG19,E17:E19) -> 0.080316445 | AH16: =SUMPRODUCT(AH17:AH19,F17:F19) -> 0.066299844 | AI16: =SUMPRODUCT(AI17:AI19,G17:G19) -> 0.053537539 | AJ16: =SUMPRODUCT(AJ17:AJ19,H17:H19) -> 0.073312823 | AK16: =SUMPRODUCT(AK17:AK19,I17:I19) -> 0.045679632 | AL16: =SUMPRODUCT(AL17:AL19,J17:J19) -> 0.036735004 | ... BD16: =SUMPRODUCT(BD17:BD19,AB17:AB19) -> 0.042589603 | BF16: Gas Lasers | BG16: CMI_Trend_60 | BH16: CMI_Trend_46 | BI16: CMI_Trend_25 | BJ16: CMI_Trend_25 | BK16: CMI_Trend_38 | BL16: CMI_Trend_25 | BM16: CMI_Trend_56 | BN16: CMI_Trend_52 | BO16: CMI_Trend_38 | BP16: CMI_Trend_60 | BQ16: CMI_Trend_46 | BR16: CMI_Trend_52 | BS16: CMI_Trend_52 | BT16: CMI_Trend_60 | BU16: CMI_Trend_52 | BV16: CMI_Trend_38 | BW16: CMI_Trend_56 | BX16: CMI_Trend_38 | BY16: CMI_Trend_52 | BZ16: CMI_Trend_46 | CA16: CMI_Trend_60 | CB16: CMI_Trend_38 | CC16: CMI_Trend_60 | CD16: CMI_Trend_25 | CE16: CMI_Trend_60 | CF16: CMI_Trend_20
B17: Chemical High-Energy Lasers | C17: 0.4482 | D17: 0.4653 | E17: 0.4697 | F17: 0.4601 | G17: 0.4715 | H17: 0.4589 | I17: 0.4464 | J17: 0.4445 | K17: 0.4511 | L17: 0.4513 | M17: 0.4385 | N17: 0.4646 | O17: 0.4464 | P17: 0.4483 | Q17: 0.4687 | R17: 0.445 | S17: 0.4413 | T17: 0.445 | U17: 0.465 | V17: 0.4645 | W17: 0.45 | X17: 0.4582 | Y17: 0.4533 | Z17: 0.4462 | AA17: 0.4387 | AB17: 0.4436 | AD17: Chemical High-Energy Lasers | AE17: 0.075526 | AF17: 0.061742521 | AG17: 0.079133145 | AH17: 0.064416044 | AI17: 0.051670239 | AJ17: 0.072200923 | AK17: 0.044194432 | AL17: 0.036025104 | AM17: 0.057317037 | AN17: 0.10579321 | AO17: 0.11331556 | AP17: 0.071194635 | AQ17: 0.088082101 | AR17: 0.095647454 | AS17: 0.063540726 | AT17: 0.078287904 | AU17: 0.053855637 | AV17: 0.038246407 | AW17: 0.062325585 | AX17: 0.046903858 | AY17: 0.08082977 | AZ17: 0.088210336 | BA17: 0.069325653 | BB17: 0.056969259 | BC17: 0.049580915 | BD17: 0.042069603 | BF17: Chemical High-Energy Lasers | BG17: CMI_Trend_25 | BH17: CMI_Trend_60 | BI17: CMI_Trend_60 | BJ17: CMI_Trend_38 | BK17: CMI_Trend_46 | BL17: CMI_Trend_46 | BM17: CMI_Trend_56 | BN17: CMI_Trend_25 | BO17: CMI_Trend_25 | BP17: CMI_Trend_46 | BQ17: CMI_Trend_46 | BR17: CMI_Trend_56 | BS17: CMI_Trend_38 | BT17: CMI_Trend_52 | BU17: CMI_Trend_46 | BV17: CMI_Trend_20 | BW17: CMI_Trend_25 | BX17: CMI_Trend_60 | BY17: CMI_Trend_52 | BZ17: CMI_Trend_52 | CA17: CMI_Trend_56 | CB17: CMI_Trend_38 | CC17: CMI_Trend_20 | CD17: CMI_Trend_56 | CE17: CMI_Trend_52 | CF17: CMI_Trend_20
B18: Excimer Lasers | C18: 0.2408 | D18: 0.2664 | E18: 0.2479 | F18: 0.2698 | G18: 0.2647 | H18: 0.2505 | I18: 0.2652 | J18: 0.2461 | K18: 0.2467 | L18: 0.2507 | M18: 0.249 | N18: 0.2749 | O18: 0.2418 | P18: 0.2482 | Q18: 0.249 | R18: 0.2548 | S18: 0.268 | T18: 0.2642 | U18: 0.2631 | V18: 0.2653 | W18: 0.2658 | X18: 0.2645 | Y18: 0.2572 | Z18: 0.2732 | AA18: 0.2582 | AB18: 0.2416 | AD18: Excimer Lasers | AE18: 0.098526 | AF18: 0.084742521 | AG18: 0.10213314 | AH18: 0.087416044 | AI18: 0.074670239 | AJ18: 0.095200923 | AK18: 0.067194432 | AL18: 0.059025104 | AM18: 0.080317037 | AN18: 0.12879321 | AO18: 0.13631556 | AP18: 0.094194635 | AQ18: 0.1110821 | AR18: 0.11864745 | AS18: 0.086540726 | AT18: 0.1012879 | AU18: 0.076855637 | AV18: 0.061246407 | AW18: 0.085325585 | AX18: 0.069903858 | AY18: 0.10382977 | AZ18: 0.11121034 | BA18: 0.092325653 | BB18: 0.079969259 | BC18: 0.072580915 | BD18: 0.065069603 | BF18: Excimer Lasers | BG18: CMI_Trend_46 | BH18: CMI_Trend_46 | BI18: CMI_Trend_52 | BJ18: CMI_Trend_52 | BK18: CMI_Trend_25 | BL18: CMI_Trend_20 | BM18: CMI_Trend_20 | BN18: CMI_Trend_52 | BO18: CMI_Trend_52 | BP18: CMI_Trend_56 | BQ18: CMI_Trend_38 | BR18: CMI_Trend_46 | BS18: CMI_Trend_60 | BT18: CMI_Trend_52 | BU18: CMI_Trend_52 | BV18: CMI_Trend_60 | BW18: CMI_Trend_60 | BX18: CMI_Trend_25 | BY18: CMI_Trend_20 | BZ18: CMI_Trend_52 | CA18: CMI_Trend_52 | CB18: CMI_Trend_60 | CC18: CMI_Trend_20 | CD18: CMI_Trend_25 | CE18: CMI_Trend_60 | CF18: CMI_Trend_56
B19: Industrial Gas Lasers (CO₂ etc.) | C19: =1-SUM(C17:C18) -> 0.311 | D19: =1-SUM(D17:D18) -> 0.2683 | E19: =1-SUM(E17:E18) -> 0.2824 | F19: =1-SUM(F17:F18) -> 0.2701 | G19: =1-SUM(G17:G18) -> 0.2638 | H19: =1-SUM(H17:H18) -> 0.2906 | I19: =1-SUM(I17:I18) -> 0.2884 | J19: =1-SUM(J17:J18) -> 0.3094 | ... AB19: =1-SUM(AB17:AB18) -> 0.3148 | AD19: Industrial Gas Lasers (CO₂ etc.) | AE19: 0.059526 | AF19: 0.045742521 | AG19: 0.063133145 | AH19: 0.048416044 | AI19: 0.035670239 | AJ19: 0.056200923 | AK19: 0.028194432 | AL19: 0.020025104 | AM19: 0.041317037 | AN19: 0.089793212 | AO19: 0.097315564 | AP19: 0.055194635 | AQ19: 0.072082101 | AR19: 0.079647454 | AS19: 0.047540726 | AT19: 0.062287904 | AU19: 0.037855637 | AV19: 0.022246407 | AW19: 0.046325585 | AX19: 0.030903858 | AY19: 0.06482977 | AZ19: 0.072210336 | BA19: 0.053325653 | BB19: 0.040969259 | BC19: 0.033580915 | BD19: 0.026069603 | BF19: Industrial Gas Lasers (CO₂ etc.) | BG19: CMI_Trend_25 | BH19: CMI_Trend_38 | BI19: CMI_Trend_56 | BJ19: CMI_Trend_60 | BK19: CMI_Trend_56 | BL19: CMI_Trend_25 | BM19: CMI_Trend_56 | BN19: CMI_Trend_25 | BO19: CMI_Trend_56 | BP19: CMI_Trend_20 | BQ19: CMI_Trend_60 | BR19: CMI_Trend_60 | BS19: CMI_Trend_38 | BT19: CMI_Trend_52 | BU19: CMI_Trend_20 | BV19: CMI_Trend_20 | BW19: CMI_Trend_60 | BX19: CMI_Trend_52 | BY19: CMI_Trend_38 | BZ19: CMI_Trend_60 | CA19: CMI_Trend_60 | CB19: CMI_Trend_56 | CC19: CMI_Trend_20 | CD19: CMI_Trend_52 | CE19: CMI_Trend_52 | CF19: CMI_Trend_46
B20: Semiconductor Lasers | C20: 0.1733 | D20: 0.1899 | E20: 0.1953 | F20: 0.1748 | G20: 0.1668 | H20: 0.18 | I20: 0.1734 | J20: 0.1686 | K20: 0.1974 | L20: 0.1947 | M20: 0.1708 | N20: 0.1923 | O20: 0.1836 | P20: 0.1787 | Q20: 0.1885 | R20: 0.1839 | S20: 0.1884 | T20: 0.164 | U20: 0.1679 | V20: 0.1961 | W20: 0.1771 | X20: 0.1827 | Y20: 0.1791 | Z20: 0.1748 | AA20: 0.1965 | AB20: 0.1721 | AD20: Semiconductor Lasers | AE20: 0.1300884 | AF20: 0.11630492 | AG20: 0.13369554 | AH20: 0.11897844 | AI20: 0.10623264 | AJ20: 0.12676332 | AK20: 0.098756832 | AL20: 0.090587504 | AM20: 0.11187944 | AN20: 0.16035561 | AO20: 0.16787796 | AP20: 0.12575703 | AQ20: 0.1426445 | AR20: 0.15020985 | AS20: 0.11810313 | AT20: 0.1328503 | AU20: 0.10841804 | AV20: 0.092808807 | AW20: 0.11688799 | AX20: 0.10146626 | AY20: 0.13539217 | AZ20: 0.14277274 | BA20: 0.12388805 | BB20: 0.11153166 | BC20: 0.10414332 | BD20: 0.096632003 | BF20: Semiconductor Lasers | BG20: CMI_Trend_52 | BH20: CMI_Trend_25 | BI20: CMI_Trend_52 | BJ20: CMI_Trend_60 | BK20: CMI_Trend_52 | BL20: CMI_Trend_25 | BM20: CMI_Trend_25 | BN20: CMI_Trend_56 | BO20: CMI_Trend_60 | BP20: CMI_Trend_52 | BQ20: CMI_Trend_46 | BR20: CMI_Trend_56 | BS20: CMI_Trend_25 | BT20: CMI_Trend_46 | BU20: CMI_Trend_52 | BV20: CMI_Trend_25 | BW20: CMI_Trend_46 | BX20: CMI_Trend_56 | BY20: CMI_Trend_25 | BZ20: CMI_Trend_46 | CA20: CMI_Trend_25 | CB20: CMI_Trend_25 | CC20: CMI_Trend_46 | CD20: CMI_Trend_25 | CE20: CMI_Trend_52 | CF20: CMI_Trend_25
B21: Other Laser Types | C21: 0.12 | D21: 0.1298 | E21: 0.1447 | F21: 0.1445 | G21: 0.1207 | H21: 0.132 | I21: 0.1314 | J21: 0.1506 | K21: 0.1272 | L21: 0.12 | M21: 0.1327 | N21: 0.1192 | O21: 0.1501 | P21: 0.1516 | Q21: 0.1239 | R21: 0.138 | S21: 0.1498 | T21: 0.1332 | U21: 0.1433 | V21: 0.1281 | W21: 0.1351 | X21: 0.1349 | Y21: 0.1191 | Z21: 0.1257 | AA21: 0.1261 | AB21: 0.1378 | AD21: Other Laser Types | AE21: 0.1040884 | AF21: 0.090304921 | AG21: 0.10769554 | AH21: 0.092978444 | AI21: 0.080232639 | AJ21: 0.10076332 | AK21: 0.072756832 | AL21: 0.064587504 | AM21: 0.085879437 | AN21: 0.13435561 | AO21: 0.14187796 | AP21: 0.099757035 | AQ21: 0.1166445 | AR21: 0.12420985 | AS21: 0.092103126 | AT21: 0.1068503 | AU21: 0.082418037 | AV21: 0.066808807 | AW21: 0.090887985 | AX21: 0.075466258 | AY21: 0.10939217 | AZ21: 0.11677274 | BA21: 0.097888053 | BB21: 0.085531659 | BC21: 0.078143315 | BD21: 0.070632003 | BF21: Other Laser Types | BG21: CMI_Trend_52 | BH21: CMI_Trend_60 | BI21: CMI_Trend_20 | BJ21: CMI_Trend_38 | BK21: CMI_Trend_52 | BL21: CMI_Trend_20 | BM21: CMI_Trend_60 | BN21: CMI_Trend_46 | BO21: CMI_Trend_20 | BP21: CMI_Trend_46 | BQ21: CMI_Trend_20 | BR21: CMI_Trend_52 | BS21: CMI_Trend_56 | BT21: CMI_Trend_20 | BU21: CMI_Trend_38 | BV21: CMI_Trend_52 | BW21: CMI_Trend_56 | BX21: CMI_Trend_52 | BY21: CMI_Trend_25 | BZ21: CMI_Trend_60 | CA21: CMI_Trend_38 | CB21: CMI_Trend_46 | CC21: CMI_Trend_52 | CD21: CMI_Trend_56 | CE21: CMI_Trend_52 | CF21: CMI_Trend_52
B23: By Beam Architecture | AD23: By Beam Architecture | BF23: By Beam Architecture
B24: Rod Geometry | C24: 0.1303 | D24: 0.1301 | E24: 0.1243 | F24: 0.1254 | G24: 0.131 | H24: 0.1376 | I24: 0.1431 | J24: 0.1267 | K24: 0.1496 | L24: 0.1183 | M24: 0.1193 | N24: 0.1467 | O24: 0.1348 | P24: 0.1197 | Q24: 0.1357 | R24: 0.1402 | S24: 0.1367 | T24: 0.1276 | U24: 0.1284 | V24: 0.1194 | W24: 0.1201 | X24: 0.1334 | Y24: 0.1488 | Z24: 0.1292 | AA24: 0.1211 | AB24: 0.1283 | AD24: Rod Geometry | AE24: 0.099562098 | AF24: 0.08561162 | AG24: 0.1020273 | AH24: 0.087901828 | AI24: 0.075873814 | AJ24: 0.095298897 | AK24: 0.067009617 | AL24: 0.059207528 | AM24: 0.081803899 | AN24: 0.12866686 | AO24: 0.13711834 | AP24: 0.095560298 | AQ24: 0.11142174 | AR24: 0.11818687 | AS24: 0.087184476 | AT24: 0.10324547 | AU24: 0.077689944 | AV24: 0.062483753 | AW24: 0.085295196 | AX24: 0.069247021 | AY24: 0.10296724 | AZ24: 0.11195334 | BA24: 0.093394552 | BB24: 0.079198256 | BC24: 0.071764544 | BD24: 0.066152656 | BF24: Rod Geometry | BG24: CMI_Trend_20 | BH24: CMI_Trend_52 | BI24: CMI_Trend_46 | BJ24: CMI_Trend_56 | BK24: CMI_Trend_38 | BL24: CMI_Trend_56 | BM24: CMI_Trend_25 | BN24: CMI_Trend_38 | BO24: CMI_Trend_46 | BP24: CMI_Trend_25 | BQ24: CMI_Trend_60 | BR24: CMI_Trend_56 | BS24: CMI_Trend_60 | BT24: CMI_Trend_20 | BU24: CMI_Trend_46 | BV24: CMI_Trend_20 | BW24: CMI_Trend_25 | BX24: CMI_Trend_25 | BY24: CMI_Trend_38 | BZ24: CMI_Trend_25 | CA24: CMI_Trend_52 | CB24: CMI_Trend_38 | CC24: CMI_Trend_46 | CD24: CMI_Trend_60 | CE24: CMI_Trend_56 | CF24: CMI_Trend_38
B25: Disk / Thin-Disk | C25: 0.1683 | D25: 0.1512 | E25: 0.1636 | F25: 0.1747 | G25: 0.1799 | H25: 0.1507 | I25: 0.1551 | J25: 0.1684 | K25: 0.1695 | L25: 0.1847 | M25: 0.1761 | N25: 0.175 | O25: 0.1821 | P25: 0.1783 | Q25: 0.1652 | R25: 0.1687 | S25: 0.1743 | T25: 0.1736 | U25: 0.1619 | V25: 0.1588 | W25: 0.1595 | X25: 0.156 | Y25: 0.1517 | Z25: 0.1589 | AA25: 0.1658 | AB25: 0.1851 | AD25: Disk / Thin-Disk | AE25: 0.12004879 | AF25: 0.10609831 | AG25: 0.12251399 | AH25: 0.10838852 | AI25: 0.096360501 | AJ25: 0.11578558 | AK25: 0.087496304 | AL25: 0.079694216 | AM25: 0.10229059 | AN25: 0.14915355 | AO25: 0.15760503 | AP25: 0.11604699 | AQ25: 0.13190843 | AR25: 0.13867356 | AS25: 0.10767116 | AT25: 0.12373216 | AU25: 0.098176631 | AV25: 0.082970441 | AW25: 0.10578188 | AX25: 0.089733709 | AY25: 0.12345393 | AZ25: 0.13244003 | BA25: 0.11388124 | BB25: 0.099684944 | BC25: 0.092251231 | BD25: 0.086639343 | BF25: Disk / Thin-Disk | BG25: CMI_Trend_56 | BH25: CMI_Trend_60 | BI25: CMI_Trend_60 | BJ25: CMI_Trend_56 | BK25: CMI_Trend_25 | BL25: CMI_Trend_56 | BM25: CMI_Trend_56 | BN25: CMI_Trend_20 | BO25: CMI_Trend_46 | BP25: CMI_Trend_38 | BQ25: CMI_Trend_56 | BR25: CMI_Trend_52 | BS25: CMI_Trend_20 | BT25: CMI_Trend_25 | BU25: CMI_Trend_46 | BV25: CMI_Trend_46 | BW25: CMI_Trend_56 | BX25: CMI_Trend_52 | BY25: CMI_Trend_56 | BZ25: CMI_Trend_25 | CA25: CMI_Trend_25 | CB25: CMI_Trend_56 | CC25: CMI_Trend_25 | CD25: CMI_Trend_52 | CE25: CMI_Trend_46 | CF25: CMI_Trend_56
B26: Slab | C26: 0.0788 | D26: 0.0882 | E26: 0.0742 | F26: 0.0819 | G26: 0.0903 | H26: 0.0817 | I26: 0.077 | J26: 0.0731 | K26: 0.0825 | L26: 0.0736 | M26: 0.09 | N26: 0.0754 | O26: 0.0902 | P26: 0.0782 | Q26: 0.0715 | R26: 0.0801 | S26: 0.0851 | T26: 0.0892 | U26: 0.0824 | V26: 0.0756 | W26: 0.0818 | X26: 0.0849 | Y26: 0.0897 | Z26: 0.0815 | AA26: 0.0743 | AB26: 0.0905 | AD26: Slab | AE26: 0.088358783 | AF26: 0.074408305 | AG26: 0.090823984 | AH26: 0.076698512 | AI26: 0.064670498 | AJ26: 0.084095581 | AK26: 0.055806301 | AL26: 0.048004213 | AM26: 0.070600584 | AN26: 0.11746355 | AO26: 0.12591503 | AP26: 0.084356982 | AQ26: 0.10021842 | AR26: 0.10698355 | AS26: 0.07598116 | AT26: 0.092042158 | AU26: 0.066486628 | AV26: 0.051280438 | AW26: 0.074091881 | AX26: 0.058043706 | AY26: 0.091763929 | AZ26: 0.10075002 | BA26: 0.082191237 | BB26: 0.067994941 | BC26: 0.060561228 | BD26: 0.05494934 | BF26: Slab | BG26: CMI_Trend_25 | BH26: CMI_Trend_20 | BI26: CMI_Trend_25 | BJ26: CMI_Trend_25 | BK26: CMI_Trend_38 | BL26: CMI_Trend_46 | BM26: CMI_Trend_38 | BN26: CMI_Trend_56 | BO26: CMI_Trend_56 | BP26: CMI_Trend_38 | BQ26: CMI_Trend_25 | BR26: CMI_Trend_52 | BS26: CMI_Trend_60 | BT26: CMI_Trend_60 | BU26: CMI_Trend_52 | BV26: CMI_Trend_25 | BW26: CMI_Trend_60 | BX26: CMI_Trend_46 | BY26: CMI_Trend_20 | BZ26: CMI_Trend_56 | CA26: CMI_Trend_56 | CB26: CMI_Trend_60 | CC26: CMI_Trend_20 | CD26: CMI_Trend_25 | CE26: CMI_Trend_46 | CF26: CMI_Trend_60
B27: Single-Mode | C27: 0.1597 | D27: 0.1703 | E27: 0.156 | F27: 0.174 | G27: 0.1773 | H27: 0.1709 | I27: 0.1648 | J27: 0.1822 | K27: 0.1614 | L27: 0.1653 | M27: 0.1573 | N27: 0.1623 | O27: 0.1583 | P27: 0.1901 | Q27: 0.1802 | R27: 0.184 | S27: 0.1754 | T27: 0.1715 | U27: 0.1592 | V27: 0.1839 | W27: 0.1873 | X27: 0.1622 | Y27: 0.1882 | Z27: 0.1771 | AA27: 0.1884 | AB27: 0.1895 | AD27: Single-Mode | AE27: 0.12958291 | AF27: 0.11563243 | AG27: 0.13204811 | AH27: 0.11792263 | AI27: 0.10589462 | AJ27: 0.1253197 | AK27: 0.097030424 | AL27: 0.089228335 | AM27: 0.11182471 | AN27: 0.15868767 | AO27: 0.16713915 | AP27: 0.1255811 | AQ27: 0.14144255 | AR27: 0.14820768 | AS27: 0.11720528 | AT27: 0.13326628 | AU27: 0.10771075 | AV27: 0.09250456 | AW27: 0.115316 | AX27: 0.099267828 | AY27: 0.13298805 | AZ27: 0.14197415 | BA27: 0.12341536 | BB27: 0.10921906 | BC27: 0.10178535 | BD27: 0.096173463 | BF27: Single-Mode | BG27: CMI_Trend_46 | BH27: CMI_Trend_60 | BI27: CMI_Trend_25 | BJ27: CMI_Trend_46 | BK27: CMI_Trend_56 | BL27: CMI_Trend_56 | BM27: CMI_Trend_60 | BN27: CMI_Trend_20 | BO27: CMI_Trend_60 | BP27: CMI_Trend_20 | BQ27: CMI_Trend_46 | BR27: CMI_Trend_20 | BS27: CMI_Trend_38 | BT27: CMI_Trend_38 | BU27: CMI_Trend_38 | BV27: CMI_Trend_52 | BW27: CMI_Trend_46 | BX27: CMI_Trend_46 | BY27: CMI_Trend_60 | BZ27: CMI_Trend_60 | CA27: CMI_Trend_52 | CB27: CMI_Trend_20 | CC27: CMI_Trend_38 | CD27: CMI_Trend_56 | CE27: CMI_Trend_56 | CF27: CMI_Trend_60
B28: Multi-Mode | C28: 0.1967 | D28: 0.1909 | E28: 0.1896 | F28: 0.1901 | G28: 0.1782 | H28: 0.1787 | I28: 0.1877 | J28: 0.1887 | K28: 0.1878 | L28: 0.1759 | M28: 0.198 | N28: 0.1978 | O28: 0.1826 | P28: 0.1753 | Q28: 0.1788 | R28: 0.1957 | S28: 0.1816 | T28: 0.1939 | U28: 0.1975 | V28: 0.183 | W28: 0.177 | X28: 0.1947 | Y28: 0.1686 | Z28: 0.1756 | AA28: 0.1755 | AB28: 0.179 | AD28: Multi-Mode | AE28: 0.10858291 | AF28: 0.094632427 | AG28: 0.11104811 | AH28: 0.096922635 | AI28: 0.084894621 | AJ28: 0.1043197 | AK28: 0.076030424 | AL28: 0.068228335 | AM28: 0.090824706 | AN28: 0.13768767 | AO28: 0.14613915 | AP28: 0.1045811 | AQ28: 0.12044255 | AR28: 0.12720768 | AS28: 0.096205283 | AT28: 0.11226628 | AU28: 0.086710751 | AV28: 0.07150456 | AW28: 0.094316003 | AX28: 0.078267828 | AY28: 0.11198805 | AZ28: 0.12097415 | BA28: 0.10241536 | BB28: 0.088219063 | BC28: 0.080785351 | BD28: 0.075173463 | BF28: Multi-Mode | BG28: CMI_Trend_25 | BH28: CMI_Trend_52 | BI28: CMI_Trend_25 | BJ28: CMI_Trend_25 | BK28: CMI_Trend_56 | BL28: CMI_Trend_60 | BM28: CMI_Trend_20 | BN28: CMI_Trend_25 | BO28: CMI_Trend_52 | BP28: CMI_Trend_60 | BQ28: CMI_Trend_20 | BR28: CMI_Trend_56 | BS28: CMI_Trend_20 | BT28: CMI_Trend_60 | BU28: CMI_Trend_52 | BV28: CMI_Trend_20 | BW28: CMI_Trend_20 | BX28: CMI_Trend_20 | BY28: CMI_Trend_20 | BZ28: CMI_Trend_46 | CA28: CMI_Trend_52 | CB28: CMI_Trend_46 | CC28: CMI_Trend_25 | CD28: CMI_Trend_46 | CE28: CMI_Trend_60 | CF28: CMI_Trend_38
B29: Beam Combined Arrays | C29: =1-SUM(C24:C28) -> 0.2662 | D29: =1-SUM(D24:D28) -> 0.2693 | E29: =1-SUM(E24:E28) -> 0.2923 | F29: =1-SUM(F24:F28) -> 0.2539 | G29: =1-SUM(G24:G28) -> 0.2433 | H29: =1-SUM(H24:H28) -> 0.2804 | I29: =1-SUM(I24:I28) -> 0.2723 | J29: =1-SUM(J24:J28) -> 0.2609 | ... AB29: =1-SUM(AB24:AB28) -> 0.2276 | AD29: Beam Combined Arrays | AE29: 0.14479162 | AF29: 0.13084114 | AG29: 0.14725682 | AH29: 0.13313135 | AI29: 0.12110333 | AJ29: 0.14052842 | AK29: 0.11223914 | AL29: 0.10443705 | AM29: 0.12703342 | AN29: 0.17389638 | AO29: 0.18234786 | AP29: 0.14078982 | AQ29: 0.15665126 | AR29: 0.16341639 | AS29: 0.13241399 | AT29: 0.14847499 | AU29: 0.12291946 | AV29: 0.10771327 | AW29: 0.13052472 | AX29: 0.11447654 | AY29: 0.14819676 | AZ29: 0.15718286 | BA29: 0.13862407 | BB29: 0.12442777 | BC29: 0.11699406 | BD29: 0.11138217 | BF29: Beam Combined Arrays | BG29: CMI_Trend_46 | BH29: CMI_Trend_60 | BI29: CMI_Trend_38 | BJ29: CMI_Trend_60 | BK29: CMI_Trend_60 | BL29: CMI_Trend_60 | BM29: CMI_Trend_60 | BN29: CMI_Trend_46 | BO29: CMI_Trend_52 | BP29: CMI_Trend_60 | BQ29: CMI_Trend_52 | BR29: CMI_Trend_25 | BS29: CMI_Trend_52 | BT29: CMI_Trend_52 | BU29: CMI_Trend_20 | BV29: CMI_Trend_46 | BW29: CMI_Trend_38 | BX29: CMI_Trend_60 | BY29: CMI_Trend_60 | BZ29: CMI_Trend_46 | CA29: CMI_Trend_52 | CB29: CMI_Trend_56 | CC29: CMI_Trend_38 | CD29: CMI_Trend_56 | CE29: CMI_Trend_38 | CF29: CMI_Trend_46
B31: By Power Output | AD31: By Power Output | BF31: By Power Output
B32: Below 1 kW | C32: 0.1264 | D32: 0.1435 | E32: 0.1246 | F32: 0.1475 | G32: 0.1194 | H32: 0.1255 | I32: 0.1346 | J32: 0.1485 | K32: 0.1505 | L32: 0.1168 | M32: 0.1435 | N32: 0.1308 | O32: 0.1476 | P32: 0.1368 | Q32: 0.1436 | R32: 0.147 | S32: 0.1363 | T32: 0.121 | U32: 0.1478 | V32: 0.1248 | W32: 0.1314 | X32: 0.1246 | Y32: 0.1257 | Z32: 0.1397 | AA32: 0.119 | AB32: 0.1251 | AD32: Below 1 kW | AE32: 0.09522189 | AF32: 0.082446059 | AG32: 0.098186467 | AH32: 0.084527733 | AI32: 0.070672448 | AJ32: 0.09184857 | AK32: 0.063678811 | AL32: 0.057260215 | AM32: 0.078572921 | AN32: 0.12472105 | AO32: 0.13309324 | AP32: 0.091241047 | AQ32: 0.10768085 | AR32: 0.11534726 | AS32: 0.085143688 | AT32: 0.099761086 | AU32: 0.073161106 | AV32: 0.057373209 | AW32: 0.08243588 | AX32: 0.065904252 | AY32: 0.09913048 | AZ32: 0.10773288 | BA32: 0.088513416 | BB32: 0.076526892 | BC32: 0.068716574 | BD32: 0.060784294 | BF32: Below 1 kW | BG32: CMI_Trend_38 | BH32: CMI_Trend_56 | BI32: CMI_Trend_38 | BJ32: CMI_Trend_20 | BK32: CMI_Trend_52 | BL32: CMI_Trend_20 | BM32: CMI_Trend_25 | BN32: CMI_Trend_46 | BO32: CMI_Trend_52 | BP32: CMI_Trend_52 | BQ32: CMI_Trend_38 | BR32: CMI_Trend_56 | BS32: CMI_Trend_38 | BT32: CMI_Trend_60 | BU32: CMI_Trend_52 | BV32: CMI_Trend_20 | BW32: CMI_Trend_46 | BX32: CMI_Trend_56 | BY32: CMI_Trend_52 | BZ32: CMI_Trend_25 | CA32: CMI_Trend_56 | CB32: CMI_Trend_60 | CC32: CMI_Trend_25 | CD32: CMI_Trend_38 | CE32: CMI_Trend_60 | CF32: CMI_Trend_38
B33: 1 kW to 20 kW | C33: 0.4211 | D33: 0.4219 | E33: 0.4096 | F33: 0.4201 | G33: 0.4273 | H33: 0.4307 | I33: 0.4334 | J33: 0.4358 | K33: 0.4348 | L33: 0.4215 | M33: 0.4056 | N33: 0.4335 | O33: 0.427 | P33: 0.4294 | Q33: 0.4365 | R33: 0.4326 | S33: 0.4185 | T33: 0.4226 | U33: 0.4257 | V33: 0.4252 | W33: 0.4109 | X33: 0.4218 | Y33: 0.4256 | Z33: 0.4343 | AA33: 0.4352 | AB33: 0.4119 | AD33: 1 kW to 20 kW | AE33: 0.1103865 | AF33: 0.097610666 | AG33: 0.11335107 | AH33: 0.09969234 | AI33: 0.085837054 | AJ33: 0.10701318 | AK33: 0.078843417 | AL33: 0.072424822 | AM33: 0.093737528 | AN33: 0.13988566 | AO33: 0.14825785 | AP33: 0.10640565 | AQ33: 0.12284546 | AR33: 0.13051186 | AS33: 0.10030829 | AT33: 0.11492569 | AU33: 0.088325713 | AV33: 0.072537815 | AW33: 0.097600486 | AX33: 0.081068859 | AY33: 0.11429509 | AZ33: 0.12289749 | BA33: 0.10367802 | BB33: 0.091691499 | BC33: 0.08388118 | BD33: 0.075948901 | BF33: 1 kW to 20 kW | BG33: CMI_Trend_60 | BH33: CMI_Trend_52 | BI33: CMI_Trend_56 | BJ33: CMI_Trend_60 | BK33: CMI_Trend_20 | BL33: CMI_Trend_25 | BM33: CMI_Trend_56 | BN33: CMI_Trend_25 | BO33: CMI_Trend_38 | BP33: CMI_Trend_46 | BQ33: CMI_Trend_56 | BR33: CMI_Trend_60 | BS33: CMI_Trend_52 | BT33: CMI_Trend_46 | BU33: CMI_Trend_25 | BV33: CMI_Trend_56 | BW33: CMI_Trend_20 | BX33: CMI_Trend_38 | BY33: CMI_Trend_20 | BZ33: CMI_Trend_46 | CA33: CMI_Trend_46 | CB33: CMI_Trend_25 | CC33: CMI_Trend_20 | CD33: CMI_Trend_25 | CE33: CMI_Trend_20 | CF33: CMI_Trend_25
B34: 21 kW to 100 kW | C34: 0.2845 | D34: 0.3024 | E34: 0.2884 | F34: 0.2835 | G34: 0.2748 | H34: 0.2939 | I34: 0.2857 | J34: 0.2997 | K34: 0.2932 | L34: 0.2715 | M34: 0.3048 | N34: 0.2918 | O34: 0.2796 | P34: 0.2884 | Q34: 0.2989 | R34: 0.297 | S34: 0.2768 | T34: 0.2925 | U34: 0.2944 | V34: 0.2779 | W34: 0.2735 | X34: 0.3048 | Y34: 0.2714 | Z34: 0.2751 | AA34: 0.29 | AB34: 0.2956 | AD34: 21 kW to 100 kW | AE34: 0.1313865 | AF34: 0.11861067 | AG34: 0.13435107 | AH34: 0.12069234 | AI34: 0.10683705 | AJ34: 0.12801318 | AK34: 0.099843417 | AL34: 0.093424822 | AM34: 0.11473753 | AN34: 0.16088566 | AO34: 0.16925785 | AP34: 0.12740565 | AQ34: 0.14384546 | AR34: 0.15151186 | AS34: 0.12130829 | AT34: 0.13592569 | AU34: 0.10932571 | AV34: 0.093537815 | AW34: 0.11860049 | AX34: 0.10206886 | AY34: 0.13529509 | AZ34: 0.14389749 | BA34: 0.12467802 | BB34: 0.1126915 | BC34: 0.10488118 | BD34: 0.096948901 | BF34: 21 kW to 100 kW | BG34: CMI_Trend_38 | BH34: CMI_Trend_52 | BI34: CMI_Trend_52 | BJ34: CMI_Trend_20 | BK34: CMI_Trend_46 | BL34: CMI_Trend_60 | BM34: CMI_Trend_20 | BN34: CMI_Trend_56 | BO34: CMI_Trend_52 | BP34: CMI_Trend_52 | BQ34: CMI_Trend_56 | BR34: CMI_Trend_46 | BS34: CMI_Trend_46 | BT34: CMI_Trend_60 | BU34: CMI_Trend_56 | BV34: CMI_Trend_60 | BW34: CMI_Trend_52 | BX34: CMI_Trend_25 | BY34: CMI_Trend_60 | BZ34: CMI_Trend_46 | CA34: CMI_Trend_38 | CB34: CMI_Trend_56 | CC34: CMI_Trend_56 | CD34: CMI_Trend_20 | CE34: CMI_Trend_25 | CF34: CMI_Trend_46
B35: Above 100 kW | C35: =1-SUM(C32:C34) -> 0.168 | D35: =1-SUM(D32:D34) -> 0.1322 | E35: =1-SUM(E32:E34) -> 0.1774 | F35: =1-SUM(F32:F34) -> 0.1489 | G35: =1-SUM(G32:G34) -> 0.1785 | H35: =1-SUM(H32:H34) -> 0.1499 | I35: =1-SUM(I32:I34) -> 0.1463 | J35: =1-SUM(J32:J34) -> 0.116 | ... AB35: =1-SUM(AB32:AB34) -> 0.1674 | AD35: Above 100 kW | AE35: 0.14783775 | AF35: 0.13506191 | AG35: 0.15080232 | AH35: 0.13714359 | AI35: 0.1232883 | AJ35: 0.14446443 | AK35: 0.11629467 | AL35: 0.10987607 | AM35: 0.13118878 | AN35: 0.1773369 | AO35: 0.1857091 | AP35: 0.1438569 | AQ35: 0.16029671 | AR35: 0.16796311 | AS35: 0.13775954 | AT35: 0.15237694 | AU35: 0.12577696 | AV35: 0.10998906 | AW35: 0.13505173 | AX35: 0.11852011 | AY35: 0.15174634 | AZ35: 0.16034874 | BA35: 0.14112927 | BB35: 0.12914275 | BC35: 0.12133243 | BD35: 0.11340015 | BF35: Above 100 kW | BG35: CMI_Trend_56 | BH35: CMI_Trend_25 | BI35: CMI_Trend_38 | BJ35: CMI_Trend_52 | BK35: CMI_Trend_46 | BL35: CMI_Trend_38 | BM35: CMI_Trend_56 | BN35: CMI_Trend_46 | BO35: CMI_Trend_60 | BP35: CMI_Trend_56 | BQ35: CMI_Trend_52 | BR35: CMI_Trend_25 | BS35: CMI_Trend_38 | BT35: CMI_Trend_56 | BU35: CMI_Trend_20 | BV35: CMI_Trend_20 | BW35: CMI_Trend_52 | BX35: CMI_Trend_38 | BY35: CMI_Trend_60 | BZ35: CMI_Trend_60 | CA35: CMI_Trend_25 | CB35: CMI_Trend_52 | CC35: CMI_Trend_20 | CD35: CMI_Trend_60 | CE35: CMI_Trend_38 | CF35: CMI_Trend_52
B37: By Mode of Operation | AD37: By Mode of Operation | BF37: By Mode of Operation
B38: Continuous Wave (CW) | C38: =1-SUM(C39:C40) -> 0.6047 | D38: =1-SUM(D39:D40) -> 0.5958 | E38: =1-SUM(E39:E40) -> 0.5541 | F38: =1-SUM(F39:F40) -> 0.5841 | G38: =1-SUM(G39:G40) -> 0.592 | H38: =1-SUM(H39:H40) -> 0.5584 | I38: =1-SUM(I39:I40) -> 0.5781 | J38: =1-SUM(J39:J40) -> 0.5649 | ... AB38: =1-SUM(AB39:AB40) -> 0.598 | AD38: Continuous Wave (CW) | AE38: 0.11429316 | AF38: 0.099912952 | AG38: 0.11659026 | AH38: 0.10221038 | AI38: 0.089742633 | AJ38: 0.10956973 | AK38: 0.081372496 | AL38: 0.073407718 | AM38: 0.095550581 | AN38: 0.14433371 | AO38: 0.15086327 | AP38: 0.10850066 | AQ38: 0.1253068 | AR38: 0.13299291 | AS38: 0.10150928 | AT38: 0.11665092 | AU38: 0.091990377 | AV38: 0.076339977 | AW38: 0.099107312 | AX38: 0.084230543 | AY38: 0.11761255 | AZ38: 0.12592712 | BA38: 0.10727017 | BB38: 0.093722062 | BC38: 0.087100887 | BD38: 0.07985279 | BF38: Continuous Wave (CW) | BG38: CMI_Trend_25 | BH38: CMI_Trend_46 | BI38: CMI_Trend_56 | BJ38: CMI_Trend_46 | BK38: CMI_Trend_52 | BL38: CMI_Trend_20 | BM38: CMI_Trend_56 | BN38: CMI_Trend_52 | BO38: CMI_Trend_38 | BP38: CMI_Trend_56 | BQ38: CMI_Trend_38 | BR38: CMI_Trend_38 | BS38: CMI_Trend_46 | BT38: CMI_Trend_60 | BU38: CMI_Trend_46 | BV38: CMI_Trend_20 | BW38: CMI_Trend_56 | BX38: CMI_Trend_38 | BY38: CMI_Trend_52 | BZ38: CMI_Trend_38 | CA38: CMI_Trend_25 | CB38: CMI_Trend_52 | CC38: CMI_Trend_46 | CD38: CMI_Trend_60 | CE38: CMI_Trend_56 | CF38: CMI_Trend_38
B39: Pulsed | C39: 0.2763 | D39: 0.2687 | E39: 0.2938 | F39: 0.2909 | G39: 0.2799 | H39: 0.3011 | I39: 0.293 | J39: 0.2858 | K39: 0.2685 | L39: 0.2853 | M39: 0.2798 | N39: 0.2824 | O39: 0.2756 | P39: 0.2941 | Q39: 0.2897 | R39: 0.2931 | S39: 0.2666 | T39: 0.2751 | U39: 0.2937 | V39: 0.2771 | W39: 0.2938 | X39: 0.2894 | Y39: 0.2736 | Z39: 0.2944 | AA39: 0.2938 | AB39: 0.2737 | AD39: Pulsed | AE39: 0.12546988 | AF39: 0.11108967 | AG39: 0.12776698 | AH39: 0.1133871 | AI39: 0.10091935 | AJ39: 0.12074645 | AK39: 0.092549216 | AL39: 0.084584438 | AM39: 0.1067273 | AN39: 0.15551042 | AO39: 0.16203999 | AP39: 0.11967738 | AQ39: 0.13648352 | AR39: 0.14416963 | AS39: 0.112686 | AT39: 0.12782764 | AU39: 0.1031671 | AV39: 0.087516696 | AW39: 0.11028403 | AX39: 0.095407262 | AY39: 0.12878927 | AZ39: 0.13710384 | BA39: 0.11844689 | BB39: 0.10489878 | BC39: 0.098277606 | BD39: 0.091029509 | BF39: Pulsed | BG39: CMI_Trend_56 | BH39: CMI_Trend_52 | BI39: CMI_Trend_25 | BJ39: CMI_Trend_20 | BK39: CMI_Trend_38 | BL39: CMI_Trend_38 | BM39: CMI_Trend_52 | BN39: CMI_Trend_25 | BO39: CMI_Trend_38 | BP39: CMI_Trend_25 | BQ39: CMI_Trend_60 | BR39: CMI_Trend_46 | BS39: CMI_Trend_25 | BT39: CMI_Trend_52 | BU39: CMI_Trend_52 | BV39: CMI_Trend_20 | BW39: CMI_Trend_38 | BX39: CMI_Trend_20 | BY39: CMI_Trend_38 | BZ39: CMI_Trend_25 | CA39: CMI_Trend_46 | CB39: CMI_Trend_52 | CC39: CMI_Trend_20 | CD39: CMI_Trend_38 | CE39: CMI_Trend_38 | CF39: CMI_Trend_60
B40: Ultrashort Pulse | C40: 0.119 | D40: 0.1355 | E40: 0.1521 | F40: 0.125 | G40: 0.1281 | H40: 0.1405 | I40: 0.1289 | J40: 0.1493 | K40: 0.1281 | L40: 0.1212 | M40: 0.1406 | N40: 0.1519 | O40: 0.126 | P40: 0.1298 | Q40: 0.1487 | R40: 0.1287 | S40: 0.1209 | T40: 0.1266 | U40: 0.1454 | V40: 0.1465 | W40: 0.1436 | X40: 0.1355 | Y40: 0.1342 | Z40: 0.1415 | AA40: 0.1283 | AB40: 0.1283 | AD40: Ultrashort Pulse | AE40: 0.14248403 | AF40: 0.12810383 | AG40: 0.14478114 | AH40: 0.13040126 | AI40: 0.11793351 | AJ40: 0.13776061 | AK40: 0.10956337 | AL40: 0.10159859 | AM40: 0.12374146 | AN40: 0.17252458 | AO40: 0.17905415 | AP40: 0.13669153 | AQ40: 0.15349768 | AR40: 0.16118378 | AS40: 0.12970015 | AT40: 0.14484179 | AU40: 0.12018125 | AV40: 0.10453085 | AW40: 0.12729819 | AX40: 0.11242142 | AY40: 0.14580342 | AZ40: 0.15411799 | BA40: 0.13546105 | BB40: 0.12191294 | BC40: 0.11529176 | BD40: 0.10804367 | BF40: Ultrashort Pulse | BG40: CMI_Trend_52 | BH40: CMI_Trend_20 | BI40: CMI_Trend_38 | BJ40: CMI_Trend_56 | BK40: CMI_Trend_52 | BL40: CMI_Trend_38 | BM40: CMI_Trend_20 | BN40: CMI_Trend_56 | BO40: CMI_Trend_52 | BP40: CMI_Trend_56 | BQ40: CMI_Trend_20 | BR40: CMI_Trend_20 | BS40: CMI_Trend_60 | BT40: CMI_Trend_38 | BU40: CMI_Trend_56 | BV40: CMI_Trend_46 | BW40: CMI_Trend_56 | BX40: CMI_Trend_60 | BY40: CMI_Trend_20 | BZ40: CMI_Trend_56 | CA40: CMI_Trend_25 | CB40: CMI_Trend_46 | CC40: CMI_Trend_46 | CD40: CMI_Trend_52 | CE40: CMI_Trend_38 | CF40: CMI_Trend_46
B42: By Mobility / Deployment Model | AD42: By Mobility / Deployment Model | BF42: By Mobility / Deployment Model
B43: Fixed / Stationary | C43: =1-C44 -> 0.6919 | D43: =1-D44 -> 0.6772 | E43: =1-E44 -> 0.7024 | F43: =1-F44 -> 0.7013 | G43: =1-G44 -> 0.6778 | H43: =1-H44 -> 0.6774 | I43: =1-I44 -> 0.6929 | J43: =1-J44 -> 0.7015 | ... AB43: =1-AB44 -> 0.7091 | AD43: Fixed / Stationary | AE43: 0.11583462 | AF43: 0.10160077 | AG43: 0.11942748 | AH43: 0.10423371 | AI43: 0.091356565 | AJ43: 0.11176381 | AK43: 0.083395612 | AL43: 0.076062268 | AM43: 0.09751594 | AN43: 0.14577211 | AO43: 0.15299551 | AP43: 0.11114437 | AQ43: 0.12682143 | AR43: 0.13487552 | AS43: 0.10424141 | AT43: 0.11876655 | AU43: 0.093381542 | AV43: 0.077929562 | AW43: 0.10173544 | AX43: 0.086430524 | AY43: 0.11998742 | AZ43: 0.12795924 | BA43: 0.10920519 | BB43: 0.096082622 | BC43: 0.088883767 | BD43: 0.081900996 | BF43: Fixed / Stationary | BG43: CMI_Trend_60 | BH43: CMI_Trend_52 | BI43: CMI_Trend_46 | BJ43: CMI_Trend_38 | BK43: CMI_Trend_25 | BL43: CMI_Trend_20 | BM43: CMI_Trend_52 | BN43: CMI_Trend_25 | BO43: CMI_Trend_46 | BP43: CMI_Trend_25 | BQ43: CMI_Trend_46 | BR43: CMI_Trend_20 | BS43: CMI_Trend_60 | BT43: CMI_Trend_56 | BU43: CMI_Trend_20 | BV43: CMI_Trend_25 | BW43: CMI_Trend_38 | BX43: CMI_Trend_20 | BY43: CMI_Trend_46 | BZ43: CMI_Trend_38 | CA43: CMI_Trend_25 | CB43: CMI_Trend_25 | CC43: CMI_Trend_52 | CD43: CMI_Trend_20 | CE43: CMI_Trend_46 | CF43: CMI_Trend_60
B44: Mobile | C44: 0.3081 | D44: 0.3228 | E44: 0.2976 | F44: 0.2987 | G44: 0.3222 | H44: 0.3226 | I44: 0.3071 | J44: 0.2985 | K44: 0.2921 | L44: 0.3248 | M44: 0.3117 | N44: 0.3014 | O44: 0.3217 | P44: 0.3183 | Q44: 0.2953 | R44: 0.301 | S44: 0.3141 | T44: 0.3177 | U44: 0.2988 | V44: 0.316 | W44: 0.3116 | X44: 0.3157 | Y44: 0.3084 | Z44: 0.3092 | AA44: 0.3217 | AB44: 0.2909 | AD44: Mobile | AE44: 0.13174302 | AF44: 0.11750916 | AG44: 0.13533587 | AH44: 0.12014211 | AI44: 0.10726496 | AJ44: 0.1276722 | AK44: 0.099304003 | AL44: 0.091970659 | AM44: 0.11342433 | AN44: 0.1616805 | AO44: 0.1689039 | AP44: 0.12705276 | AQ44: 0.14272982 | AR44: 0.15078391 | AS44: 0.1201498 | AT44: 0.13467495 | AU44: 0.10928993 | AV44: 0.093837953 | AW44: 0.11764383 | AX44: 0.10233891 | AY44: 0.13589581 | AZ44: 0.14386763 | BA44: 0.12511358 | BB44: 0.11199101 | BC44: 0.10479216 | BD44: 0.097809387 | BF44: Mobile | BG44: CMI_Trend_38 | BH44: CMI_Trend_20 | BI44: CMI_Trend_20 | BJ44: CMI_Trend_56 | BK44: CMI_Trend_56 | BL44: CMI_Trend_56 | BM44: CMI_Trend_20 | BN44: CMI_Trend_46 | BO44: CMI_Trend_25 | BP44: CMI_Trend_56 | BQ44: CMI_Trend_52 | BR44: CMI_Trend_60 | BS44: CMI_Trend_56 | BT44: CMI_Trend_60 | BU44: CMI_Trend_46 | BV44: CMI_Trend_46 | BW44: CMI_Trend_56 | BX44: CMI_Trend_56 | BY44: CMI_Trend_46 | BZ44: CMI_Trend_46 | CA44: CMI_Trend_52 | CB44: CMI_Trend_56 | CC44: CMI_Trend_52 | CD44: CMI_Trend_52 | CE44: CMI_Trend_25 | CF44: CMI_Trend_52
B46: By Component | AD46: By Component | BF46: By Component
B47: Raw & Active Materials | C47: =1-SUM(C52,C56,C59:C61) -> 0.1565 | D47: =1-SUM(D52,D56,D59:D61) -> 0.1858 | E47: =1-SUM(E52,E56,E59:E61) -> 0.2018 | F47: =1-SUM(F52,F56,F59:F61) -> 0.2024 | G47: =1-SUM(G52,G56,G59:G61) -> 0.1981 | H47: =1-SUM(H52,H56,H59:H61) -> 0.1934 | I47: =1-SUM(I52,I56,I59:I61) -> 0.1524 | J47: =1-SUM(J52,J56,J59:J61) -> 0.1687 | ... AB47: =1-SUM(AB52,AB56,AB59:AB61) -> 0.1854 | AD47: Raw & Active Materials | AE47: =SUMPRODUCT(AE48:AE51,C48:C51) -> 0.11159414 | AF47: =SUMPRODUCT(AF48:AF51,D48:D51) -> 0.098478482 | AG47: =SUMPRODUCT(AG48:AG51,E48:E51) -> 0.11560826 | AH47: =SUMPRODUCT(AH48:AH51,F48:F51) -> 0.10038648 | AI47: =SUMPRODUCT(AI48:AI51,G48:G51) -> 0.087950811 | AJ47: =SUMPRODUCT(AJ48:AJ51,H48:H51) -> 0.10798803 | AK47: =SUMPRODUCT(AK48:AK51,I48:I51) -> 0.079622381 | AL47: =SUMPRODUCT(AL48:AL51,J48:J51) -> 0.071713656 | ... BD47: =SUMPRODUCT(BD48:BD51,AB48:AB51) -> 0.077551975 | BF47: Raw & Active Materials | BG47: CMI_Trend_46 | BH47: CMI_Trend_52 | BI47: CMI_Trend_46 | BJ47: CMI_Trend_20 | BK47: CMI_Trend_20 | BL47: CMI_Trend_52 | BM47: CMI_Trend_60 | BN47: CMI_Trend_38 | BO47: CMI_Trend_38 | BP47: CMI_Trend_25 | BQ47: CMI_Trend_38 | BR47: CMI_Trend_20 | BS47: CMI_Trend_38 | BT47: CMI_Trend_38 | BU47: CMI_Trend_56 | BV47: CMI_Trend_38 | BW47: CMI_Trend_52 | BX47: CMI_Trend_20 | BY47: CMI_Trend_56 | BZ47: CMI_Trend_20 | CA47: CMI_Trend_52 | CB47: CMI_Trend_56 | CC47: CMI_Trend_56 | CD47: CMI_Trend_56 | CE47: CMI_Trend_60 | CF47: CMI_Trend_60
B48: YAG Crystals (Pure, Nd, Yb, Tm, Er) | C48: 0.3871 | D48: 0.3884 | E48: 0.3855 | F48: 0.3862 | G48: 0.3815 | H48: 0.3718 | I48: 0.3718 | J48: 0.37 | K48: 0.373 | L48: 0.3957 | M48: 0.4017 | N48: 0.3959 | O48: 0.379 | P48: 0.3766 | Q48: 0.3979 | R48: 0.3925 | S48: 0.3934 | T48: 0.4037 | U48: 0.3736 | V48: 0.3906 | W48: 0.372 | X48: 0.3999 | Y48: 0.3737 | Z48: 0.3942 | AA48: 0.3803 | AB48: 0.3809 | AD48: YAG Crystals (Pure, Nd, Yb, Tm, Er) | AE48: 0.10548584 | AF48: 0.091964582 | AG48: 0.10982506 | AH48: 0.094395282 | AI48: 0.081783911 | AJ48: 0.10215093 | AK48: 0.073404181 | AL48: 0.065934256 | AM48: 0.087849653 | AN48: 0.13638745 | AO48: 0.14299313 | AP48: 0.10140458 | AQ48: 0.11695757 | AR48: 0.12562337 | AS48: 0.09425917 | AT48: 0.10904531 | AU48: 0.084009728 | AV48: 0.068747201 | AW48: 0.091638454 | AX48: 0.076809152 | AY48: 0.11043801 | AZ48: 0.11841335 | BA48: 0.099698147 | BB48: 0.086647258 | BC48: 0.079594171 | BD48: 0.071554975 | BF48: YAG Crystals (Pure, Nd, Yb, Tm, Er) | BG48: CMI_Trend_25 | BH48: CMI_Trend_25 | BI48: CMI_Trend_56 | BJ48: CMI_Trend_38 | BK48: CMI_Trend_52 | BL48: CMI_Trend_46 | BM48: CMI_Trend_20 | BN48: CMI_Trend_60 | BO48: CMI_Trend_46 | BP48: CMI_Trend_20 | BQ48: CMI_Trend_20 | BR48: CMI_Trend_25 | BS48: CMI_Trend_25 | BT48: CMI_Trend_20 | BU48: CMI_Trend_60 | BV48: CMI_Trend_25 | BW48: CMI_Trend_52 | BX48: CMI_Trend_56 | BY48: CMI_Trend_25 | BZ48: CMI_Trend_60 | CA48: CMI_Trend_52 | CB48: CMI_Trend_20 | CC48: CMI_Trend_38 | CD48: CMI_Trend_25 | CE48: CMI_Trend_60 | CF48: CMI_Trend_56
B49: Specialty Laser Glasses | C49: 0.135 | D49: 0.1287 | E49: 0.1465 | F49: 0.14 | G49: 0.1582 | H49: 0.1545 | I49: 0.1318 | J49: 0.1442 | K49: 0.1333 | L49: 0.1359 | M49: 0.146 | N49: 0.1293 | O49: 0.1457 | P49: 0.1276 | Q49: 0.1362 | R49: 0.1277 | S49: 0.1366 | T49: 0.1535 | U49: 0.1546 | V49: 0.148 | W49: 0.1376 | X49: 0.1574 | Y49: 0.146 | Z49: 0.1407 | AA49: 0.13 | AB49: 0.1509 | AD49: Specialty Laser Glasses | AE49: 0.097485843 | AF49: 0.083964582 | AG49: 0.10182506 | AH49: 0.086395282 | AI49: 0.073783911 | AJ49: 0.094150927 | AK49: 0.065404181 | AL49: 0.057934256 | AM49: 0.079849653 | AN49: 0.12838745 | AO49: 0.13499313 | AP49: 0.093404581 | AQ49: 0.10895757 | AR49: 0.11762337 | AS49: 0.08625917 | AT49: 0.10104531 | AU49: 0.076009728 | AV49: 0.060747201 | AW49: 0.083638454 | AX49: 0.068809152 | AY49: 0.10243801 | AZ49: 0.11041335 | BA49: 0.091698147 | BB49: 0.078647258 | BC49: 0.071594171 | BD49: 0.063554975 | BF49: Specialty Laser Glasses | BG49: CMI_Trend_60 | BH49: CMI_Trend_25 | BI49: CMI_Trend_60 | BJ49: CMI_Trend_20 | BK49: CMI_Trend_52 | BL49: CMI_Trend_25 | BM49: CMI_Trend_52 | BN49: CMI_Trend_56 | BO49: CMI_Trend_52 | BP49: CMI_Trend_38 | BQ49: CMI_Trend_38 | BR49: CMI_Trend_56 | BS49: CMI_Trend_52 | BT49: CMI_Trend_20 | BU49: CMI_Trend_56 | BV49: CMI_Trend_56 | BW49: CMI_Trend_60 | BX49: CMI_Trend_25 | BY49: CMI_Trend_46 | BZ49: CMI_Trend_25 | CA49: CMI_Trend_56 | CB49: CMI_Trend_38 | CC49: CMI_Trend_56 | CD49: CMI_Trend_38 | CE49: CMI_Trend_52 | CF49: CMI_Trend_25
B50: Fiber Gain Media | C50: 0.3197 | D50: 0.3386 | E50: 0.3084 | F50: 0.3161 | G50: 0.3362 | H50: 0.314 | I50: 0.3213 | J50: 0.3042 | K50: 0.3358 | L50: 0.3333 | M50: 0.3232 | N50: 0.3318 | O50: 0.3074 | P50: 0.3249 | Q50: 0.321 | R50: 0.3235 | S50: 0.3255 | T50: 0.3348 | U50: 0.3153 | V50: 0.3052 | W50: 0.3199 | X50: 0.3292 | Y50: 0.3054 | Z50: 0.3354 | AA50: 0.3199 | AB50: 0.3222 | AD50: Fiber Gain Media | AE50: 0.12648584 | AF50: 0.11296458 | AG50: 0.13082506 | AH50: 0.11539528 | AI50: 0.10278391 | AJ50: 0.12315093 | AK50: 0.094404181 | AL50: 0.086934256 | AM50: 0.10884965 | AN50: 0.15738745 | AO50: 0.16399313 | AP50: 0.12240458 | AQ50: 0.13795757 | AR50: 0.14662337 | AS50: 0.11525917 | AT50: 0.13004531 | AU50: 0.10500973 | AV50: 0.089747201 | AW50: 0.11263845 | AX50: 0.097809152 | AY50: 0.13143801 | AZ50: 0.13941335 | BA50: 0.12069815 | BB50: 0.10764726 | BC50: 0.10059417 | BD50: 0.092554975 | BF50: Fiber Gain Media | BG50: CMI_Trend_20 | BH50: CMI_Trend_25 | BI50: CMI_Trend_56 | BJ50: CMI_Trend_60 | BK50: CMI_Trend_38 | BL50: CMI_Trend_46 | BM50: CMI_Trend_38 | BN50: CMI_Trend_20 | BO50: CMI_Trend_60 | BP50: CMI_Trend_20 | BQ50: CMI_Trend_56 | BR50: CMI_Trend_20 | BS50: CMI_Trend_38 | BT50: CMI_Trend_60 | BU50: CMI_Trend_60 | BV50: CMI_Trend_46 | BW50: CMI_Trend_60 | BX50: CMI_Trend_56 | BY50: CMI_Trend_20 | BZ50: CMI_Trend_38 | CA50: CMI_Trend_46 | CB50: CMI_Trend_60 | CC50: CMI_Trend_52 | CD50: CMI_Trend_56 | CE50: CMI_Trend_46 | CF50: CMI_Trend_25
B51: Other Laser Crystals | C51: =1-SUM(C48:C50) -> 0.1582 | D51: =1-SUM(D48:D50) -> 0.1443 | E51: =1-SUM(E48:E50) -> 0.1596 | F51: =1-SUM(F48:F50) -> 0.1577 | G51: =1-SUM(G48:G50) -> 0.1241 | H51: =1-SUM(H48:H50) -> 0.1597 | I51: =1-SUM(I48:I50) -> 0.1751 | J51: =1-SUM(J48:J50) -> 0.1816 | ... AB51: =1-SUM(AB48:AB50) -> 0.146 | AD51: Other Laser Crystals | AE51: 0.10848584 | AF51: 0.094964582 | AG51: 0.11282506 | AH51: 0.097395282 | AI51: 0.084783911 | AJ51: 0.10515093 | AK51: 0.076404181 | AL51: 0.068934256 | AM51: 0.090849653 | AN51: 0.13938745 | AO51: 0.14599313 | AP51: 0.10440458 | AQ51: 0.11995757 | AR51: 0.12862337 | AS51: 0.09725917 | AT51: 0.11204531 | AU51: 0.087009728 | AV51: 0.071747201 | AW51: 0.094638454 | AX51: 0.079809152 | AY51: 0.11343801 | AZ51: 0.12141335 | BA51: 0.10269815 | BB51: 0.089647258 | BC51: 0.082594171 | BD51: 0.074554975 | BF51: Other Laser Crystals | BG51: CMI_Trend_38 | BH51: CMI_Trend_56 | BI51: CMI_Trend_46 | BJ51: CMI_Trend_20 | BK51: CMI_Trend_56 | BL51: CMI_Trend_38 | BM51: CMI_Trend_25 | BN51: CMI_Trend_60 | BO51: CMI_Trend_20 | BP51: CMI_Trend_56 | BQ51: CMI_Trend_60 | BR51: CMI_Trend_60 | BS51: CMI_Trend_52 | BT51: CMI_Trend_56 | BU51: CMI_Trend_56 | BV51: CMI_Trend_60 | BW51: CMI_Trend_25 | BX51: CMI_Trend_60 | BY51: CMI_Trend_52 | BZ51: CMI_Trend_60 | CA51: CMI_Trend_56 | CB51: CMI_Trend_52 | CC51: CMI_Trend_25 | CD51: CMI_Trend_38 | CE51: CMI_Trend_52 | CF51: CMI_Trend_38
B52: Optical Materials & Components | C52: 0.17 | D52: 0.1702 | E52: 0.1718 | F52: 0.1545 | G52: 0.1496 | H52: 0.1473 | I52: 0.1747 | J52: 0.1715 | K52: 0.182 | L52: 0.1569 | M52: 0.1716 | N52: 0.1675 | O52: 0.157 | P52: 0.1693 | Q52: 0.1754 | R52: 0.1649 | S52: 0.1574 | T52: 0.1675 | U52: 0.1503 | V52: 0.1565 | W52: 0.1501 | X52: 0.1574 | Y52: 0.1627 | Z52: 0.1585 | AA52: 0.1551 | AB52: 0.1514 | AD52: Optical Materials & Components | AE52: =SUMPRODUCT(AE53:AE55,C53:C55) -> 0.10876164 | AF52: =SUMPRODUCT(AF53:AF55,D53:D55) -> 0.095254282 | AG52: =SUMPRODUCT(AG53:AG55,E53:E55) -> 0.11323506 | AH52: =SUMPRODUCT(AH53:AH55,F53:F55) -> 0.097868182 | AI52: =SUMPRODUCT(AI53:AI55,G53:G55) -> 0.085101311 | AJ52: =SUMPRODUCT(AJ53:AJ55,H53:H55) -> 0.10540163 | AK52: =SUMPRODUCT(AK53:AK55,I53:I55) -> 0.076552081 | AL52: =SUMPRODUCT(AL53:AL55,J53:J55) -> 0.069169956 | ... BD52: =SUMPRODUCT(BD53:BD55,AB53:AB55) -> 0.074746275 | BF52: Optical Materials & Components | BG52: CMI_Trend_25 | BH52: CMI_Trend_52 | BI52: CMI_Trend_38 | BJ52: CMI_Trend_20 | BK52: CMI_Trend_20 | BL52: CMI_Trend_52 | BM52: CMI_Trend_20 | BN52: CMI_Trend_56 | BO52: CMI_Trend_56 | BP52: CMI_Trend_60 | BQ52: CMI_Trend_38 | BR52: CMI_Trend_38 | BS52: CMI_Trend_46 | BT52: CMI_Trend_60 | BU52: CMI_Trend_56 | BV52: CMI_Trend_56 | BW52: CMI_Trend_56 | BX52: CMI_Trend_46 | BY52: CMI_Trend_38 | BZ52: CMI_Trend_38 | CA52: CMI_Trend_38 | CB52: CMI_Trend_56 | CC52: CMI_Trend_52 | CD52: CMI_Trend_38 | CE52: CMI_Trend_38 | CF52: CMI_Trend_46
B53: Sapphire Crystals | C53: 0.243 | D53: 0.2452 | E53: 0.226 | F53: 0.2268 | G53: 0.2375 | H53: 0.2395 | I53: 0.2582 | J53: 0.25 | K53: 0.2412 | L53: 0.2382 | M53: 0.2423 | N53: 0.2475 | O53: 0.254 | P53: 0.2578 | Q53: 0.2476 | R53: 0.2433 | S53: 0.254 | T53: 0.2437 | U53: 0.2421 | V53: 0.2365 | W53: 0.2302 | X53: 0.2502 | Y53: 0.2296 | Z53: 0.2311 | AA53: 0.2341 | AB53: 0.2542 | AD53: Sapphire Crystals | AE53: 0.10148584 | AF53: 0.087964582 | AG53: 0.10582506 | AH53: 0.090395282 | AI53: 0.077783911 | AJ53: 0.098150927 | AK53: 0.069404181 | AL53: 0.061934256 | AM53: 0.083849653 | AN53: 0.13238745 | AO53: 0.13899313 | AP53: 0.097404581 | AQ53: 0.11295757 | AR53: 0.12162337 | AS53: 0.09025917 | AT53: 0.10504531 | AU53: 0.080009728 | AV53: 0.064747201 | AW53: 0.087638454 | AX53: 0.072809152 | AY53: 0.10643801 | AZ53: 0.11441335 | BA53: 0.095698147 | BB53: 0.082647258 | BC53: 0.075594171 | BD53: 0.067554975 | BF53: Sapphire Crystals | BG53: CMI_Trend_38 | BH53: CMI_Trend_60 | BI53: CMI_Trend_20 | BJ53: CMI_Trend_20 | BK53: CMI_Trend_60 | BL53: CMI_Trend_56 | BM53: CMI_Trend_38 | BN53: CMI_Trend_25 | BO53: CMI_Trend_46 | BP53: CMI_Trend_25 | BQ53: CMI_Trend_46 | BR53: CMI_Trend_46 | BS53: CMI_Trend_60 | BT53: CMI_Trend_25 | BU53: CMI_Trend_52 | BV53: CMI_Trend_52 | BW53: CMI_Trend_46 | BX53: CMI_Trend_38 | BY53: CMI_Trend_60 | BZ53: CMI_Trend_20 | CA53: CMI_Trend_25 | CB53: CMI_Trend_60 | CC53: CMI_Trend_56 | CD53: CMI_Trend_60 | CE53: CMI_Trend_60 | CF53: CMI_Trend_38
B54: Infrared Windows & Optical Substrates | C54: 0.3504 | D54: 0.3377 | E54: 0.368 | F54: 0.3441 | G54: 0.3567 | H54: 0.3716 | I54: 0.3373 | J54: 0.3381 | K54: 0.3673 | L54: 0.3448 | M54: 0.3624 | N54: 0.3708 | O54: 0.3672 | P54: 0.3479 | Q54: 0.3436 | R54: 0.3692 | S54: 0.3438 | T54: 0.3442 | U54: 0.3641 | V54: 0.3656 | W54: 0.3654 | X54: 0.3457 | Y54: 0.3631 | Z54: 0.3579 | AA54: 0.3546 | AB54: 0.3375 | AD54: Infrared Windows & Optical Substrates | AE54: 0.10948584 | AF54: 0.095964582 | AG54: 0.11382506 | AH54: 0.098395282 | AI54: 0.085783911 | AJ54: 0.10615093 | AK54: 0.077404181 | AL54: 0.069934256 | AM54: 0.091849653 | AN54: 0.14038745 | AO54: 0.14699313 | AP54: 0.10540458 | AQ54: 0.12095757 | AR54: 0.12962337 | AS54: 0.09825917 | AT54: 0.11304531 | AU54: 0.088009728 | AV54: 0.072747201 | AW54: 0.095638454 | AX54: 0.080809152 | AY54: 0.11443801 | AZ54: 0.12241335 | BA54: 0.10369815 | BB54: 0.090647258 | BC54: 0.083594171 | BD54: 0.075554975 | BF54: Infrared Windows & Optical Substrates | BG54: CMI_Trend_60 | BH54: CMI_Trend_38 | BI54: CMI_Trend_56 | BJ54: CMI_Trend_56 | BK54: CMI_Trend_38 | BL54: CMI_Trend_25 | BM54: CMI_Trend_25 | BN54: CMI_Trend_60 | BO54: CMI_Trend_52 | BP54: CMI_Trend_38 | BQ54: CMI_Trend_46 | BR54: CMI_Trend_38 | BS54: CMI_Trend_56 | BT54: CMI_Trend_25 | BU54: CMI_Trend_20 | BV54: CMI_Trend_25 | BW54: CMI_Trend_38 | BX54: CMI_Trend_52 | BY54: CMI_Trend_56 | BZ54: CMI_Trend_20 | CA54: CMI_Trend_56 | CB54: CMI_Trend_20 | CC54: CMI_Trend_25 | CD54: CMI_Trend_60 | CE54: CMI_Trend_38 | CF54: CMI_Trend_38
B55: Large-Aperture Optics | C55: =1-SUM(C53:C54) -> 0.4066 | D55: =1-SUM(D53:D54) -> 0.4171 | E55: =1-SUM(E53:E54) -> 0.406 | F55: =1-SUM(F53:F54) -> 0.4291 | G55: =1-SUM(G53:G54) -> 0.4058 | H55: =1-SUM(H53:H54) -> 0.3889 | I55: =1-SUM(I53:I54) -> 0.4045 | J55: =1-SUM(J53:J54) -> 0.4119 | ... AB55: =1-SUM(AB53:AB54) -> 0.4083 | AD55: Large-Aperture Optics | AE55: 0.11248584 | AF55: 0.098964582 | AG55: 0.11682506 | AH55: 0.10139528 | AI55: 0.088783911 | AJ55: 0.10915093 | AK55: 0.080404181 | AL55: 0.072934256 | AM55: 0.094849653 | AN55: 0.14338745 | AO55: 0.14999313 | AP55: 0.10840458 | AQ55: 0.12395757 | AR55: 0.13262337 | AS55: 0.10125917 | AT55: 0.11604531 | AU55: 0.091009728 | AV55: 0.075747201 | AW55: 0.098638454 | AX55: 0.083809152 | AY55: 0.11743801 | AZ55: 0.12541335 | BA55: 0.10669815 | BB55: 0.093647258 | BC55: 0.086594171 | BD55: 0.078554975 | BF55: Large-Aperture Optics | BG55: CMI_Trend_25 | BH55: CMI_Trend_56 | BI55: CMI_Trend_46 | BJ55: CMI_Trend_60 | BK55: CMI_Trend_38 | BL55: CMI_Trend_20 | BM55: CMI_Trend_52 | BN55: CMI_Trend_38 | BO55: CMI_Trend_20 | BP55: CMI_Trend_56 | BQ55: CMI_Trend_25 | BR55: CMI_Trend_52 | BS55: CMI_Trend_52 | BT55: CMI_Trend_52 | BU55: CMI_Trend_38 | BV55: CMI_Trend_20 | BW55: CMI_Trend_46 | BX55: CMI_Trend_38 | BY55: CMI_Trend_38 | BZ55: CMI_Trend_46 | CA55: CMI_Trend_38 | CB55: CMI_Trend_25 | CC55: CMI_Trend_25 | CD55: CMI_Trend_60 | CE55: CMI_Trend_25 | CF55: CMI_Trend_46
B56: Pump Sources | C56: 0.2573 | D56: 0.2404 | E56: 0.2487 | F56: 0.2302 | G56: 0.2263 | H56: 0.2605 | I56: 0.257 | J56: 0.2552 | K56: 0.2337 | L56: 0.2454 | M56: 0.2562 | N56: 0.2298 | O56: 0.252 | P56: 0.2361 | Q56: 0.2439 | R56: 0.2453 | S56: 0.2339 | T56: 0.2306 | U56: 0.2334 | V56: 0.2395 | W56: 0.2442 | X56: 0.2532 | Y56: 0.2372 | Z56: 0.2286 | AA56: 0.2324 | AB56: 0.2416 | AD56: Pump Sources | AE56: =SUMPRODUCT(AE57:AE58,C57:C58) -> 0.12879024 | AF56: =SUMPRODUCT(AF57:AF58,D57:D58) -> 0.11530538 | AG56: =SUMPRODUCT(AG57:AG58,E57:E58) -> 0.13315546 | AH56: =SUMPRODUCT(AH57:AH58,F57:F58) -> 0.11767498 | AI56: =SUMPRODUCT(AI57:AI58,G57:G58) -> 0.10486341 | AJ56: =SUMPRODUCT(AJ57:AJ58,H57:H58) -> 0.12555673 | AK56: =SUMPRODUCT(AK57:AK58,I57:I58) -> 0.096440781 | AL56: =SUMPRODUCT(AL57:AL58,J57:J58) -> 0.088955256 | ... BD56: =SUMPRODUCT(BD57:BD58,AB57:AB58) -> 0.094898375 | BF56: Pump Sources | BG56: CMI_Trend_52 | BH56: CMI_Trend_60 | BI56: CMI_Trend_56 | BJ56: CMI_Trend_46 | BK56: CMI_Trend_52 | BL56: CMI_Trend_56 | BM56: CMI_Trend_25 | BN56: CMI_Trend_60 | BO56: CMI_Trend_38 | BP56: CMI_Trend_25 | BQ56: CMI_Trend_20 | BR56: CMI_Trend_56 | BS56: CMI_Trend_20 | BT56: CMI_Trend_52 | BU56: CMI_Trend_46 | BV56: CMI_Trend_20 | BW56: CMI_Trend_46 | BX56: CMI_Trend_38 | BY56: CMI_Trend_25 | BZ56: CMI_Trend_56 | CA56: CMI_Trend_20 | CB56: CMI_Trend_38 | CC56: CMI_Trend_46 | CD56: CMI_Trend_60 | CE56: CMI_Trend_52 | CF56: CMI_Trend_25
B57: Laser Diodes & Diode Arrays | C57: =1-C58 -> 0.6388 | D57: =1-D58 -> 0.6416 | E57: =1-E58 -> 0.6408 | F57: =1-F58 -> 0.6369 | G57: =1-G58 -> 0.6215 | H57: =1-H58 -> 0.6466 | I57: =1-I58 -> 0.6182 | J57: =1-J58 -> 0.617 | ... AB57: =1-AB58 -> 0.6418 | AD57: Laser Diodes & Diode Arrays | AE57: 0.13348584 | AF57: 0.11996458 | AG57: 0.13782506 | AH57: 0.12239528 | AI57: 0.10978391 | AJ57: 0.13015093 | AK57: 0.10140418 | AL57: 0.093934256 | AM57: 0.11584965 | AN57: 0.16438745 | AO57: 0.17099313 | AP57: 0.12940458 | AQ57: 0.14495757 | AR57: 0.15362337 | AS57: 0.12225917 | AT57: 0.13704531 | AU57: 0.11200973 | AV57: 0.096747201 | AW57: 0.11963845 | AX57: 0.10480915 | AY57: 0.13843801 | AZ57: 0.14641335 | BA57: 0.12769815 | BB57: 0.11464726 | BC57: 0.10759417 | BD57: 0.099554975 | BF57: Laser Diodes & Diode Arrays | BG57: CMI_Trend_52 | BH57: CMI_Trend_38 | BI57: CMI_Trend_52 | BJ57: CMI_Trend_38 | BK57: CMI_Trend_52 | BL57: CMI_Trend_38 | BM57: CMI_Trend_20 | BN57: CMI_Trend_25 | BO57: CMI_Trend_60 | BP57: CMI_Trend_38 | BQ57: CMI_Trend_38 | BR57: CMI_Trend_20 | BS57: CMI_Trend_52 | BT57: CMI_Trend_25 | BU57: CMI_Trend_20 | BV57: CMI_Trend_20 | BW57: CMI_Trend_20 | BX57: CMI_Trend_52 | BY57: CMI_Trend_38 | BZ57: CMI_Trend_20 | CA57: CMI_Trend_52 | CB57: CMI_Trend_20 | CC57: CMI_Trend_38 | CD57: CMI_Trend_46 | CE57: CMI_Trend_25 | CF57: CMI_Trend_52
B58: Pump Modules | C58: 0.3612 | D58: 0.3584 | E58: 0.3592 | F58: 0.3631 | G58: 0.3785 | H58: 0.3534 | I58: 0.3818 | J58: 0.383 | K58: 0.3783 | L58: 0.378 | M58: 0.3776 | N58: 0.3809 | O58: 0.3799 | P58: 0.3692 | Q58: 0.3526 | R58: 0.354 | S58: 0.3817 | T58: 0.3839 | U58: 0.3709 | V58: 0.3508 | W58: 0.378 | X58: 0.3554 | Y58: 0.3663 | Z58: 0.3607 | AA58: 0.372 | AB58: 0.3582 | AD58: Pump Modules | AE58: 0.12048584 | AF58: 0.10696458 | AG58: 0.12482506 | AH58: 0.10939528 | AI58: 0.096783911 | AJ58: 0.11715093 | AK58: 0.088404181 | AL58: 0.080934256 | AM58: 0.10284965 | AN58: 0.15138745 | AO58: 0.15799313 | AP58: 0.11640458 | AQ58: 0.13195757 | AR58: 0.14062337 | AS58: 0.10925917 | AT58: 0.12404531 | AU58: 0.099009728 | AV58: 0.083747201 | AW58: 0.10663845 | AX58: 0.091809152 | AY58: 0.12543801 | AZ58: 0.13341335 | BA58: 0.11469815 | BB58: 0.10164726 | BC58: 0.094594171 | BD58: 0.086554975 | BF58: Pump Modules | BG58: CMI_Trend_25 | BH58: CMI_Trend_46 | BI58: CMI_Trend_56 | BJ58: CMI_Trend_56 | BK58: CMI_Trend_56 | BL58: CMI_Trend_46 | BM58: CMI_Trend_20 | BN58: CMI_Trend_52 | BO58: CMI_Trend_60 | BP58: CMI_Trend_46 | BQ58: CMI_Trend_52 | BR58: CMI_Trend_25 | BS58: CMI_Trend_56 | BT58: CMI_Trend_20 | BU58: CMI_Trend_38 | BV58: CMI_Trend_46 | BW58: CMI_Trend_20 | BX58: CMI_Trend_25 | BY58: CMI_Trend_46 | BZ58: CMI_Trend_56 | CA58: CMI_Trend_60 | CB58: CMI_Trend_25 | CC58: CMI_Trend_46 | CD58: CMI_Trend_38 | CE58: CMI_Trend_56 | CF58: CMI_Trend_60
B59: Beam Control & Delivery Subsystems | C59: 0.2178 | D59: 0.2047 | E59: 0.1838 | F59: 0.208 | G59: 0.2135 | H59: 0.1853 | I59: 0.2038 | J59: 0.2109 | K59: 0.1938 | L59: 0.1858 | M59: 0.2117 | N59: 0.2004 | O59: 0.2123 | P59: 0.1933 | Q59: 0.2022 | R59: 0.185 | S59: 0.1922 | T59: 0.1894 | U59: 0.2146 | V59: 0.2085 | W59: 0.189 | X59: 0.1861 | Y59: 0.1966 | Z59: 0.1897 | AA59: 0.1975 | AB59: 0.2191 | AD59: Beam Control & Delivery Subsystems | AE59: 0.13048584 | AF59: 0.11696458 | AG59: 0.13482506 | AH59: 0.11939528 | AI59: 0.10678391 | AJ59: 0.12715093 | AK59: 0.098404181 | AL59: 0.090934256 | AM59: 0.11284965 | AN59: 0.16138745 | AO59: 0.16799313 | AP59: 0.12640458 | AQ59: 0.14195757 | AR59: 0.15062337 | AS59: 0.11925917 | AT59: 0.13404531 | AU59: 0.10900973 | AV59: 0.093747201 | AW59: 0.11663845 | AX59: 0.10180915 | AY59: 0.13543801 | AZ59: 0.14341335 | BA59: 0.12469815 | BB59: 0.11164726 | BC59: 0.10459417 | BD59: 0.096554975 | BF59: Beam Control & Delivery Subsystems | BG59: CMI_Trend_25 | BH59: CMI_Trend_46 | BI59: CMI_Trend_52 | BJ59: CMI_Trend_46 | BK59: CMI_Trend_38 | BL59: CMI_Trend_56 | BM59: CMI_Trend_52 | BN59: CMI_Trend_20 | BO59: CMI_Trend_46 | BP59: CMI_Trend_52 | BQ59: CMI_Trend_56 | BR59: CMI_Trend_20 | BS59: CMI_Trend_52 | BT59: CMI_Trend_52 | BU59: CMI_Trend_38 | BV59: CMI_Trend_60 | BW59: CMI_Trend_25 | BX59: CMI_Trend_56 | BY59: CMI_Trend_60 | BZ59: CMI_Trend_20 | CA59: CMI_Trend_25 | CB59: CMI_Trend_46 | CC59: CMI_Trend_52 | CD59: CMI_Trend_20 | CE59: CMI_Trend_56 | CF59: CMI_Trend_46
B60: Thermal Management Subsystems | C60: 0.0963 | D60: 0.1024 | E60: 0.1056 | F60: 0.1173 | G60: 0.111 | H60: 0.1163 | I60: 0.1211 | J60: 0.1025 | K60: 0.1209 | L60: 0.1084 | M60: 0.1024 | N60: 0.1229 | O60: 0.1099 | P60: 0.0997 | Q60: 0.106 | R60: 0.0953 | S60: 0.1177 | T60: 0.0958 | U60: 0.1219 | V60: 0.1041 | W60: 0.1064 | X60: 0.1226 | Y60: 0.1002 | Z60: 0.0964 | AA60: 0.1002 | AB60: 0.1147 | AD60: Thermal Management Subsystems | AE60: 0.11448584 | AF60: 0.10096458 | AG60: 0.11882506 | AH60: 0.10339528 | AI60: 0.090783911 | AJ60: 0.11115093 | AK60: 0.082404181 | AL60: 0.074934256 | AM60: 0.096849653 | AN60: 0.14538745 | AO60: 0.15199313 | AP60: 0.11040458 | AQ60: 0.12595757 | AR60: 0.13462337 | AS60: 0.10325917 | AT60: 0.11804531 | AU60: 0.093009728 | AV60: 0.077747201 | AW60: 0.10063845 | AX60: 0.085809152 | AY60: 0.11943801 | AZ60: 0.12741335 | BA60: 0.10869815 | BB60: 0.095647258 | BC60: 0.088594171 | BD60: 0.080554975 | BF60: Thermal Management Subsystems | BG60: CMI_Trend_52 | BH60: CMI_Trend_25 | BI60: CMI_Trend_46 | BJ60: CMI_Trend_52 | BK60: CMI_Trend_25 | BL60: CMI_Trend_60 | BM60: CMI_Trend_46 | BN60: CMI_Trend_46 | BO60: CMI_Trend_46 | BP60: CMI_Trend_52 | BQ60: CMI_Trend_56 | BR60: CMI_Trend_25 | BS60: CMI_Trend_46 | BT60: CMI_Trend_46 | BU60: CMI_Trend_20 | BV60: CMI_Trend_46 | BW60: CMI_Trend_38 | BX60: CMI_Trend_56 | BY60: CMI_Trend_56 | BZ60: CMI_Trend_20 | CA60: CMI_Trend_46 | CB60: CMI_Trend_52 | CC60: CMI_Trend_38 | CD60: CMI_Trend_38 | CE60: CMI_Trend_20 | CF60: CMI_Trend_20
B61: Others (Power & Electronics Subsystems, etc.) | C61: 0.1021 | D61: 0.0965 | E61: 0.0883 | F61: 0.0876 | G61: 0.1015 | H61: 0.0972 | I61: 0.091 | J61: 0.0912 | K61: 0.0867 | L61: 0.1072 | M61: 0.0905 | N61: 0.1066 | O61: 0.101 | P61: 0.0879 | Q61: 0.0925 | R61: 0.1064 | S61: 0.0985 | T61: 0.107 | U61: 0.1047 | V61: 0.0854 | W61: 0.0989 | X61: 0.088 | Y61: 0.0952 | Z61: 0.1063 | AA61: 0.0916 | AB61: 0.0878 | AD61: Others (Power & Electronics Subsystems, etc.) | AE61: 0.11948584 | AF61: 0.10596458 | AG61: 0.12382506 | AH61: 0.10839528 | AI61: 0.095783911 | AJ61: 0.11615093 | AK61: 0.087404181 | AL61: 0.079934256 | AM61: 0.10184965 | AN61: 0.15038745 | AO61: 0.15699313 | AP61: 0.11540458 | AQ61: 0.13095757 | AR61: 0.13962337 | AS61: 0.10825917 | AT61: 0.12304531 | AU61: 0.098009728 | AV61: 0.082747201 | AW61: 0.10563845 | AX61: 0.090809152 | AY61: 0.12443801 | AZ61: 0.13241335 | BA61: 0.11369815 | BB61: 0.10064726 | BC61: 0.093594171 | BD61: 0.085554975 | BF61: Others (Power & Electronics Subsystems, etc.) | BG61: CMI_Trend_25 | BH61: CMI_Trend_38 | BI61: CMI_Trend_20 | BJ61: CMI_Trend_25 | BK61: CMI_Trend_46 | BL61: CMI_Trend_60 | BM61: CMI_Trend_52 | BN61: CMI_Trend_25 | BO61: CMI_Trend_38 | BP61: CMI_Trend_46 | BQ61: CMI_Trend_60 | BR61: CMI_Trend_46 | BS61: CMI_Trend_60 | BT61: CMI_Trend_46 | BU61: CMI_Trend_38 | BV61: CMI_Trend_46 | BW61: CMI_Trend_25 | BX61: CMI_Trend_60 | BY61: CMI_Trend_46 | BZ61: CMI_Trend_60 | CA61: CMI_Trend_46 | CB61: CMI_Trend_60 | CC61: CMI_Trend_38 | CD61: CMI_Trend_56 | CE61: CMI_Trend_46 | CF61: CMI_Trend_56
B63: By Application | AD63: By Application | AE63: =AE64*C64+AE70*C70+AE79*C79+AE84*C84+AE90*C90+AE91*C91 -> 0.120736 | AF63: =AF64*D64+AF70*D70+AF79*D79+AF84*D84+AF90*D90+AF91*D91 -> 0.106736 | AG63: =AG64*E64+AG70*E70+AG79*E79+AG84*E84+AG90*E90+AG91*E91 -> 0.12416182 | AH63: =AH64*F64+AH70*F70+AH79*F79+AH84*F84+AH90*F90+AH91*F91 -> 0.10898555 | AI63: =AI64*G64+AI70*G70+AI79*G79+AI84*G84+AI90*G90+AI91*G91 -> 0.096482248 | AJ63: =AJ64*H64+AJ70*H70+AJ79*H79+AJ84*H84+AJ90*H90+AJ91*H91 -> 0.11689586 | AK63: =AK64*I64+AK70*I70+AK79*I79+AK84*I84+AK90*I90+AK91*I91 -> 0.088281079 | AL63: =AL64*J64+AL70*J70+AL79*J79+AL84*J84+AL90*J90+AL91*J91 -> 0.080810923 | ... BD63: =BD64*AB64+BD70*AB70+BD79*AB79+BD84*AB84+BD90*AB90+BD91*AB91 -> 0.086528747 | BF63: By Application
B64: Defense & Security | C64: =1-SUM(C70,C79,C84,C90:C91) -> 0.2618 | D64: =1-SUM(D70,D79,D84,D90:D91) -> 0.2205 | E64: =1-SUM(E70,E79,E84,E90:E91) -> 0.2337 | F64: =1-SUM(F70,F79,F84,F90:F91) -> 0.2404 | G64: =1-SUM(G70,G79,G84,G90:G91) -> 0.2413 | H64: =1-SUM(H70,H79,H84,H90:H91) -> 0.203 | I64: =1-SUM(I70,I79,I84,I90:I91) -> 0.2609 | J64: =1-SUM(J70,J79,J84,J90:J91) -> 0.2234 | ... AB64: =1-SUM(AB70,AB79,AB84,AB90:AB91) -> 0.2347 | AD64: Defense & Security | AE64: =SUMPRODUCT(AE65:AE69,C65:C69) -> 0.15196159 | AF64: =SUMPRODUCT(AF65:AF69,D65:D69) -> 0.14085783 | AG64: =SUMPRODUCT(AG65:AG69,E65:E69) -> 0.15605791 | AH64: =SUMPRODUCT(AH65:AH69,F65:F69) -> 0.14095427 | AI64: =SUMPRODUCT(AI65:AI69,G65:G69) -> 0.12949306 | AJ64: =SUMPRODUCT(AJ65:AJ69,H65:H69) -> 0.15242879 | AK64: =SUMPRODUCT(AK65:AK69,I65:I69) -> 0.11959197 | AL64: =SUMPRODUCT(AL65:AL69,J65:J69) -> 0.11456406 | ... BD64: =SUMPRODUCT(BD65:BD69,AB65:AB69) -> 0.11777711 | BF64: Defense & Security | BG64: CMI_Trend_46 | BH64: CMI_Trend_46 | BI64: CMI_Trend_25 | BJ64: CMI_Trend_52 | BK64: CMI_Trend_20 | BL64: CMI_Trend_52 | BM64: CMI_Trend_38 | BN64: CMI_Trend_20 | BO64: CMI_Trend_25 | BP64: CMI_Trend_25 | BQ64: CMI_Trend_25 | BR64: CMI_Trend_46 | BS64: CMI_Trend_56 | BT64: CMI_Trend_46 | BU64: CMI_Trend_56 | BV64: CMI_Trend_46 | BW64: CMI_Trend_20 | BX64: CMI_Trend_56 | BY64: CMI_Trend_52 | BZ64: CMI_Trend_60 | CA64: CMI_Trend_25 | CB64: CMI_Trend_60 | CC64: CMI_Trend_60 | CD64: CMI_Trend_20 | CE64: CMI_Trend_38 | CF64: CMI_Trend_38
B65: Counter-UAS | C65: =1-SUM(C66:C69) -> 0.3046 | D65: =1-SUM(D66:D69) -> 0.3231 | E65: =1-SUM(E66:E69) -> 0.3201 | F65: =1-SUM(F66:F69) -> 0.31 | G65: =1-SUM(G66:G69) -> 0.3231 | H65: =1-SUM(H66:H69) -> 0.3528 | I65: =1-SUM(I66:I69) -> 0.3161 | J65: =1-SUM(J66:J69) -> 0.3417 | ... AB65: =1-SUM(AB66:AB69) -> 0.2943 | AD65: Counter-UAS | AE65: 0.17979582 | AF65: 0.16721598 | AG65: 0.18298526 | AH65: 0.16864429 | AI65: 0.15577236 | AJ65: 0.17790695 | AK65: 0.14670991 | AL65: 0.14084834 | AM65: 0.16115141 | AN65: 0.21126102 | AO65: 0.21912409 | AP65: 0.17616498 | AQ65: 0.19138704 | AR65: 0.19922556 | AS65: 0.16820684 | AT65: 0.1835032 | AU65: 0.15802702 | AV65: 0.14395207 | AW65: 0.16650435 | AX65: 0.15101524 | AY65: 0.18474594 | AZ65: 0.1948121 | BA65: 0.17414176 | BB65: 0.16135544 | BC65: 0.15513363 | BD65: 0.14574403 | BF65: Counter-UAS | BG65: CMI_Trend_25 | BH65: CMI_Trend_56 | BI65: CMI_Trend_25 | BJ65: CMI_Trend_38 | BK65: CMI_Trend_56 | BL65: CMI_Trend_56 | BM65: CMI_Trend_20 | BN65: CMI_Trend_38 | BO65: CMI_Trend_56 | BP65: CMI_Trend_46 | BQ65: CMI_Trend_20 | BR65: CMI_Trend_52 | BS65: CMI_Trend_60 | BT65: CMI_Trend_38 | BU65: CMI_Trend_38 | BV65: CMI_Trend_60 | BW65: CMI_Trend_25 | BX65: CMI_Trend_56 | BY65: CMI_Trend_38 | BZ65: CMI_Trend_20 | CA65: CMI_Trend_38 | CB65: CMI_Trend_60 | CC65: CMI_Trend_38 | CD65: CMI_Trend_60 | CE65: CMI_Trend_56 | CF65: CMI_Trend_60
B66: Counter-RAM | C66: 0.179 | D66: 0.1993 | E66: 0.1772 | F66: 0.1808 | G66: 0.1911 | H66: 0.1658 | I66: 0.1798 | J66: 0.1674 | K66: 0.1827 | L66: 0.1714 | M66: 0.1772 | N66: 0.1922 | O66: 0.169 | P66: 0.1834 | Q66: 0.1663 | R66: 0.183 | S66: 0.169 | T66: 0.1903 | U66: 0.1999 | V66: 0.1711 | W66: 0.1776 | X66: 0.1961 | Y66: 0.1853 | Z66: 0.1842 | AA66: 0.1734 | AB66: 0.1833 | AD66: Counter-RAM | AE66: 0.15531188 | AF66: 0.14273204 | AG66: 0.15850132 | AH66: 0.14416035 | AI66: 0.13128842 | AJ66: 0.15342301 | AK66: 0.12222597 | AL66: 0.1163644 | AM66: 0.13666747 | AN66: 0.18677708 | AO66: 0.19464015 | AP66: 0.15168104 | AQ66: 0.1669031 | AR66: 0.17474162 | AS66: 0.1437229 | AT66: 0.15901926 | AU66: 0.13354308 | AV66: 0.11946813 | AW66: 0.14202041 | AX66: 0.12653129 | AY66: 0.160262 | AZ66: 0.17032816 | BA66: 0.14965782 | BB66: 0.1368715 | BC66: 0.13064969 | BD66: 0.12126009 | BF66: Counter-RAM | BG66: CMI_Trend_25 | BH66: CMI_Trend_46 | BI66: CMI_Trend_52 | BJ66: CMI_Trend_52 | BK66: CMI_Trend_25 | BL66: CMI_Trend_52 | BM66: CMI_Trend_60 | BN66: CMI_Trend_56 | BO66: CMI_Trend_25 | BP66: CMI_Trend_60 | BQ66: CMI_Trend_25 | BR66: CMI_Trend_38 | BS66: CMI_Trend_46 | BT66: CMI_Trend_46 | BU66: CMI_Trend_38 | BV66: CMI_Trend_20 | BW66: CMI_Trend_20 | BX66: CMI_Trend_25 | BY66: CMI_Trend_25 | BZ66: CMI_Trend_25 | CA66: CMI_Trend_38 | CB66: CMI_Trend_38 | CC66: CMI_Trend_38 | CD66: CMI_Trend_20 | CE66: CMI_Trend_46 | CF66: CMI_Trend_20
B67: Laser Guidance Systems | C67: 0.1625 | D67: 0.1632 | E67: 0.1465 | F67: 0.1716 | G67: 0.149 | H67: 0.1446 | I67: 0.1707 | J67: 0.1587 | K67: 0.1688 | L67: 0.1414 | M67: 0.1487 | N67: 0.1476 | O67: 0.1589 | P67: 0.1667 | Q67: 0.1591 | R67: 0.1583 | S67: 0.1745 | T67: 0.1632 | U67: 0.1564 | V67: 0.1404 | W67: 0.1505 | X67: 0.1638 | Y67: 0.1461 | Z67: 0.1401 | AA67: 0.1739 | AB67: 0.1525 | AD67: Laser Guidance Systems | AE67: 0.13224835 | AF67: 0.11966851 | AG67: 0.13543779 | AH67: 0.12109683 | AI67: 0.10822489 | AJ67: 0.13035948 | AK67: 0.099162445 | AL67: 0.093300875 | AM67: 0.11360394 | AN67: 0.16371355 | AO67: 0.17157662 | AP67: 0.12861751 | AQ67: 0.14383958 | AR67: 0.15167809 | AS67: 0.12065937 | AT67: 0.13595573 | AU67: 0.11047955 | AV67: 0.096404599 | AW67: 0.11895688 | AX67: 0.10346777 | AY67: 0.13719847 | AZ67: 0.14726463 | BA67: 0.1265943 | BB67: 0.11380797 | BC67: 0.10758616 | BD67: 0.098196559 | BF67: Laser Guidance Systems | BG67: CMI_Trend_52 | BH67: CMI_Trend_52 | BI67: CMI_Trend_20 | BJ67: CMI_Trend_46 | BK67: CMI_Trend_38 | BL67: CMI_Trend_60 | BM67: CMI_Trend_25 | BN67: CMI_Trend_25 | BO67: CMI_Trend_56 | BP67: CMI_Trend_38 | BQ67: CMI_Trend_52 | BR67: CMI_Trend_38 | BS67: CMI_Trend_46 | BT67: CMI_Trend_56 | BU67: CMI_Trend_52 | BV67: CMI_Trend_52 | BW67: CMI_Trend_52 | BX67: CMI_Trend_38 | BY67: CMI_Trend_60 | BZ67: CMI_Trend_60 | CA67: CMI_Trend_46 | CB67: CMI_Trend_52 | CC67: CMI_Trend_56 | CD67: CMI_Trend_56 | CE67: CMI_Trend_25 | CF67: CMI_Trend_52
B68: Defensive Countermeasures & DIRCM | C68: 0.2208 | D68: 0.2062 | E68: 0.2304 | F68: 0.2065 | G68: 0.2281 | H68: 0.227 | I68: 0.2166 | J68: 0.2121 | K68: 0.2379 | L68: 0.2147 | M68: 0.2356 | N68: 0.2336 | O68: 0.2199 | P68: 0.2042 | Q68: 0.2264 | R68: 0.2098 | S68: 0.2368 | T68: 0.2144 | U68: 0.2195 | V68: 0.233 | W68: 0.2121 | X68: 0.2385 | Y68: 0.2167 | Z68: 0.2159 | AA68: 0.238 | AB68: 0.2391 | AD68: Defensive Countermeasures & DIRCM | AE68: 0.14476961 | AF68: 0.13218977 | AG68: 0.14795905 | AH68: 0.13361808 | AI68: 0.12074615 | AJ68: 0.14288074 | AK68: 0.1116837 | AL68: 0.10582213 | AM68: 0.1261252 | AN68: 0.17623481 | AO68: 0.18409788 | AP68: 0.14113876 | AQ68: 0.15636083 | AR68: 0.16419935 | AS68: 0.13318063 | AT68: 0.14847699 | AU68: 0.12300081 | AV68: 0.10892586 | AW68: 0.13147814 | AX68: 0.11598902 | AY68: 0.14971973 | AZ68: 0.15978589 | BA68: 0.13911555 | BB68: 0.12632923 | BC68: 0.12010742 | BD68: 0.11071782 | BF68: Defensive Countermeasures & DIRCM | BG68: CMI_Trend_60 | BH68: CMI_Trend_60 | BI68: CMI_Trend_52 | BJ68: CMI_Trend_38 | BK68: CMI_Trend_46 | BL68: CMI_Trend_25 | BM68: CMI_Trend_56 | BN68: CMI_Trend_46 | BO68: CMI_Trend_25 | BP68: CMI_Trend_52 | BQ68: CMI_Trend_56 | BR68: CMI_Trend_25 | BS68: CMI_Trend_56 | BT68: CMI_Trend_56 | BU68: CMI_Trend_46 | BV68: CMI_Trend_60 | BW68: CMI_Trend_25 | BX68: CMI_Trend_20 | BY68: CMI_Trend_56 | BZ68: CMI_Trend_56 | CA68: CMI_Trend_60 | CB68: CMI_Trend_60 | CC68: CMI_Trend_20 | CD68: CMI_Trend_46 | CE68: CMI_Trend_56 | CF68: CMI_Trend_38
B69: Other Defense & Security Applications | C69: 0.1331 | D69: 0.1082 | E69: 0.1258 | F69: 0.1311 | G69: 0.1087 | H69: 0.1098 | I69: 0.1168 | J69: 0.1201 | K69: 0.1165 | L69: 0.1163 | M69: 0.1087 | N69: 0.1264 | O69: 0.1013 | P69: 0.115 | Q69: 0.1031 | R69: 0.124 | S69: 0.1165 | T69: 0.1221 | U69: 0.1266 | V69: 0.1022 | W69: 0.1355 | X69: 0.1106 | Y69: 0.1158 | Z69: 0.1356 | AA69: 0.1059 | AB69: 0.1308 | AD69: Other Defense & Security Applications | AE69: 0.11975561 | AF69: 0.10717577 | AG69: 0.12294505 | AH69: 0.10860408 | AI69: 0.095732149 | AJ69: 0.11786674 | AK69: 0.0866697 | AL69: 0.080808131 | AM69: 0.1011112 | AN69: 0.15122081 | AO69: 0.15908388 | AP69: 0.11612476 | AQ69: 0.13134683 | AR69: 0.13918535 | AS69: 0.10816662 | AT69: 0.12346299 | AU69: 0.09798681 | AV69: 0.083911855 | AW69: 0.10646413 | AX69: 0.090975022 | AY69: 0.12470573 | AZ69: 0.13477189 | BA69: 0.11410155 | BB69: 0.10131523 | BC69: 0.095093419 | BD69: 0.085703815 | BF69: Other Defense & Security Applications | BG69: CMI_Trend_46 | BH69: CMI_Trend_60 | BI69: CMI_Trend_52 | BJ69: CMI_Trend_20 | BK69: CMI_Trend_25 | BL69: CMI_Trend_60 | BM69: CMI_Trend_52 | BN69: CMI_Trend_56 | BO69: CMI_Trend_20 | BP69: CMI_Trend_38 | BQ69: CMI_Trend_25 | BR69: CMI_Trend_52 | BS69: CMI_Trend_25 | BT69: CMI_Trend_56 | BU69: CMI_Trend_25 | BV69: CMI_Trend_38 | BW69: CMI_Trend_52 | BX69: CMI_Trend_46 | BY69: CMI_Trend_46 | BZ69: CMI_Trend_38 | CA69: CMI_Trend_25 | CB69: CMI_Trend_52 | CC69: CMI_Trend_38 | CD69: CMI_Trend_56 | CE69: CMI_Trend_60 | CF69: CMI_Trend_38
B70: Industrial Manufacturing | C70: 0.3309 | D70: 0.346 | E70: 0.3251 | F70: 0.3267 | G70: 0.3452 | H70: 0.3552 | I70: 0.3331 | J70: 0.3317 | K70: 0.3435 | L70: 0.3504 | M70: 0.3401 | N70: 0.3496 | O70: 0.3331 | P70: 0.3296 | Q70: 0.3255 | R70: 0.3255 | S70: 0.3318 | T70: 0.3264 | U70: 0.3427 | V70: 0.3472 | W70: 0.349 | X70: 0.3516 | Y70: 0.3535 | Z70: 0.3526 | AA70: 0.3527 | AB70: 0.3278 | AD70: Industrial Manufacturing | AE70: =SUMPRODUCT(AE71:AE78,C71:C78) -> 0.1035705 | AF70: =SUMPRODUCT(AF71:AF78,D71:D78) -> 0.091223083 | AG70: =SUMPRODUCT(AG71:AG78,E71:E78) -> 0.10789232 | AH70: =SUMPRODUCT(AH71:AH78,F71:F78) -> 0.091659322 | AI70: =SUMPRODUCT(AI71:AI78,G71:G78) -> 0.079060455 | AJ70: =SUMPRODUCT(AJ71:AJ78,H71:H78) -> 0.10039911 | AK70: =SUMPRODUCT(AK71:AK78,I71:I78) -> 0.071136334 | AL70: =SUMPRODUCT(AL71:AL78,J71:J78) -> 0.064241903 | ... BD70: =SUMPRODUCT(BD71:BD78,AB71:AB78) -> 0.069590172 | BF70: Industrial Manufacturing | BG70: CMI_Trend_52 | BH70: CMI_Trend_46 | BI70: CMI_Trend_20 | BJ70: CMI_Trend_60 | BK70: CMI_Trend_46 | BL70: CMI_Trend_56 | BM70: CMI_Trend_25 | BN70: CMI_Trend_52 | BO70: CMI_Trend_25 | BP70: CMI_Trend_60 | BQ70: CMI_Trend_25 | BR70: CMI_Trend_25 | BS70: CMI_Trend_52 | BT70: CMI_Trend_38 | BU70: CMI_Trend_56 | BV70: CMI_Trend_25 | BW70: CMI_Trend_56 | BX70: CMI_Trend_38 | BY70: CMI_Trend_52 | BZ70: CMI_Trend_25 | CA70: CMI_Trend_56 | CB70: CMI_Trend_38 | CC70: CMI_Trend_56 | CD70: CMI_Trend_56 | CE70: CMI_Trend_25 | CF70: CMI_Trend_25
B71: Cutting | C71: =1-SUM(C72:C78) -> 0.2744 | D71: =1-SUM(D72:D78) -> 0.2627 | E71: =1-SUM(E72:E78) -> 0.2107 | F71: =1-SUM(F72:F78) -> 0.2675 | G71: =1-SUM(G72:G78) -> 0.2516 | H71: =1-SUM(H72:H78) -> 0.2972 | I71: =1-SUM(I72:I78) -> 0.2343 | J71: =1-SUM(J72:J78) -> 0.2734 | ... AB71: =1-SUM(AB72:AB78) -> 0.2641 | AD71: Cutting | AE71: 0.086606007 | AF71: 0.074026168 | AG71: 0.08979545 | AH71: 0.075454481 | AI71: 0.062582549 | AJ71: 0.08471714 | AK71: 0.0535201 | AL71: 0.047658531 | AM71: 0.0679616 | AN71: 0.11807121 | AO71: 0.12593428 | AP71: 0.082975164 | AQ71: 0.098197231 | AR71: 0.10603575 | AS71: 0.075017024 | AT71: 0.090313387 | AU71: 0.06483721 | AV71: 0.050762255 | AW71: 0.073314534 | AX71: 0.057825422 | AY71: 0.091556126 | AZ71: 0.10162229 | BA71: 0.080951951 | BB71: 0.068165627 | BC71: 0.061943819 | BD71: 0.052554215 | BF71: Cutting | BG71: CMI_Trend_25 | BH71: CMI_Trend_56 | BI71: CMI_Trend_56 | BJ71: CMI_Trend_25 | BK71: CMI_Trend_20 | BL71: CMI_Trend_46 | BM71: CMI_Trend_25 | BN71: CMI_Trend_25 | BO71: CMI_Trend_46 | BP71: CMI_Trend_60 | BQ71: CMI_Trend_25 | BR71: CMI_Trend_25 | BS71: CMI_Trend_25 | BT71: CMI_Trend_52 | BU71: CMI_Trend_60 | BV71: CMI_Trend_56 | BW71: CMI_Trend_38 | BX71: CMI_Trend_25 | BY71: CMI_Trend_46 | BZ71: CMI_Trend_46 | CA71: CMI_Trend_20 | CB71: CMI_Trend_46 | CC71: CMI_Trend_56 | CD71: CMI_Trend_25 | CE71: CMI_Trend_25 | CF71: CMI_Trend_60
B72: Welding | C72: 0.154 | D72: 0.1624 | E72: 0.146 | F72: 0.1759 | G72: 0.1629 | H72: 0.1548 | I72: 0.1581 | J72: 0.1753 | K72: 0.1457 | L72: 0.1773 | M72: 0.1787 | N72: 0.1444 | O72: 0.1642 | P72: 0.171 | Q72: 0.1475 | R72: 0.1482 | S72: 0.1558 | T72: 0.1674 | U72: 0.1755 | V72: 0.1654 | W72: 0.1636 | X72: 0.1787 | Y72: 0.1769 | Z72: 0.1469 | AA72: 0.1551 | AB72: 0.1768 | AD72: Welding | AE72: 0.10845821 | AF72: 0.095878372 | AG72: 0.11164765 | AH72: 0.097306684 | AI72: 0.084434752 | AJ72: 0.10656934 | AK72: 0.075372303 | AL72: 0.069510734 | AM72: 0.089813804 | AN72: 0.13992341 | AO72: 0.14778648 | AP72: 0.10482737 | AQ72: 0.12004943 | AR72: 0.12788795 | AS72: 0.096869227 | AT72: 0.11216559 | AU72: 0.086689413 | AV72: 0.072614458 | AW72: 0.095166737 | AX72: 0.079677625 | AY72: 0.11340833 | AZ72: 0.12347449 | BA72: 0.10280415 | BB72: 0.09001783 | BC72: 0.083796022 | BD72: 0.074406418 | BF72: Welding | BG72: CMI_Trend_46 | BH72: CMI_Trend_25 | BI72: CMI_Trend_46 | BJ72: CMI_Trend_52 | BK72: CMI_Trend_38 | BL72: CMI_Trend_56 | BM72: CMI_Trend_20 | BN72: CMI_Trend_46 | BO72: CMI_Trend_46 | BP72: CMI_Trend_46 | BQ72: CMI_Trend_56 | BR72: CMI_Trend_56 | BS72: CMI_Trend_38 | BT72: CMI_Trend_56 | BU72: CMI_Trend_25 | BV72: CMI_Trend_25 | BW72: CMI_Trend_38 | BX72: CMI_Trend_60 | BY72: CMI_Trend_56 | BZ72: CMI_Trend_52 | CA72: CMI_Trend_46 | CB72: CMI_Trend_46 | CC72: CMI_Trend_60 | CD72: CMI_Trend_56 | CE72: CMI_Trend_52 | CF72: CMI_Trend_20
B73: Drilling | C73: 0.0882 | D73: 0.0689 | E73: 0.0864 | F73: 0.0681 | G73: 0.0807 | H73: 0.0602 | I73: 0.0699 | J73: 0.0852 | K73: 0.0846 | L73: 0.0538 | M73: 0.0592 | N73: 0.0603 | O73: 0.0559 | P73: 0.067 | Q73: 0.0771 | R73: 0.0721 | S73: 0.0794 | T73: 0.0788 | U73: 0.0768 | V73: 0.0683 | W73: 0.0882 | X73: 0.0569 | Y73: 0.0769 | Z73: 0.0811 | AA73: 0.087 | AB73: 0.0551 | AD73: Drilling | AE73: 0.10079792 | AF73: 0.088218085 | AG73: 0.10398737 | AH73: 0.089646397 | AI73: 0.076774466 | AJ73: 0.098909056 | AK73: 0.067712017 | AL73: 0.061850447 | AM73: 0.082153517 | AN73: 0.13226312 | AO73: 0.1401262 | AP73: 0.09716708 | AQ73: 0.11238915 | AR73: 0.12022766 | AS73: 0.089208941 | AT73: 0.1045053 | AU73: 0.079029126 | AV73: 0.064954171 | AW73: 0.08750645 | AX73: 0.072017338 | AY73: 0.10574804 | AZ73: 0.1158142 | BA73: 0.095143868 | BB73: 0.082357543 | BC73: 0.076135735 | BD73: 0.066746131 | BF73: Drilling | BG73: CMI_Trend_25 | BH73: CMI_Trend_56 | BI73: CMI_Trend_20 | BJ73: CMI_Trend_38 | BK73: CMI_Trend_60 | BL73: CMI_Trend_25 | BM73: CMI_Trend_52 | BN73: CMI_Trend_20 | BO73: CMI_Trend_20 | BP73: CMI_Trend_25 | BQ73: CMI_Trend_38 | BR73: CMI_Trend_52 | BS73: CMI_Trend_46 | BT73: CMI_Trend_56 | BU73: CMI_Trend_20 | BV73: CMI_Trend_46 | BW73: CMI_Trend_46 | BX73: CMI_Trend_25 | BY73: CMI_Trend_38 | BZ73: CMI_Trend_60 | CA73: CMI_Trend_25 | CB73: CMI_Trend_20 | CC73: CMI_Trend_56 | CD73: CMI_Trend_38 | CE73: CMI_Trend_60 | CF73: CMI_Trend_38
B74: Surface Treatment & Hardening | C74: 0.091 | D74: 0.0996 | E74: 0.1094 | F74: 0.0911 | G74: 0.084 | H74: 0.0808 | I74: 0.1021 | J74: 0.0805 | K74: 0.0797 | L74: 0.1111 | M74: 0.0903 | N74: 0.0878 | O74: 0.101 | P74: 0.111 | Q74: 0.0816 | R74: 0.0792 | S74: 0.0941 | T74: 0.1021 | U74: 0.0925 | V74: 0.0945 | W74: 0.0989 | X74: 0.1025 | Y74: 0.1002 | Z74: 0.0988 | AA74: 0.0972 | AB74: 0.0765 | AD74: Surface Treatment & Hardening | AE74: 0.11576927 | AF74: 0.10318943 | AG74: 0.11895872 | AH74: 0.10461775 | AI74: 0.091745814 | AJ74: 0.11388041 | AK74: 0.082683365 | AL74: 0.076821796 | AM74: 0.097124865 | AN74: 0.14723447 | AO74: 0.15509755 | AP74: 0.11213843 | AQ74: 0.1273605 | AR74: 0.13519901 | AS74: 0.10418029 | AT74: 0.11947665 | AU74: 0.094000475 | AV74: 0.07992552 | AW74: 0.1024778 | AX74: 0.086988687 | AY74: 0.12071939 | AZ74: 0.13078555 | BA74: 0.11011522 | BB74: 0.097328892 | BC74: 0.091107084 | BD74: 0.08171748 | BF74: Surface Treatment & Hardening | BG74: CMI_Trend_60 | BH74: CMI_Trend_25 | BI74: CMI_Trend_46 | BJ74: CMI_Trend_46 | BK74: CMI_Trend_60 | BL74: CMI_Trend_20 | BM74: CMI_Trend_52 | BN74: CMI_Trend_60 | BO74: CMI_Trend_56 | BP74: CMI_Trend_52 | BQ74: CMI_Trend_25 | BR74: CMI_Trend_56 | BS74: CMI_Trend_20 | BT74: CMI_Trend_25 | BU74: CMI_Trend_60 | BV74: CMI_Trend_20 | BW74: CMI_Trend_25 | BX74: CMI_Trend_25 | BY74: CMI_Trend_38 | BZ74: CMI_Trend_46 | CA74: CMI_Trend_38 | CB74: CMI_Trend_38 | CC74: CMI_Trend_56 | CD74: CMI_Trend_46 | CE74: CMI_Trend_56 | CF74: CMI_Trend_25
B75: Laser Cladding / DED | C75: 0.1121 | D75: 0.1068 | E75: 0.1239 | F75: 0.1083 | G75: 0.1069 | H75: 0.1188 | I75: 0.1236 | J75: 0.1138 | K75: 0.1092 | L75: 0.1029 | M75: 0.1001 | N75: 0.124 | O75: 0.1246 | P75: 0.1088 | Q75: 0.1219 | R75: 0.1064 | S75: 0.1141 | T75: 0.1151 | U75: 0.1042 | V75: 0.11 | W75: 0.0941 | X75: 0.1169 | Y75: 0.101 | Z75: 0.1201 | AA75: 0.1155 | AB75: 0.1224 | AD75: Laser Cladding / DED | AE75: 0.13193089 | AF75: 0.11935105 | AG75: 0.13512033 | AH75: 0.12077936 | AI75: 0.10790743 | AJ75: 0.13004202 | AK75: 0.098844981 | AL75: 0.092983411 | AM75: 0.11328648 | AN75: 0.16339609 | AO75: 0.17125916 | AP75: 0.12830004 | AQ75: 0.14352211 | AR75: 0.15136063 | AS75: 0.1203419 | AT75: 0.13563827 | AU75: 0.11016209 | AV75: 0.096087135 | AW75: 0.11863941 | AX75: 0.1031503 | AY75: 0.13688101 | AZ75: 0.14694717 | BA75: 0.12627683 | BB75: 0.11349051 | BC75: 0.1072687 | BD75: 0.097879095 | BF75: Laser Cladding / DED | BG75: CMI_Trend_25 | BH75: CMI_Trend_60 | BI75: CMI_Trend_25 | BJ75: CMI_Trend_38 | BK75: CMI_Trend_56 | BL75: CMI_Trend_25 | BM75: CMI_Trend_38 | BN75: CMI_Trend_46 | BO75: CMI_Trend_38 | BP75: CMI_Trend_56 | BQ75: CMI_Trend_38 | BR75: CMI_Trend_38 | BS75: CMI_Trend_46 | BT75: CMI_Trend_20 | BU75: CMI_Trend_38 | BV75: CMI_Trend_52 | BW75: CMI_Trend_25 | BX75: CMI_Trend_38 | BY75: CMI_Trend_25 | BZ75: CMI_Trend_46 | CA75: CMI_Trend_46 | CB75: CMI_Trend_46 | CC75: CMI_Trend_56 | CD75: CMI_Trend_20 | CE75: CMI_Trend_38 | CF75: CMI_Trend_20
B76: Marking & Engraving | C76: 0.0914 | D76: 0.0972 | E76: 0.1126 | F76: 0.1027 | G76: 0.1172 | H76: 0.1066 | I76: 0.1013 | J76: 0.0955 | K76: 0.1216 | L76: 0.0875 | M76: 0.1214 | N76: 0.1 | O76: 0.1149 | P76: 0.1068 | Q76: 0.09 | R76: 0.113 | S76: 0.0969 | T76: 0.0903 | U76: 0.0989 | V76: 0.1159 | W76: 0.0944 | X76: 0.113 | Y76: 0.0956 | Z76: 0.1074 | AA76: 0.1199 | AB76: 0.1176 | AD76: Marking & Engraving | AE76: 0.079067489 | AF76: 0.066487651 | AG76: 0.082256932 | AH76: 0.067915963 | AI76: 0.055044031 | AJ76: 0.077178622 | AK76: 0.045981582 | AL76: 0.040120013 | AM76: 0.060423082 | AN76: 0.11053269 | AO76: 0.11839576 | AP76: 0.075436646 | AQ76: 0.090658713 | AR76: 0.09849723 | AS76: 0.067478506 | AT76: 0.082774869 | AU76: 0.057298692 | AV76: 0.043223737 | AW76: 0.065776016 | AX76: 0.050286904 | AY76: 0.084017608 | AZ76: 0.09408377 | BA76: 0.073413433 | BB76: 0.060627109 | BC76: 0.054405301 | BD76: 0.045015697 | BF76: Marking & Engraving | BG76: CMI_Trend_38 | BH76: CMI_Trend_52 | BI76: CMI_Trend_25 | BJ76: CMI_Trend_52 | BK76: CMI_Trend_38 | BL76: CMI_Trend_56 | BM76: CMI_Trend_38 | BN76: CMI_Trend_52 | BO76: CMI_Trend_52 | BP76: CMI_Trend_25 | BQ76: CMI_Trend_38 | BR76: CMI_Trend_20 | BS76: CMI_Trend_52 | BT76: CMI_Trend_20 | BU76: CMI_Trend_20 | BV76: CMI_Trend_60 | BW76: CMI_Trend_60 | BX76: CMI_Trend_20 | BY76: CMI_Trend_46 | BZ76: CMI_Trend_46 | CA76: CMI_Trend_52 | CB76: CMI_Trend_25 | CC76: CMI_Trend_38 | CD76: CMI_Trend_52 | CE76: CMI_Trend_20 | CF76: CMI_Trend_20
B77: Microprocessing & Precision Machining | C77: 0.1339 | D77: 0.1427 | E77: 0.1429 | F77: 0.1111 | G77: 0.1341 | H77: 0.109 | I77: 0.1306 | J77: 0.1186 | K77: 0.1396 | L77: 0.1355 | M77: 0.1162 | N77: 0.131 | O77: 0.1386 | P77: 0.1264 | Q77: 0.1206 | R77: 0.1373 | S77: 0.1425 | T77: 0.1205 | U77: 0.1315 | V77: 0.1422 | W77: 0.1177 | X77: 0.1365 | Y77: 0.1404 | Z77: 0.1428 | AA77: 0.1346 | AB77: 0.1408 | AD77: Microprocessing & Precision Machining | AE77: 0.12337198 | AF77: 0.11079214 | AG77: 0.12656142 | AH77: 0.11222045 | AI77: 0.099348519 | AJ77: 0.12148311 | AK77: 0.09028607 | AL77: 0.084424501 | AM77: 0.10472757 | AN77: 0.15483718 | AO77: 0.16270025 | AP77: 0.11974113 | AQ77: 0.1349632 | AR77: 0.14280172 | AS77: 0.11178299 | AT77: 0.12707936 | AU77: 0.10160318 | AV77: 0.087528225 | AW77: 0.1100805 | AX77: 0.094591392 | AY77: 0.1283221 | AZ77: 0.13838826 | BA77: 0.11771792 | BB77: 0.1049316 | BC77: 0.098709789 | BD77: 0.089320185 | BF77: Microprocessing & Precision Machining | BG77: CMI_Trend_46 | BH77: CMI_Trend_38 | BI77: CMI_Trend_56 | BJ77: CMI_Trend_25 | BK77: CMI_Trend_20 | BL77: CMI_Trend_25 | BM77: CMI_Trend_46 | BN77: CMI_Trend_60 | BO77: CMI_Trend_20 | BP77: CMI_Trend_46 | BQ77: CMI_Trend_25 | BR77: CMI_Trend_60 | BS77: CMI_Trend_52 | BT77: CMI_Trend_20 | BU77: CMI_Trend_60 | BV77: CMI_Trend_46 | BW77: CMI_Trend_46 | BX77: CMI_Trend_52 | BY77: CMI_Trend_25 | BZ77: CMI_Trend_60 | CA77: CMI_Trend_60 | CB77: CMI_Trend_56 | CC77: CMI_Trend_25 | CD77: CMI_Trend_56 | CE77: CMI_Trend_38 | CF77: CMI_Trend_56
B78: Quality Control & Inspection | C78: 0.055 | D78: 0.0597 | E78: 0.0681 | F78: 0.0753 | G78: 0.0626 | H78: 0.0726 | I78: 0.0801 | J78: 0.0577 | K78: 0.0555 | L78: 0.0716 | M78: 0.0634 | N78: 0.05 | O78: 0.0494 | P78: 0.0722 | Q78: 0.0673 | R78: 0.0676 | S78: 0.0583 | T78: 0.0676 | U78: 0.0664 | V78: 0.0774 | W78: 0.0648 | X78: 0.0498 | Y78: 0.08 | Z78: 0.0776 | AA78: 0.0643 | AB78: 0.0467 | AD78: Quality Control & Inspection | AE78: 0.093493358 | AF78: 0.08091352 | AG78: 0.096682801 | AH78: 0.082341832 | AI78: 0.0694699 | AJ78: 0.091604491 | AK78: 0.060407451 | AL78: 0.054545882 | AM78: 0.074848952 | AN78: 0.12495856 | AO78: 0.13282163 | AP78: 0.089862515 | AQ78: 0.10508458 | AR78: 0.1129231 | AS78: 0.081904375 | AT78: 0.097200738 | AU78: 0.071724561 | AV78: 0.057649606 | AW78: 0.080201885 | AX78: 0.064712773 | AY78: 0.098443477 | AZ78: 0.10850964 | BA78: 0.087839302 | BB78: 0.075052978 | BC78: 0.06883117 | BD78: 0.059441566 | BF78: Quality Control & Inspection | BG78: CMI_Trend_60 | BH78: CMI_Trend_20 | BI78: CMI_Trend_20 | BJ78: CMI_Trend_46 | BK78: CMI_Trend_46 | BL78: CMI_Trend_46 | BM78: CMI_Trend_56 | BN78: CMI_Trend_56 | BO78: CMI_Trend_46 | BP78: CMI_Trend_25 | BQ78: CMI_Trend_46 | BR78: CMI_Trend_20 | BS78: CMI_Trend_56 | BT78: CMI_Trend_52 | BU78: CMI_Trend_52 | BV78: CMI_Trend_38 | BW78: CMI_Trend_52 | BX78: CMI_Trend_38 | BY78: CMI_Trend_60 | BZ78: CMI_Trend_52 | CA78: CMI_Trend_56 | CB78: CMI_Trend_20 | CC78: CMI_Trend_52 | CD78: CMI_Trend_46 | CE78: CMI_Trend_52 | CF78: CMI_Trend_20
B79: Medical | C79: 0.1159 | D79: 0.1293 | E79: 0.1453 | F79: 0.1313 | G79: 0.1313 | H79: 0.1384 | I79: 0.1186 | J79: 0.1491 | K79: 0.121 | L79: 0.1501 | M79: 0.1313 | N79: 0.1363 | O79: 0.1328 | P79: 0.1444 | Q79: 0.1466 | R79: 0.1403 | S79: 0.1239 | T79: 0.1464 | U79: 0.1381 | V79: 0.1221 | W79: 0.1303 | X79: 0.1462 | Y79: 0.1418 | Z79: 0.1328 | AA79: 0.1499 | AB79: 0.1342 | AD79: Medical | AE79: =SUMPRODUCT(AE80:AE83,C80:C83) -> 0.11996159 | AF79: =SUMPRODUCT(AF80:AF83,D80:D83) -> 0.10677077 | AG79: =SUMPRODUCT(AG80:AG83,E80:E83) -> 0.12218772 | AH79: =SUMPRODUCT(AH80:AH83,F80:F83) -> 0.10856847 | AI79: =SUMPRODUCT(AI80:AI83,G80:G83) -> 0.095278735 | AJ79: =SUMPRODUCT(AJ80:AJ83,H80:H83) -> 0.11760213 | AK79: =SUMPRODUCT(AK80:AK83,I80:I83) -> 0.086177629 | AL79: =SUMPRODUCT(AL80:AL83,J80:J83) -> 0.080374801 | ... BD79: =SUMPRODUCT(BD80:BD83,AB80:AB83) -> 0.085416693 | BF79: Medical | BG79: CMI_Trend_25 | BH79: CMI_Trend_60 | BI79: CMI_Trend_46 | BJ79: CMI_Trend_46 | BK79: CMI_Trend_20 | BL79: CMI_Trend_38 | BM79: CMI_Trend_46 | BN79: CMI_Trend_38 | BO79: CMI_Trend_60 | BP79: CMI_Trend_38 | BQ79: CMI_Trend_20 | BR79: CMI_Trend_46 | BS79: CMI_Trend_38 | BT79: CMI_Trend_46 | BU79: CMI_Trend_52 | BV79: CMI_Trend_52 | BW79: CMI_Trend_56 | BX79: CMI_Trend_20 | BY79: CMI_Trend_52 | BZ79: CMI_Trend_20 | CA79: CMI_Trend_60 | CB79: CMI_Trend_25 | CC79: CMI_Trend_46 | CD79: CMI_Trend_25 | CE79: CMI_Trend_52 | CF79: CMI_Trend_20
B80: Surgical Lasers | C80: =1-SUM(C81:C83) -> 0.3541 | D80: =1-SUM(D81:D83) -> 0.347 | E80: =1-SUM(E81:E83) -> 0.3867 | F80: =1-SUM(F81:F83) -> 0.3485 | G80: =1-SUM(G81:G83) -> 0.3735 | H80: =1-SUM(H81:H83) -> 0.3721 | I80: =1-SUM(I81:I83) -> 0.3856 | J80: =1-SUM(J81:J83) -> 0.3844 | ... AB80: =1-SUM(AB81:AB83) -> 0.3739 | AD80: Surgical Lasers | AE80: 0.11547097 | AF80: 0.10289113 | AG80: 0.11866041 | AH80: 0.10431944 | AI80: 0.09144751 | AJ80: 0.1135821 | AK80: 0.082385061 | AL80: 0.076523491 | AM80: 0.096826561 | AN80: 0.14693617 | AO80: 0.15479924 | AP80: 0.11184012 | AQ80: 0.12706219 | AR80: 0.13490071 | AS80: 0.10388198 | AT80: 0.11917835 | AU80: 0.09370217 | AV80: 0.079627215 | AW80: 0.10217949 | AX80: 0.086690382 | AY80: 0.12042109 | AZ80: 0.13048725 | BA80: 0.10981691 | BB80: 0.097030587 | BC80: 0.09080878 | BD80: 0.081419175 | BF80: Surgical Lasers | BG80: CMI_Trend_38 | BH80: CMI_Trend_38 | BI80: CMI_Trend_46 | BJ80: CMI_Trend_60 | BK80: CMI_Trend_46 | BL80: CMI_Trend_20 | BM80: CMI_Trend_25 | BN80: CMI_Trend_38 | BO80: CMI_Trend_20 | BP80: CMI_Trend_46 | BQ80: CMI_Trend_56 | BR80: CMI_Trend_25 | BS80: CMI_Trend_56 | BT80: CMI_Trend_20 | BU80: CMI_Trend_56 | BV80: CMI_Trend_52 | BW80: CMI_Trend_20 | BX80: CMI_Trend_20 | BY80: CMI_Trend_46 | BZ80: CMI_Trend_38 | CA80: CMI_Trend_46 | CB80: CMI_Trend_20 | CC80: CMI_Trend_52 | CD80: CMI_Trend_56 | CE80: CMI_Trend_38 | CF80: CMI_Trend_52
B81: Dental Surgery Lasers | C81: 0.1927 | D81: 0.1742 | E81: 0.1649 | F81: 0.1956 | G81: 0.1689 | H81: 0.1695 | I81: 0.1654 | J81: 0.1732 | K81: 0.1969 | L81: 0.1745 | M81: 0.1691 | N81: 0.1971 | O81: 0.1833 | P81: 0.1684 | Q81: 0.1797 | R81: 0.1961 | S81: 0.1715 | T81: 0.177 | U81: 0.1685 | V81: 0.19 | W81: 0.1768 | X81: 0.1758 | Y81: 0.1663 | Z81: 0.1954 | AA81: 0.1702 | AB81: 0.1746 | AD81: Dental Surgery Lasers | AE81: 0.13443431 | AF81: 0.12185447 | AG81: 0.13762375 | AH81: 0.12328278 | AI81: 0.11041085 | AJ81: 0.13254544 | AK81: 0.1013484 | AL81: 0.09548683 | AM81: 0.1157899 | AN81: 0.16589951 | AO81: 0.17376258 | AP81: 0.13080346 | AQ81: 0.14602553 | AR81: 0.15386405 | AS81: 0.12284532 | AT81: 0.13814169 | AU81: 0.11266551 | AV81: 0.098590554 | AW81: 0.12114283 | AX81: 0.10565372 | AY81: 0.13938443 | AZ81: 0.14945059 | BA81: 0.12878025 | BB81: 0.11599393 | BC81: 0.10977212 | BD81: 0.10038251 | BF81: Dental Surgery Lasers | BG81: CMI_Trend_52 | BH81: CMI_Trend_25 | BI81: CMI_Trend_25 | BJ81: CMI_Trend_46 | BK81: CMI_Trend_60 | BL81: CMI_Trend_20 | BM81: CMI_Trend_60 | BN81: CMI_Trend_60 | BO81: CMI_Trend_38 | BP81: CMI_Trend_56 | BQ81: CMI_Trend_56 | BR81: CMI_Trend_52 | BS81: CMI_Trend_52 | BT81: CMI_Trend_20 | BU81: CMI_Trend_56 | BV81: CMI_Trend_52 | BW81: CMI_Trend_52 | BX81: CMI_Trend_25 | BY81: CMI_Trend_52 | BZ81: CMI_Trend_52 | CA81: CMI_Trend_38 | CB81: CMI_Trend_38 | CC81: CMI_Trend_25 | CD81: CMI_Trend_56 | CE81: CMI_Trend_25 | CF81: CMI_Trend_46
B82: Aesthetic Treatment Lasers | C82: 0.3335 | D82: 0.3338 | E82: 0.3042 | F82: 0.3173 | G82: 0.3237 | H82: 0.3349 | I82: 0.32 | J82: 0.3105 | K82: 0.3193 | L82: 0.3189 | M82: 0.3351 | N82: 0.3363 | O82: 0.3292 | P82: 0.3141 | Q82: 0.3225 | R82: 0.338 | S82: 0.3218 | T82: 0.3103 | U82: 0.3081 | V82: 0.3321 | W82: 0.3381 | X82: 0.3259 | Y82: 0.3331 | Z82: 0.3256 | AA82: 0.3318 | AB82: 0.3234 | AD82: Aesthetic Treatment Lasers | AE82: 0.1216961 | AF82: 0.10911626 | AG82: 0.12488554 | AH82: 0.11054457 | AI82: 0.097672639 | AJ82: 0.11980723 | AK82: 0.08861019 | AL82: 0.08274862 | AM82: 0.10305169 | AN82: 0.1531613 | AO82: 0.16102437 | AP82: 0.11806525 | AQ82: 0.13328732 | AR82: 0.14112584 | AS82: 0.11010711 | AT82: 0.12540348 | AU82: 0.099927299 | AV82: 0.085852345 | AW82: 0.10840462 | AX82: 0.092915511 | AY82: 0.12664622 | AZ82: 0.13671238 | BA82: 0.11604204 | BB82: 0.10325572 | BC82: 0.097033909 | BD82: 0.087644304 | BF82: Aesthetic Treatment Lasers | BG82: CMI_Trend_60 | BH82: CMI_Trend_60 | BI82: CMI_Trend_56 | BJ82: CMI_Trend_52 | BK82: CMI_Trend_52 | BL82: CMI_Trend_38 | BM82: CMI_Trend_25 | BN82: CMI_Trend_56 | BO82: CMI_Trend_60 | BP82: CMI_Trend_46 | BQ82: CMI_Trend_20 | BR82: CMI_Trend_38 | BS82: CMI_Trend_52 | BT82: CMI_Trend_38 | BU82: CMI_Trend_38 | BV82: CMI_Trend_38 | BW82: CMI_Trend_38 | BX82: CMI_Trend_38 | BY82: CMI_Trend_60 | BZ82: CMI_Trend_60 | CA82: CMI_Trend_46 | CB82: CMI_Trend_25 | CC82: CMI_Trend_46 | CD82: CMI_Trend_25 | CE82: CMI_Trend_52 | CF82: CMI_Trend_38
B83: Diagnostic Imaging | C83: 0.1197 | D83: 0.145 | E83: 0.1442 | F83: 0.1386 | G83: 0.1339 | H83: 0.1235 | I83: 0.129 | J83: 0.1319 | K83: 0.1339 | L83: 0.1404 | M83: 0.1373 | N83: 0.1172 | O83: 0.1396 | P83: 0.1189 | Q83: 0.118 | R83: 0.1281 | S83: 0.1341 | T83: 0.1395 | U83: 0.1481 | V83: 0.1373 | W83: 0.1428 | X83: 0.1482 | Y83: 0.1358 | Z83: 0.1471 | AA83: 0.1483 | AB83: 0.1281 | AD83: Diagnostic Imaging | AE83: 0.10511431 | AF83: 0.092534468 | AG83: 0.10830375 | AH83: 0.09396278 | AI83: 0.081090849 | AJ83: 0.10322544 | AK83: 0.0720284 | AL83: 0.06616683 | AM83: 0.0864699 | AN83: 0.13657951 | AO83: 0.14444258 | AP83: 0.10148346 | AQ83: 0.11670553 | AR83: 0.12454405 | AS83: 0.093525324 | AT83: 0.10882169 | AU83: 0.083345509 | AV83: 0.069270554 | AW83: 0.091822833 | AX83: 0.076333721 | AY83: 0.11006443 | AZ83: 0.12013059 | BA83: 0.099460251 | BB83: 0.086673926 | BC83: 0.080452119 | BD83: 0.071062514 | BF83: Diagnostic Imaging | BG83: CMI_Trend_25 | BH83: CMI_Trend_20 | BI83: CMI_Trend_38 | BJ83: CMI_Trend_56 | BK83: CMI_Trend_52 | BL83: CMI_Trend_25 | BM83: CMI_Trend_46 | BN83: CMI_Trend_46 | BO83: CMI_Trend_38 | BP83: CMI_Trend_38 | BQ83: CMI_Trend_52 | BR83: CMI_Trend_25 | BS83: CMI_Trend_25 | BT83: CMI_Trend_52 | BU83: CMI_Trend_52 | BV83: CMI_Trend_60 | BW83: CMI_Trend_60 | BX83: CMI_Trend_25 | BY83: CMI_Trend_25 | BZ83: CMI_Trend_38 | CA83: CMI_Trend_25 | CB83: CMI_Trend_38 | CC83: CMI_Trend_56 | CD83: CMI_Trend_46 | CE83: CMI_Trend_60 | CF83: CMI_Trend_25
B84: Sensing & Navigation | C84: 0.0833 | D84: 0.0786 | E84: 0.0918 | F84: 0.0853 | G84: 0.0792 | H84: 0.0864 | I84: 0.077 | J84: 0.0803 | K84: 0.0848 | L84: 0.101 | M84: 0.0866 | N84: 0.092 | O84: 0.0873 | P84: 0.1016 | Q84: 0.0793 | R84: 0.096 | S84: 0.0894 | T84: 0.0982 | U84: 0.0809 | V84: 0.0957 | W84: 0.078 | X84: 0.0941 | Y84: 0.0848 | Z84: 0.1014 | AA84: 0.0929 | AB84: 0.0972 | AD84: Sensing & Navigation | AE84: =SUMPRODUCT(AE85:AE89,C85:C89) -> 0.13096159 | AF84: =SUMPRODUCT(AF85:AF89,D85:D89) -> 0.11844406 | AG84: =SUMPRODUCT(AG85:AG89,E85:E89) -> 0.1349528 | AH84: =SUMPRODUCT(AH85:AH89,F85:F89) -> 0.12091715 | AI84: =SUMPRODUCT(AI85:AI89,G85:G89) -> 0.10835272 | AJ84: =SUMPRODUCT(AJ85:AJ89,H85:H89) -> 0.13034214 | AK84: =SUMPRODUCT(AK85:AK89,I85:I89) -> 0.099061886 | AL84: =SUMPRODUCT(AL85:AL89,J85:J89) -> 0.092874238 | ... BD84: =SUMPRODUCT(BD85:BD89,AB85:AB89) -> 0.098496101 | BF84: Sensing & Navigation | BG84: CMI_Trend_60 | BH84: CMI_Trend_52 | BI84: CMI_Trend_20 | BJ84: CMI_Trend_20 | BK84: CMI_Trend_56 | BL84: CMI_Trend_46 | BM84: CMI_Trend_60 | BN84: CMI_Trend_46 | BO84: CMI_Trend_56 | BP84: CMI_Trend_25 | BQ84: CMI_Trend_46 | BR84: CMI_Trend_25 | BS84: CMI_Trend_46 | BT84: CMI_Trend_46 | BU84: CMI_Trend_20 | BV84: CMI_Trend_20 | BW84: CMI_Trend_56 | BX84: CMI_Trend_52 | BY84: CMI_Trend_46 | BZ84: CMI_Trend_25 | CA84: CMI_Trend_52 | CB84: CMI_Trend_38 | CC84: CMI_Trend_20 | CD84: CMI_Trend_46 | CE84: CMI_Trend_52 | CF84: CMI_Trend_56
B85: LiDAR & 3D Scanning | C85: =1-SUM(C86:C89) -> 0.4433 | D85: =1-SUM(D86:D89) -> 0.45 | E85: =1-SUM(E86:E89) -> 0.4793 | F85: =1-SUM(F86:F89) -> 0.4938 | G85: =1-SUM(G86:G89) -> 0.484 | H85: =1-SUM(H86:H89) -> 0.4945 | I85: =1-SUM(I86:I89) -> 0.4923 | J85: =1-SUM(J86:J89) -> 0.4664 | ... AB85: =1-SUM(AB86:AB89) -> 0.5056 | AD85: LiDAR & 3D Scanning | AE85: 0.14517541 | AF85: 0.13259557 | AG85: 0.14836486 | AH85: 0.13402389 | AI85: 0.12115195 | AJ85: 0.14328654 | AK85: 0.11208951 | AL85: 0.10622794 | AM85: 0.12653101 | AN85: 0.17664061 | AO85: 0.18450368 | AP85: 0.14154457 | AQ85: 0.15676664 | AR85: 0.16460515 | AS85: 0.13358643 | AT85: 0.14888279 | AU85: 0.12340661 | AV85: 0.10933166 | AW85: 0.13188394 | AX85: 0.11639483 | AY85: 0.15012553 | AZ85: 0.16019169 | BA85: 0.13952136 | BB85: 0.12673503 | BC85: 0.12051322 | BD85: 0.11112362 | BF85: LiDAR & 3D Scanning | BG85: CMI_Trend_52 | BH85: CMI_Trend_20 | BI85: CMI_Trend_38 | BJ85: CMI_Trend_38 | BK85: CMI_Trend_25 | BL85: CMI_Trend_56 | BM85: CMI_Trend_38 | BN85: CMI_Trend_25 | BO85: CMI_Trend_60 | BP85: CMI_Trend_52 | BQ85: CMI_Trend_38 | BR85: CMI_Trend_20 | BS85: CMI_Trend_56 | BT85: CMI_Trend_20 | BU85: CMI_Trend_25 | BV85: CMI_Trend_46 | BW85: CMI_Trend_56 | BX85: CMI_Trend_60 | BY85: CMI_Trend_20 | BZ85: CMI_Trend_56 | CA85: CMI_Trend_52 | CB85: CMI_Trend_46 | CC85: CMI_Trend_52 | CD85: CMI_Trend_56 | CE85: CMI_Trend_60 | CF85: CMI_Trend_46
B86: Doppler Vibrometry | C86: 0.1536 | D86: 0.1479 | E86: 0.1369 | F86: 0.1508 | G86: 0.1264 | H86: 0.1248 | I86: 0.141 | J86: 0.1245 | K86: 0.1384 | L86: 0.1497 | M86: 0.1378 | N86: 0.1489 | O86: 0.1393 | P86: 0.1551 | Q86: 0.1486 | R86: 0.1365 | S86: 0.122 | T86: 0.1291 | U86: 0.1283 | V86: 0.1331 | W86: 0.125 | X86: 0.1381 | Y86: 0.1438 | Z86: 0.1411 | AA86: 0.1357 | AB86: 0.1349 | AD86: Doppler Vibrometry | AE86: 0.11214007 | AF86: 0.099560234 | AG86: 0.11532952 | AH86: 0.10098855 | AI86: 0.088116615 | AJ86: 0.11025121 | AK86: 0.079054166 | AL86: 0.073192597 | AM86: 0.093495666 | AN86: 0.14360527 | AO86: 0.15146835 | AP86: 0.10850923 | AQ86: 0.1237313 | AR86: 0.13156981 | AS86: 0.10055109 | AT86: 0.11584745 | AU86: 0.090371276 | AV86: 0.076296321 | AW86: 0.0988486 | AX86: 0.083359488 | AY86: 0.11709019 | AZ86: 0.12715635 | BA86: 0.10648602 | BB86: 0.093699693 | BC86: 0.087477885 | BD86: 0.078088281 | BF86: Doppler Vibrometry | BG86: CMI_Trend_56 | BH86: CMI_Trend_46 | BI86: CMI_Trend_56 | BJ86: CMI_Trend_60 | BK86: CMI_Trend_60 | BL86: CMI_Trend_20 | BM86: CMI_Trend_60 | BN86: CMI_Trend_52 | BO86: CMI_Trend_60 | BP86: CMI_Trend_60 | BQ86: CMI_Trend_25 | BR86: CMI_Trend_46 | BS86: CMI_Trend_60 | BT86: CMI_Trend_60 | BU86: CMI_Trend_46 | BV86: CMI_Trend_56 | BW86: CMI_Trend_38 | BX86: CMI_Trend_46 | BY86: CMI_Trend_20 | BZ86: CMI_Trend_20 | CA86: CMI_Trend_20 | CB86: CMI_Trend_52 | CC86: CMI_Trend_56 | CD86: CMI_Trend_38 | CE86: CMI_Trend_38 | CF86: CMI_Trend_52
B87: Ring Laser Gyroscopes | C87: 0.2237 | D87: 0.2305 | E87: 0.211 | F87: 0.205 | G87: 0.2366 | H87: 0.2139 | I87: 0.202 | J87: 0.2354 | K87: 0.2031 | L87: 0.2205 | M87: 0.2183 | N87: 0.2272 | O87: 0.2366 | P87: 0.2185 | Q87: 0.2193 | R87: 0.2107 | S87: 0.2306 | T87: 0.2113 | U87: 0.206 | V87: 0.229 | W87: 0.2085 | X87: 0.2298 | Y87: 0.2276 | Z87: 0.232 | AA87: 0.2343 | AB87: 0.2018 | AD87: Ring Laser Gyroscopes | AE87: 0.12909376 | AF87: 0.11651392 | AG87: 0.13228321 | AH87: 0.11794224 | AI87: 0.1050703 | AJ87: 0.1272049 | AK87: 0.096007855 | AL87: 0.090146286 | AM87: 0.11044936 | AN87: 0.16055896 | AO87: 0.16842204 | AP87: 0.12546292 | AQ87: 0.14068499 | AR87: 0.1485235 | AS87: 0.11750478 | AT87: 0.13280114 | AU87: 0.10732496 | AV87: 0.09325001 | AW87: 0.11580229 | AX87: 0.10031318 | AY87: 0.13404388 | AZ87: 0.14411004 | BA87: 0.12343971 | BB87: 0.11065338 | BC87: 0.10443157 | BD87: 0.09504197 | BF87: Ring Laser Gyroscopes | BG87: CMI_Trend_46 | BH87: CMI_Trend_52 | BI87: CMI_Trend_46 | BJ87: CMI_Trend_52 | BK87: CMI_Trend_60 | BL87: CMI_Trend_56 | BM87: CMI_Trend_46 | BN87: CMI_Trend_52 | BO87: CMI_Trend_20 | BP87: CMI_Trend_60 | BQ87: CMI_Trend_46 | BR87: CMI_Trend_56 | BS87: CMI_Trend_20 | BT87: CMI_Trend_25 | BU87: CMI_Trend_38 | BV87: CMI_Trend_38 | BW87: CMI_Trend_20 | BX87: CMI_Trend_60 | BY87: CMI_Trend_20 | BZ87: CMI_Trend_38 | CA87: CMI_Trend_56 | CB87: CMI_Trend_52 | CC87: CMI_Trend_52 | CD87: CMI_Trend_20 | CE87: CMI_Trend_46 | CF87: CMI_Trend_56
B88: Laser Altimeters | C88: 0.1188 | D88: 0.0968 | E88: 0.1041 | F88: 0.0877 | G88: 0.0953 | H88: 0.0955 | I88: 0.1069 | J88: 0.1092 | K88: 0.0943 | L88: 0.1193 | M88: 0.1048 | N88: 0.1185 | O88: 0.0882 | P88: 0.1083 | Q88: 0.1075 | R88: 0.091 | S88: 0.1193 | T88: 0.0904 | U88: 0.0889 | V88: 0.1048 | W88: 0.1184 | X88: 0.1151 | Y88: 0.1009 | Z88: 0.1017 | AA88: 0.1077 | AB88: 0.1009 | AD88: Laser Altimeters | AE88: 0.11945157 | AF88: 0.10687173 | AG88: 0.12264102 | AH88: 0.10830005 | AI88: 0.095428115 | AJ88: 0.11756271 | AK88: 0.086365666 | AL88: 0.080504097 | AM88: 0.10080717 | AN88: 0.15091677 | AO88: 0.15877985 | AP88: 0.11582073 | AQ88: 0.1310428 | AR88: 0.13888131 | AS88: 0.10786259 | AT88: 0.12315895 | AU88: 0.097682776 | AV88: 0.083607821 | AW88: 0.1061601 | AX88: 0.090670988 | AY88: 0.12440169 | AZ88: 0.13446785 | BA88: 0.11379752 | BB88: 0.10101119 | BC88: 0.094789385 | BD88: 0.085399781 | BF88: Laser Altimeters | BG88: CMI_Trend_25 | BH88: CMI_Trend_56 | BI88: CMI_Trend_20 | BJ88: CMI_Trend_20 | BK88: CMI_Trend_38 | BL88: CMI_Trend_46 | BM88: CMI_Trend_46 | BN88: CMI_Trend_60 | BO88: CMI_Trend_52 | BP88: CMI_Trend_25 | BQ88: CMI_Trend_60 | BR88: CMI_Trend_38 | BS88: CMI_Trend_56 | BT88: CMI_Trend_52 | BU88: CMI_Trend_38 | BV88: CMI_Trend_20 | BW88: CMI_Trend_52 | BX88: CMI_Trend_56 | BY88: CMI_Trend_25 | BZ88: CMI_Trend_60 | CA88: CMI_Trend_56 | CB88: CMI_Trend_20 | CC88: CMI_Trend_56 | CD88: CMI_Trend_60 | CE88: CMI_Trend_52 | CF88: CMI_Trend_60
B89: Other Sensing & Navigations | C89: 0.0606 | D89: 0.0748 | E89: 0.0687 | F89: 0.0627 | G89: 0.0577 | H89: 0.0713 | I89: 0.0578 | J89: 0.0645 | K89: 0.0577 | L89: 0.0616 | M89: 0.0687 | N89: 0.0746 | O89: 0.0647 | P89: 0.0555 | Q89: 0.0683 | R89: 0.0563 | S89: 0.061 | T89: 0.0568 | U89: 0.0692 | V89: 0.0732 | W89: 0.0593 | X89: 0.0698 | Y89: 0.0742 | Z89: 0.0583 | AA89: 0.0747 | AB89: 0.0568 | AD89: Other Sensing & Navigations | AE89: 0.10415007 | AF89: 0.091570234 | AG89: 0.10733952 | AH89: 0.092998547 | AI89: 0.080126615 | AJ89: 0.10226121 | AK89: 0.071064166 | AL89: 0.065202597 | AM89: 0.085505666 | AN89: 0.13561527 | AO89: 0.14347835 | AP89: 0.10051923 | AQ89: 0.1157413 | AR89: 0.12357981 | AS89: 0.09256109 | AT89: 0.10785745 | AU89: 0.082381276 | AV89: 0.068306321 | AW89: 0.0908586 | AX89: 0.075369488 | AY89: 0.10910019 | AZ89: 0.11916635 | BA89: 0.098496017 | BB89: 0.085709693 | BC89: 0.079487885 | BD89: 0.070098281 | BF89: Other Sensing & Navigations | BG89: CMI_Trend_20 | BH89: CMI_Trend_46 | BI89: CMI_Trend_38 | BJ89: CMI_Trend_38 | BK89: CMI_Trend_60 | BL89: CMI_Trend_52 | BM89: CMI_Trend_20 | BN89: CMI_Trend_38 | BO89: CMI_Trend_46 | BP89: CMI_Trend_52 | BQ89: CMI_Trend_20 | BR89: CMI_Trend_25 | BS89: CMI_Trend_52 | BT89: CMI_Trend_60 | BU89: CMI_Trend_46 | BV89: CMI_Trend_46 | BW89: CMI_Trend_20 | BX89: CMI_Trend_46 | BY89: CMI_Trend_46 | BZ89: CMI_Trend_25 | CA89: CMI_Trend_38 | CB89: CMI_Trend_60 | CC89: CMI_Trend_52 | CD89: CMI_Trend_52 | CE89: CMI_Trend_52 | CF89: CMI_Trend_20
B90: Scientific & Research | C90: 0.0785 | D90: 0.0784 | E90: 0.0576 | F90: 0.0677 | G90: 0.056 | H90: 0.0632 | I90: 0.0593 | J90: 0.0702 | K90: 0.0588 | L90: 0.0647 | M90: 0.0789 | N90: 0.0617 | O90: 0.0682 | P90: 0.0575 | Q90: 0.0676 | R90: 0.0613 | S90: 0.074 | T90: 0.0797 | U90: 0.0747 | V90: 0.063 | W90: 0.0574 | X90: 0.0775 | Y90: 0.0559 | Z90: 0.0632 | AA90: 0.0688 | AB90: 0.0571 | AD90: Scientific & Research | AE90: 0.093080594 | AF90: 0.080500756 | AG90: 0.096270037 | AH90: 0.081929068 | AI90: 0.069057136 | AJ90: 0.091191727 | AK90: 0.059994687 | AL90: 0.054133118 | AM90: 0.074436188 | AN90: 0.12454579 | AO90: 0.13240887 | AP90: 0.089449751 | AQ90: 0.10467182 | AR90: 0.11251034 | AS90: 0.081491612 | AT90: 0.096787974 | AU90: 0.071311797 | AV90: 0.057236842 | AW90: 0.079789121 | AX90: 0.064300009 | AY90: 0.098030713 | AZ90: 0.10809687 | BA90: 0.087426539 | BB90: 0.074640214 | BC90: 0.068418406 | BD90: 0.059028802 | BF90: Scientific & Research | BG90: CMI_Trend_60 | BH90: CMI_Trend_56 | BI90: CMI_Trend_60 | BJ90: CMI_Trend_60 | BK90: CMI_Trend_25 | BL90: CMI_Trend_38 | BM90: CMI_Trend_20 | BN90: CMI_Trend_52 | BO90: CMI_Trend_56 | BP90: CMI_Trend_60 | BQ90: CMI_Trend_52 | BR90: CMI_Trend_46 | BS90: CMI_Trend_25 | BT90: CMI_Trend_56 | BU90: CMI_Trend_46 | BV90: CMI_Trend_52 | BW90: CMI_Trend_60 | BX90: CMI_Trend_52 | BY90: CMI_Trend_38 | BZ90: CMI_Trend_38 | CA90: CMI_Trend_25 | CB90: CMI_Trend_52 | CC90: CMI_Trend_20 | CD90: CMI_Trend_56 | CE90: CMI_Trend_25 | CF90: CMI_Trend_60
B91: Others (Telecom, FSO, etc.) | C91: 0.1296 | D91: 0.1472 | E91: 0.1465 | F91: 0.1486 | G91: 0.147 | H91: 0.1538 | I91: 0.1511 | J91: 0.1453 | K91: 0.1336 | L91: 0.1346 | M91: 0.1541 | N91: 0.1381 | O91: 0.155 | P91: 0.1442 | Q91: 0.1425 | R91: 0.16 | S91: 0.1444 | T91: 0.1559 | U91: 0.1289 | V91: 0.1511 | W91: 0.146 | X91: 0.1494 | Y91: 0.1504 | Z91: 0.1475 | AA91: 0.1397 | AB91: 0.149 | AD91: Others (Telecom, FSO, etc.) | AE91: 0.11235727 | AF91: 0.099777433 | AG91: 0.11554672 | AH91: 0.10120575 | AI91: 0.088333814 | AJ91: 0.1104684 | AK91: 0.079271365 | AL91: 0.073409796 | AM91: 0.093712865 | AN91: 0.14382247 | AO91: 0.15168554 | AP91: 0.10872643 | AQ91: 0.1239485 | AR91: 0.13178701 | AS91: 0.10076829 | AT91: 0.11606465 | AU91: 0.090588475 | AV91: 0.07651352 | AW91: 0.099065799 | AX91: 0.083576687 | AY91: 0.11730739 | AZ91: 0.12737355 | BA91: 0.10670322 | BB91: 0.093916892 | BC91: 0.087695084 | BD91: 0.07830548 | BF91: Others (Telecom, FSO, etc.) | BG91: CMI_Trend_46 | BH91: CMI_Trend_38 | BI91: CMI_Trend_56 | BJ91: CMI_Trend_38 | BK91: CMI_Trend_56 | BL91: CMI_Trend_56 | BM91: CMI_Trend_25 | BN91: CMI_Trend_38 | BO91: CMI_Trend_25 | BP91: CMI_Trend_56 | BQ91: CMI_Trend_60 | BR91: CMI_Trend_52 | BS91: CMI_Trend_56 | BT91: CMI_Trend_56 | BU91: CMI_Trend_56 | BV91: CMI_Trend_20 | BW91: CMI_Trend_38 | BX91: CMI_Trend_20 | BY91: CMI_Trend_56 | BZ91: CMI_Trend_52 | CA91: CMI_Trend_46 | CB91: CMI_Trend_52 | CC91: CMI_Trend_38 | CD91: CMI_Trend_60 | CE91: CMI_Trend_38 | CF91: CMI_Trend_25
B93: By End User | AD93: By End User | AE93: =AE94*C94+AE99*C99+AE103*C103+AE107*C107+AE111*C111+AE114*C114+AE115*C115 -> 0.12045339 | AF93: =AF94*D94+AF99*D99+AF103*D103+AF107*D107+AF111*D111+AF114*D114+AF115*D115 -> 0.10642823 | AG93: =AG94*E94+AG99*E99+AG103*E103+AG107*E107+AG111*E111+AG114*E114+AG115*E115 -> 0.1238988 | AH93: =AH94*F94+AH99*F99+AH103*F103+AH107*F107+AH111*F111+AH114*F114+AH115*F115 -> 0.10852654 | AI93: =AI94*G94+AI99*G99+AI103*G103+AI107*G107+AI111*G111+AI114*G114+AI115*G115 -> 0.096088652 | AJ93: =AJ94*H94+AJ99*H99+AJ103*H103+AJ107*H107+AJ111*H111+AJ114*H114+AJ115*H115 -> 0.11666343 | AK93: =AK94*I94+AK99*I99+AK103*I103+AK107*I107+AK111*I111+AK114*I114+AK115*I115 -> 0.08798823 | AL93: =AL94*J94+AL99*J99+AL103*J103+AL107*J107+AL111*J111+AL114*J114+AL115*J115 -> 0.080481188 | ... BD93: =BD94*AB94+BD99*AB99+BD103*AB103+BD107*AB107+BD111*AB111+BD114*AB114+BD115*AB115 -> 0.086209545 | BF93: By End User
B94: Defense & Government | C94: =C64 -> 0.2618 | D94: =D64 -> 0.2205 | E94: =E64 -> 0.2337 | F94: =F64 -> 0.2404 | G94: =G64 -> 0.2413 | H94: =H64 -> 0.203 | I94: =I64 -> 0.2609 | J94: =J64 -> 0.2234 | ... AB94: =AB64 -> 0.2347 | AD94: Defense & Government | AE94: =SUMPRODUCT(AE95:AE98,C95:C98) -> 0.15193544 | AF94: =SUMPRODUCT(AF95:AF98,D95:D98) -> 0.14094809 | AG94: =SUMPRODUCT(AG95:AG98,E95:E98) -> 0.15606227 | AH94: =SUMPRODUCT(AH95:AH98,F95:F98) -> 0.14105053 | AI94: =SUMPRODUCT(AI95:AI98,G95:G98) -> 0.12939773 | AJ94: =SUMPRODUCT(AJ95:AJ98,H95:H98) -> 0.15246848 | AK94: =SUMPRODUCT(AK95:AK98,I95:I98) -> 0.11962189 | AL94: =SUMPRODUCT(AL95:AL98,J95:J98) -> 0.11443296 | ... BD94: =SUMPRODUCT(BD95:BD98,AB95:AB98) -> 0.11780585 | BF94: Defense & Government | BG94: CMI_Trend_56 | BH94: CMI_Trend_56 | BI94: CMI_Trend_46 | BJ94: CMI_Trend_46 | BK94: CMI_Trend_56 | BL94: CMI_Trend_52 | BM94: CMI_Trend_38 | BN94: CMI_Trend_25 | BO94: CMI_Trend_38 | BP94: CMI_Trend_60 | BQ94: CMI_Trend_25 | BR94: CMI_Trend_52 | BS94: CMI_Trend_56 | BT94: CMI_Trend_46 | BU94: CMI_Trend_38 | BV94: CMI_Trend_52 | BW94: CMI_Trend_60 | BX94: CMI_Trend_56 | BY94: CMI_Trend_25 | BZ94: CMI_Trend_56 | CA94: CMI_Trend_25 | CB94: CMI_Trend_38 | CC94: CMI_Trend_56 | CD94: CMI_Trend_38 | CE94: CMI_Trend_52 | CF94: CMI_Trend_46
B95: Armed Forces | C95: 0.5063 | D95: 0.5266 | E95: 0.5358 | F95: 0.531 | G95: 0.5156 | H95: 0.5182 | I95: 0.5226 | J95: 0.5201 | K95: 0.5046 | L95: 0.5214 | M95: 0.5071 | N95: 0.5291 | O95: 0.5182 | P95: 0.5323 | Q95: 0.5219 | R95: 0.5334 | S95: 0.5101 | T95: 0.5061 | U95: 0.5276 | V95: 0.5304 | W95: 0.5121 | X95: 0.5255 | Y95: 0.5268 | Z95: 0.5063 | AA95: 0.5335 | AB95: 0.5202 | AD95: Armed Forces | AE95: 0.16434798 | AF95: 0.14925564 | AG95: 0.16645626 | AH95: 0.14872183 | AI95: 0.141667 | AJ95: 0.16239886 | AK95: 0.12945063 | AL95: 0.12720348 | AM95: 0.14592639 | AN95: 0.19767797 | AO95: 0.20847525 | AP95: 0.1609547 | AQ95: 0.17760513 | AR95: 0.17748807 | AS95: 0.15614894 | AT95: 0.16764446 | AU95: 0.14315159 | AV95: 0.12999299 | AW95: 0.14987885 | AX95: 0.13271447 | AY95: 0.17368828 | AZ95: 0.18214081 | BA95: 0.15881939 | BB95: 0.14579704 | BC95: 0.13643999 | BD95: 0.12830476 | BF95: Armed Forces | BG95: CMI_Trend_20 | BH95: CMI_Trend_60 | BI95: CMI_Trend_56 | BJ95: CMI_Trend_46 | BK95: CMI_Trend_46 | BL95: CMI_Trend_20 | BM95: CMI_Trend_56 | BN95: CMI_Trend_60 | BO95: CMI_Trend_38 | BP95: CMI_Trend_52 | BQ95: CMI_Trend_52 | BR95: CMI_Trend_46 | BS95: CMI_Trend_52 | BT95: CMI_Trend_60 | BU95: CMI_Trend_60 | BV95: CMI_Trend_20 | BW95: CMI_Trend_38 | BX95: CMI_Trend_56 | BY95: CMI_Trend_46 | BZ95: CMI_Trend_25 | CA95: CMI_Trend_56 | CB95: CMI_Trend_46 | CC95: CMI_Trend_56 | CD95: CMI_Trend_25 | CE95: CMI_Trend_52 | CF95: CMI_Trend_25
B96: Homeland Security & Border Defense | C96: 0.1856 | D96: 0.191 | E96: 0.1944 | F96: 0.1901 | G96: 0.1947 | H96: 0.1863 | I96: 0.1879 | J96: 0.1737 | K96: 0.1983 | L96: 0.1752 | M96: 0.1769 | N96: 0.1664 | O96: 0.1859 | P96: 0.1885 | Q96: 0.1798 | R96: 0.171 | S96: 0.17 | T96: 0.1725 | U96: 0.1653 | V96: 0.1948 | W96: 0.1695 | X96: 0.1661 | Y96: 0.1704 | Z96: 0.193 | AA96: 0.1852 | AB96: 0.1806 | AD96: Homeland Security & Border Defense | AE96: 0.14334798 | AF96: 0.12825564 | AG96: 0.14545626 | AH96: 0.12772183 | AI96: 0.120667 | AJ96: 0.14139886 | AK96: 0.10845063 | AL96: 0.10620348 | AM96: 0.12492639 | AN96: 0.17667797 | AO96: 0.18747525 | AP96: 0.1399547 | AQ96: 0.15660513 | AR96: 0.15648807 | AS96: 0.13514894 | AT96: 0.14664446 | AU96: 0.12215159 | AV96: 0.10899299 | AW96: 0.12887885 | AX96: 0.11171447 | AY96: 0.15268828 | AZ96: 0.16114081 | BA96: 0.13781939 | BB96: 0.12479704 | BC96: 0.11543999 | BD96: 0.10730476 | BF96: Homeland Security & Border Defense | BG96: CMI_Trend_20 | BH96: CMI_Trend_60 | BI96: CMI_Trend_56 | BJ96: CMI_Trend_20 | BK96: CMI_Trend_20 | BL96: CMI_Trend_52 | BM96: CMI_Trend_52 | BN96: CMI_Trend_60 | BO96: CMI_Trend_20 | BP96: CMI_Trend_20 | BQ96: CMI_Trend_38 | BR96: CMI_Trend_25 | BS96: CMI_Trend_52 | BT96: CMI_Trend_38 | BU96: CMI_Trend_56 | BV96: CMI_Trend_20 | BW96: CMI_Trend_25 | BX96: CMI_Trend_46 | BY96: CMI_Trend_60 | BZ96: CMI_Trend_52 | CA96: CMI_Trend_46 | CB96: CMI_Trend_20 | CC96: CMI_Trend_20 | CD96: CMI_Trend_20 | CE96: CMI_Trend_60 | CF96: CMI_Trend_20
B97: Defense Labs & R&D | C97: 0.1352 | D97: 0.1332 | E97: 0.1071 | F97: 0.1159 | G97: 0.1071 | H97: 0.119 | I97: 0.1077 | J97: 0.1171 | K97: 0.111 | L97: 0.1271 | M97: 0.1261 | N97: 0.1336 | O97: 0.1325 | P97: 0.122 | Q97: 0.1085 | R97: 0.1248 | S97: 0.1176 | T97: 0.1145 | U97: 0.1363 | V97: 0.1141 | W97: 0.1101 | X97: 0.1136 | Y97: 0.1285 | Z97: 0.1244 | AA97: 0.111 | AB97: 0.1279 | AD97: Defense Labs & R&D | AE97: 0.12234798 | AF97: 0.10725564 | AG97: 0.12445626 | AH97: 0.10672183 | AI97: 0.099666998 | AJ97: 0.12039886 | AK97: 0.087450632 | AL97: 0.085203479 | AM97: 0.10392639 | AN97: 0.15567797 | AO97: 0.16647525 | AP97: 0.1189547 | AQ97: 0.13560513 | AR97: 0.13548807 | AS97: 0.11414894 | AT97: 0.12564446 | AU97: 0.10115159 | AV97: 0.087992993 | AW97: 0.10787885 | AX97: 0.090714473 | AY97: 0.13168828 | AZ97: 0.14014081 | BA97: 0.11681939 | BB97: 0.10379704 | BC97: 0.094439987 | BD97: 0.086304758 | BF97: Defense Labs & R&D | BG97: CMI_Trend_38 | BH97: CMI_Trend_56 | BI97: CMI_Trend_25 | BJ97: CMI_Trend_25 | BK97: CMI_Trend_20 | BL97: CMI_Trend_38 | BM97: CMI_Trend_20 | BN97: CMI_Trend_46 | BO97: CMI_Trend_60 | BP97: CMI_Trend_60 | BQ97: CMI_Trend_20 | BR97: CMI_Trend_56 | BS97: CMI_Trend_20 | BT97: CMI_Trend_38 | BU97: CMI_Trend_38 | BV97: CMI_Trend_56 | BW97: CMI_Trend_52 | BX97: CMI_Trend_20 | BY97: CMI_Trend_46 | BZ97: CMI_Trend_46 | CA97: CMI_Trend_60 | CB97: CMI_Trend_20 | CC97: CMI_Trend_56 | CD97: CMI_Trend_25 | CE97: CMI_Trend_52 | CF97: CMI_Trend_25
B98: Defense Contractors & Integrators | C98: 0.1679 | D98: 0.1717 | E98: 0.1636 | F98: 0.186 | G98: 0.1711 | H98: 0.1838 | I98: 0.1888 | J98: 0.1723 | K98: 0.174 | L98: 0.1723 | M98: 0.1669 | N98: 0.163 | O98: 0.1617 | P98: 0.1953 | Q98: 0.167 | R98: 0.1704 | S98: 0.1869 | T98: 0.1855 | U98: 0.1727 | V98: 0.1949 | W98: 0.1734 | X98: 0.1682 | Y98: 0.1769 | Z98: 0.1769 | AA98: 0.1874 | AB98: 0.1775 | AD98: Defense Contractors & Integrators | AE98: 0.15234798 | AF98: 0.13725564 | AG98: 0.15445626 | AH98: 0.13672183 | AI98: 0.129667 | AJ98: 0.15039886 | AK98: 0.11745063 | AL98: 0.11520348 | AM98: 0.13392639 | AN98: 0.18567797 | AO98: 0.19647525 | AP98: 0.1489547 | AQ98: 0.16560513 | AR98: 0.16548807 | AS98: 0.14414894 | AT98: 0.15564446 | AU98: 0.13115159 | AV98: 0.11799299 | AW98: 0.13787885 | AX98: 0.12071447 | AY98: 0.16168828 | AZ98: 0.17014081 | BA98: 0.14681939 | BB98: 0.13379704 | BC98: 0.12443999 | BD98: 0.11630476 | BF98: Defense Contractors & Integrators | BG98: CMI_Trend_25 | BH98: CMI_Trend_56 | BI98: CMI_Trend_25 | BJ98: CMI_Trend_56 | BK98: CMI_Trend_60 | BL98: CMI_Trend_56 | BM98: CMI_Trend_25 | BN98: CMI_Trend_38 | BO98: CMI_Trend_60 | BP98: CMI_Trend_56 | BQ98: CMI_Trend_20 | BR98: CMI_Trend_46 | BS98: CMI_Trend_20 | BT98: CMI_Trend_20 | BU98: CMI_Trend_20 | BV98: CMI_Trend_52 | BW98: CMI_Trend_46 | BX98: CMI_Trend_52 | BY98: CMI_Trend_46 | BZ98: CMI_Trend_20 | CA98: CMI_Trend_60 | CB98: CMI_Trend_38 | CC98: CMI_Trend_52 | CD98: CMI_Trend_46 | CE98: CMI_Trend_46 | CF98: CMI_Trend_52
B99: Industrial Manufacturing | C99: =C70 -> 0.3309 | D99: =D70 -> 0.346 | E99: =E70 -> 0.3251 | F99: =F70 -> 0.3267 | G99: =G70 -> 0.3452 | H99: =H70 -> 0.3552 | I99: =I70 -> 0.3331 | J99: =J70 -> 0.3317 | ... AB99: =AB70 -> 0.3278 | AD99: Industrial Manufacturing | AE99: =SUMPRODUCT(AE100:AE102,C100:C102) -> 0.10378983 | AF99: =SUMPRODUCT(AF100:AF102,D100:D102) -> 0.091275747 | AG99: =SUMPRODUCT(AG100:AG102,E100:E102) -> 0.10795049 | AH99: =SUMPRODUCT(AH100:AH102,F100:F102) -> 0.091419588 | AI99: =SUMPRODUCT(AI100:AI102,G100:G102) -> 0.078790721 | AJ99: =SUMPRODUCT(AJ100:AJ102,H100:H102) -> 0.10070471 | AK99: =SUMPRODUCT(AK100:AK102,I100:I102) -> 0.071249547 | AL99: =SUMPRODUCT(AL100:AL102,J100:J102) -> 0.064191184 | ... BD99: =SUMPRODUCT(BD100:BD102,AB100:AB102) -> 0.069480623 | BF99: Industrial Manufacturing | BG99: CMI_Trend_56 | BH99: CMI_Trend_52 | BI99: CMI_Trend_38 | BJ99: CMI_Trend_46 | BK99: CMI_Trend_25 | BL99: CMI_Trend_20 | BM99: CMI_Trend_60 | BN99: CMI_Trend_46 | BO99: CMI_Trend_60 | BP99: CMI_Trend_20 | BQ99: CMI_Trend_25 | BR99: CMI_Trend_25 | BS99: CMI_Trend_56 | BT99: CMI_Trend_20 | BU99: CMI_Trend_20 | BV99: CMI_Trend_25 | BW99: CMI_Trend_52 | BX99: CMI_Trend_56 | BY99: CMI_Trend_46 | BZ99: CMI_Trend_52 | CA99: CMI_Trend_60 | CB99: CMI_Trend_60 | CC99: CMI_Trend_20 | CD99: CMI_Trend_60 | CE99: CMI_Trend_56 | CF99: CMI_Trend_56
B100: Automotive & EV | C100: 0.3255 | D100: 0.3244 | E100: 0.3398 | F100: 0.3465 | G100: 0.3337 | H100: 0.3237 | I100: 0.3236 | J100: 0.3398 | K100: 0.3286 | L100: 0.3475 | M100: 0.3319 | N100: 0.318 | O100: 0.3487 | P100: 0.3392 | Q100: 0.3341 | R100: 0.3407 | S100: 0.3487 | T100: 0.3265 | U100: 0.3478 | V100: 0.3395 | W100: 0.3182 | X100: 0.3189 | Y100: 0.3499 | Z100: 0.315 | AA100: 0.3298 | AB100: 0.3247 | AD100: Automotive & EV | AE100: 0.11684132 | AF100: 0.1021639 | AG100: 0.1186632 | AH100: 0.099437537 | AI100: 0.087172215 | AJ100: 0.11468001 | AK100: 0.08212025 | AL100: 0.074129003 | AM100: 0.094143047 | AN100: 0.14213154 | AO100: 0.14971691 | AP100: 0.10933061 | AQ100: 0.12044341 | AR100: 0.13205057 | AS100: 0.10267748 | AT100: 0.11722983 | AU100: 0.089801547 | AV100: 0.079263918 | AW100: 0.10022368 | AX100: 0.083641997 | AY100: 0.12102121 | AZ100: 0.13372259 | BA100: 0.10652279 | BB100: 0.097789411 | BC100: 0.091092164 | BD100: 0.079032983 | BF100: Automotive & EV | BG100: CMI_Trend_52 | BH100: CMI_Trend_52 | BI100: CMI_Trend_46 | BJ100: CMI_Trend_25 | BK100: CMI_Trend_25 | BL100: CMI_Trend_56 | BM100: CMI_Trend_25 | BN100: CMI_Trend_20 | BO100: CMI_Trend_56 | BP100: CMI_Trend_25 | BQ100: CMI_Trend_56 | BR100: CMI_Trend_38 | BS100: CMI_Trend_52 | BT100: CMI_Trend_60 | BU100: CMI_Trend_46 | BV100: CMI_Trend_46 | BW100: CMI_Trend_46 | BX100: CMI_Trend_20 | BY100: CMI_Trend_38 | BZ100: CMI_Trend_38 | CA100: CMI_Trend_60 | CB100: CMI_Trend_52 | CC100: CMI_Trend_56 | CD100: CMI_Trend_46 | CE100: CMI_Trend_46 | CF100: CMI_Trend_52
B101: Heavy Equipment & Metal Fabrication | C101: 0.3792 | D101: 0.3923 | E101: 0.3762 | F101: 0.3822 | G101: 0.3861 | H101: 0.3692 | I101: 0.3663 | J101: 0.3927 | K101: 0.376 | L101: 0.3907 | M101: 0.3902 | N101: 0.3892 | O101: 0.4002 | P101: 0.3907 | Q101: 0.3709 | R101: 0.3654 | S101: 0.394 | T101: 0.3816 | U101: 0.3802 | V101: 0.377 | W101: 0.3825 | X101: 0.3771 | Y101: 0.381 | Z101: 0.3657 | AA101: 0.3784 | AB101: 0.3908 | AD101: Heavy Equipment & Metal Fabrication | AE101: 0.094841322 | AF101: 0.080163898 | AG101: 0.096663202 | AH101: 0.077437537 | AI101: 0.065172215 | AJ101: 0.092680006 | AK101: 0.06012025 | AL101: 0.052129003 | AM101: 0.072143047 | AN101: 0.12013154 | AO101: 0.12771691 | AP101: 0.087330608 | AQ101: 0.098443411 | AR101: 0.11005057 | AS101: 0.080677477 | AT101: 0.095229828 | AU101: 0.067801547 | AV101: 0.057263918 | AW101: 0.078223684 | AX101: 0.061641997 | AY101: 0.099021211 | AZ101: 0.11172259 | BA101: 0.084522791 | BB101: 0.075789411 | BC101: 0.069092164 | BD101: 0.057032983 | BF101: Heavy Equipment & Metal Fabrication | BG101: CMI_Trend_20 | BH101: CMI_Trend_25 | BI101: CMI_Trend_20 | BJ101: CMI_Trend_60 | BK101: CMI_Trend_20 | BL101: CMI_Trend_52 | BM101: CMI_Trend_60 | BN101: CMI_Trend_46 | BO101: CMI_Trend_25 | BP101: CMI_Trend_52 | BQ101: CMI_Trend_60 | BR101: CMI_Trend_20 | BS101: CMI_Trend_56 | BT101: CMI_Trend_25 | BU101: CMI_Trend_56 | BV101: CMI_Trend_20 | BW101: CMI_Trend_56 | BX101: CMI_Trend_38 | BY101: CMI_Trend_38 | BZ101: CMI_Trend_20 | CA101: CMI_Trend_38 | CB101: CMI_Trend_60 | CC101: CMI_Trend_56 | CD101: CMI_Trend_60 | CE101: CMI_Trend_52 | CF101: CMI_Trend_25
B102: Electronics & Semiconductor Manufacturing | C102: 0.2688 | D102: 0.2775 | E102: 0.2775 | F102: 0.2929 | G102: 0.3023 | H102: 0.2702 | I102: 0.2976 | J102: 0.272 | K102: 0.2966 | L102: 0.2851 | M102: 0.2918 | N102: 0.2977 | O102: 0.2948 | P102: 0.2804 | Q102: 0.283 | R102: 0.2852 | S102: 0.2844 | T102: 0.2779 | U102: 0.2718 | V102: 0.2994 | W102: 0.2735 | X102: 0.2707 | Y102: 0.2859 | Z102: 0.2993 | AA102: 0.2716 | AB102: 0.2948 | AD102: Electronics & Semiconductor Manufacturing | AE102: 0.11084132 | AF102: 0.096163898 | AG102: 0.1126632 | AH102: 0.093437537 | AI102: 0.081172215 | AJ102: 0.10868001 | AK102: 0.07612025 | AL102: 0.068129003 | AM102: 0.088143047 | AN102: 0.13613154 | AO102: 0.14371691 | AP102: 0.10333061 | AQ102: 0.11444341 | AR102: 0.12605057 | AS102: 0.096677477 | AT102: 0.11122983 | AU102: 0.083801547 | AV102: 0.073263918 | AW102: 0.094223684 | AX102: 0.077641997 | AY102: 0.11502121 | AZ102: 0.12772259 | BA102: 0.10052279 | BB102: 0.091789411 | BC102: 0.085092164 | BD102: 0.073032983 | BF102: Electronics & Semiconductor Manufacturing | BG102: CMI_Trend_56 | BH102: CMI_Trend_60 | BI102: CMI_Trend_56 | BJ102: CMI_Trend_52 | BK102: CMI_Trend_52 | BL102: CMI_Trend_38 | BM102: CMI_Trend_38 | BN102: CMI_Trend_52 | BO102: CMI_Trend_25 | BP102: CMI_Trend_56 | BQ102: CMI_Trend_46 | BR102: CMI_Trend_60 | BS102: CMI_Trend_56 | BT102: CMI_Trend_38 | BU102: CMI_Trend_46 | BV102: CMI_Trend_56 | BW102: CMI_Trend_56 | BX102: CMI_Trend_20 | BY102: CMI_Trend_46 | BZ102: CMI_Trend_38 | CA102: CMI_Trend_52 | CB102: CMI_Trend_38 | CC102: CMI_Trend_38 | CD102: CMI_Trend_56 | CE102: CMI_Trend_52 | CF102: CMI_Trend_20
B103: Medical | C103: =C79 -> 0.1159 | D103: =D79 -> 0.1293 | E103: =E79 -> 0.1453 | F103: =F79 -> 0.1313 | G103: =G79 -> 0.1313 | H103: =H79 -> 0.1384 | I103: =I79 -> 0.1186 | J103: =J79 -> 0.1491 | ... AB103: =AB79 -> 0.1342 | AD103: Medical | AE103: =SUMPRODUCT(AE104:AE106,C104:C106) -> 0.11993758 | AF103: =SUMPRODUCT(AF104:AF106,D104:D106) -> 0.10672481 | AG103: =SUMPRODUCT(AG104:AG106,E104:E106) -> 0.12218667 | AH103: =SUMPRODUCT(AH104:AH106,F104:F106) -> 0.1085321 | AI103: =SUMPRODUCT(AI104:AI106,G104:G106) -> 0.095285379 | AJ103: =SUMPRODUCT(AJ104:AJ106,H104:H106) -> 0.11759743 | AK103: =SUMPRODUCT(AK104:AK106,I104:I106) -> 0.086178438 | AL103: =SUMPRODUCT(AL104:AL106,J104:J106) -> 0.080375157 | ... BD103: =SUMPRODUCT(BD104:BD106,AB104:AB106) -> 0.085404742 | BF103: Medical | BG103: CMI_Trend_25 | BH103: CMI_Trend_46 | BI103: CMI_Trend_38 | BJ103: CMI_Trend_52 | BK103: CMI_Trend_25 | BL103: CMI_Trend_56 | BM103: CMI_Trend_20 | BN103: CMI_Trend_25 | BO103: CMI_Trend_25 | BP103: CMI_Trend_56 | BQ103: CMI_Trend_25 | BR103: CMI_Trend_25 | BS103: CMI_Trend_46 | BT103: CMI_Trend_25 | BU103: CMI_Trend_52 | BV103: CMI_Trend_38 | BW103: CMI_Trend_38 | BX103: CMI_Trend_60 | BY103: CMI_Trend_56 | BZ103: CMI_Trend_56 | CA103: CMI_Trend_20 | CB103: CMI_Trend_38 | CC103: CMI_Trend_56 | CD103: CMI_Trend_46 | CE103: CMI_Trend_60 | CF103: CMI_Trend_20
B104: Hospitals & Surgical Centers | C104: 0.5378 | D104: 0.5181 | E104: 0.5344 | F104: 0.5323 | G104: 0.527 | H104: 0.5098 | I104: 0.5359 | J104: 0.5181 | K104: 0.5371 | L104: 0.5265 | M104: 0.5387 | N104: 0.5045 | O104: 0.532 | P104: 0.539 | Q104: 0.5373 | R104: 0.5375 | S104: 0.5148 | T104: 0.518 | U104: 0.5042 | V104: 0.5338 | W104: 0.5384 | X104: 0.5378 | Y104: 0.5219 | Z104: 0.5346 | AA104: 0.513 | AB104: 0.5056 | AD104: Hospitals & Surgical Centers | AE104: 0.11078407 | AF104: 0.10113485 | AG104: 0.11439438 | AH104: 0.096680576 | AI104: 0.08701621 | AJ104: 0.11074571 | AK104: 0.078257438 | AL104: 0.072453121 | AM104: 0.094943704 | AN104: 0.14081503 | AO104: 0.14856391 | AP104: 0.11100027 | AQ104: 0.12211495 | AR104: 0.1268248 | AS104: 0.098124225 | AT104: 0.11385787 | AU104: 0.09079048 | AV104: 0.076392835 | AW104: 0.098931472 | AX104: 0.081850475 | AY104: 0.11410419 | AZ104: 0.12440336 | BA104: 0.10533947 | BB104: 0.090312219 | BC104: 0.087723031 | BD104: 0.078536173 | BF104: Hospitals & Surgical Centers | BG104: CMI_Trend_38 | BH104: CMI_Trend_56 | BI104: CMI_Trend_25 | BJ104: CMI_Trend_20 | BK104: CMI_Trend_46 | BL104: CMI_Trend_60 | BM104: CMI_Trend_60 | BN104: CMI_Trend_46 | BO104: CMI_Trend_56 | BP104: CMI_Trend_46 | BQ104: CMI_Trend_56 | BR104: CMI_Trend_38 | BS104: CMI_Trend_25 | BT104: CMI_Trend_25 | BU104: CMI_Trend_56 | BV104: CMI_Trend_52 | BW104: CMI_Trend_56 | BX104: CMI_Trend_46 | BY104: CMI_Trend_52 | BZ104: CMI_Trend_25 | CA104: CMI_Trend_38 | CB104: CMI_Trend_56 | CC104: CMI_Trend_38 | CD104: CMI_Trend_20 | CE104: CMI_Trend_56 | CF104: CMI_Trend_46
B105: Specialty Clinics | C105: 0.3165 | D105: 0.328 | E105: 0.3292 | F105: 0.3476 | G105: 0.3317 | H105: 0.3439 | I105: 0.3176 | J105: 0.3347 | K105: 0.3227 | L105: 0.3322 | M105: 0.3171 | N105: 0.3418 | O105: 0.3359 | P105: 0.3373 | Q105: 0.3328 | R105: 0.3252 | S105: 0.3395 | T105: 0.317 | U105: 0.3387 | V105: 0.3476 | W105: 0.3269 | X105: 0.3438 | Y105: 0.3345 | Z105: 0.3372 | AA105: 0.3439 | AB105: 0.3296 | AD105: Specialty Clinics | AE105: 0.12978407 | AF105: 0.12013485 | AG105: 0.13339438 | AH105: 0.11568058 | AI105: 0.10601621 | AJ105: 0.12974571 | AK105: 0.097257438 | AL105: 0.091453121 | AM105: 0.1139437 | AN105: 0.15981503 | AO105: 0.16756391 | AP105: 0.13000027 | AQ105: 0.14111495 | AR105: 0.1458248 | AS105: 0.11712422 | AT105: 0.13285787 | AU105: 0.10979048 | AV105: 0.095392835 | AW105: 0.11793147 | AX105: 0.10085047 | AY105: 0.13310419 | AZ105: 0.14340336 | BA105: 0.12433947 | BB105: 0.10931222 | BC105: 0.10672303 | BD105: 0.097536173 | BF105: Specialty Clinics | BG105: CMI_Trend_25 | BH105: CMI_Trend_25 | BI105: CMI_Trend_25 | BJ105: CMI_Trend_56 | BK105: CMI_Trend_60 | BL105: CMI_Trend_25 | BM105: CMI_Trend_56 | BN105: CMI_Trend_20 | BO105: CMI_Trend_52 | BP105: CMI_Trend_60 | BQ105: CMI_Trend_60 | BR105: CMI_Trend_20 | BS105: CMI_Trend_25 | BT105: CMI_Trend_46 | BU105: CMI_Trend_56 | BV105: CMI_Trend_60 | BW105: CMI_Trend_25 | BX105: CMI_Trend_60 | BY105: CMI_Trend_46 | BZ105: CMI_Trend_25 | CA105: CMI_Trend_20 | CB105: CMI_Trend_52 | CC105: CMI_Trend_25 | CD105: CMI_Trend_56 | CE105: CMI_Trend_52 | CF105: CMI_Trend_20
B106: Medical Device Manufacturers | C106: 0.1637 | D106: 0.138 | E106: 0.1412 | F106: 0.1626 | G106: 0.1517 | H106: 0.1403 | I106: 0.1566 | J106: 0.1539 | K106: 0.1312 | L106: 0.1592 | M106: 0.1638 | N106: 0.1353 | O106: 0.1455 | P106: 0.1585 | Q106: 0.1552 | R106: 0.1593 | S106: 0.1385 | T106: 0.1638 | U106: 0.1503 | V106: 0.1375 | W106: 0.1599 | X106: 0.1374 | Y106: 0.152 | Z106: 0.1644 | AA106: 0.1357 | AB106: 0.1584 | AD106: Medical Device Manufacturers | AE106: 0.11778407 | AF106: 0.10813485 | AG106: 0.12139438 | AH106: 0.10368058 | AI106: 0.09401621 | AJ106: 0.11774571 | AK106: 0.085257438 | AL106: 0.079453121 | AM106: 0.1019437 | AN106: 0.14781503 | AO106: 0.15556391 | AP106: 0.11800027 | AQ106: 0.12911495 | AR106: 0.1338248 | AS106: 0.10512422 | AT106: 0.12085787 | AU106: 0.09779048 | AV106: 0.083392835 | AW106: 0.10593147 | AX106: 0.088850475 | AY106: 0.12110419 | AZ106: 0.13140336 | BA106: 0.11233947 | BB106: 0.097312219 | BC106: 0.094723031 | BD106: 0.085536173 | BF106: Medical Device Manufacturers | BG106: CMI_Trend_25 | BH106: CMI_Trend_60 | BI106: CMI_Trend_25 | BJ106: CMI_Trend_60 | BK106: CMI_Trend_52 | BL106: CMI_Trend_25 | BM106: CMI_Trend_60 | BN106: CMI_Trend_20 | BO106: CMI_Trend_60 | BP106: CMI_Trend_25 | BQ106: CMI_Trend_56 | BR106: CMI_Trend_52 | BS106: CMI_Trend_56 | BT106: CMI_Trend_25 | BU106: CMI_Trend_25 | BV106: CMI_Trend_38 | BW106: CMI_Trend_60 | BX106: CMI_Trend_38 | BY106: CMI_Trend_52 | BZ106: CMI_Trend_38 | CA106: CMI_Trend_60 | CB106: CMI_Trend_20 | CC106: CMI_Trend_46 | CD106: CMI_Trend_38 | CE106: CMI_Trend_25 | CF106: CMI_Trend_46
B107: Aerospace | C107: 0.0723 | D107: 0.0925 | E107: 0.0881 | F107: 0.0922 | G107: 0.0786 | H107: 0.0818 | I107: 0.0706 | J107: 0.0734 | K107: 0.0773 | L107: 0.0815 | M107: 0.0875 | N107: 0.0912 | O107: 0.0728 | P107: 0.0883 | Q107: 0.0815 | R107: 0.0917 | S107: 0.0851 | T107: 0.0901 | U107: 0.0705 | V107: 0.0783 | W107: 0.0901 | X107: 0.0728 | Y107: 0.0816 | Z107: 0.0921 | AA107: 0.0809 | AB107: 0.0762 | AD107: Aerospace | AE107: =SUMPRODUCT(AE108:AE110,C108:C110) -> 0.11202551 | AF107: =SUMPRODUCT(AF108:AF110,D108:D110) -> 0.1005166 | AG107: =SUMPRODUCT(AG108:AG110,E108:E110) -> 0.12152137 | AH107: =SUMPRODUCT(AH108:AH110,F108:F110) -> 0.10340648 | AI107: =SUMPRODUCT(AI108:AI110,G108:G110) -> 0.091019077 | AJ107: =SUMPRODUCT(AJ108:AJ110,H108:H110) -> 0.11383348 | AK107: =SUMPRODUCT(AK108:AK110,I108:I110) -> 0.079434859 | AL107: =SUMPRODUCT(AL108:AL110,J108:J110) -> 0.076238471 | ... BD107: =SUMPRODUCT(BD108:BD110,AB108:AB110) -> 0.08137172 | BF107: Aerospace | BG107: CMI_Trend_20 | BH107: CMI_Trend_60 | BI107: CMI_Trend_20 | BJ107: CMI_Trend_56 | BK107: CMI_Trend_56 | BL107: CMI_Trend_38 | BM107: CMI_Trend_25 | BN107: CMI_Trend_56 | BO107: CMI_Trend_20 | BP107: CMI_Trend_56 | BQ107: CMI_Trend_25 | BR107: CMI_Trend_46 | BS107: CMI_Trend_56 | BT107: CMI_Trend_52 | BU107: CMI_Trend_52 | BV107: CMI_Trend_56 | BW107: CMI_Trend_52 | BX107: CMI_Trend_20 | BY107: CMI_Trend_56 | BZ107: CMI_Trend_60 | CA107: CMI_Trend_20 | CB107: CMI_Trend_25 | CC107: CMI_Trend_20 | CD107: CMI_Trend_20 | CE107: CMI_Trend_38 | CF107: CMI_Trend_25
...

Sheet ASP
B1: 121
B2: =B70 -> 121144 | C2: =C70 -> 26369 | D2: =D70 -> 4069 | E2: =E70 -> 3937 | F2: =F70 -> 6571 | G2: =G70 -> 2464 | H2: =H70 -> 3415 | I2: =I70 -> 2098 | ... AB2: =AB70 -> 1518
B3: Segment | C3: U.S. | D3: Canada | E3: U.K. | F3: Germany | G3: Italy | H3: France | I3: Spain | J3: Russia | K3: Rest of Europe | L3: China | M3: India | N3: Japan | O3: South Korea | P3: ASEAN | Q3: Australia | R3: Rest of Asia Pacific | S3: Brazil | T3: Argentina | U3: Mexico | V3: Rest of Latin America | W3: GCC | X3: Israel | Y3: Rest of Middle East | Z3: South Africa | AA3: North Africa | AB3: Central Africa | AE3: U.S. | AF3: Canada | AG3: U.K. | AH3: Germany | AI3: Italy | AJ3: France | AK3: Spain | AL3: Russia | AM3: Rest of Europe | AN3: China | AO3: India | AP3: Japan | AQ3: South Korea | AR3: ASEAN | AS3: Australia | AT3: Rest of Asia Pacific | AU3: Brazil | AV3: Argentina | AW3: Mexico | AX3: Rest of Latin America | AY3: GCC | AZ3: Israel | BA3: Rest of Middle East | BB3: South Africa | BC3: North Africa | BD3: Central Africa
B4: By Laser Type | AD4: By Laser Type
B5: Solid-State Lasers | AD5: Solid-State Lasers | AE5: ASP5 | AF5: ASP5 | AG5: ASP5 | AH5: ASP7 | AI5: ASP7 | AJ5: ASP7 | AK5: ASP2 | AL5: ASP7 | AM5: ASP4 | AN5: ASP5 | AO5: ASP5 | AP5: ASP3 | AQ5: ASP5 | AR5: ASP2 | AS5: ASP5 | AT5: ASP7 | AU5: ASP8 | AV5: ASP8 | AW5: ASP9 | AX5: ASP1 | AY5: ASP6 | AZ5: ASP2 | BA5: ASP6 | BB5: ASP3 | BC5: ASP3 | BD5: ASP5
B6: Nd:YAG | C6: 249258.56 | D6: 233052.9 | E6: 240866.34 | F6: 245882.38 | G6: 224564.22 | H6: 237586.62 | I6: 217908.32 | J6: 210866.57 | K6: 229097.94 | L6: 207008.08 | M6: 198037.09 | N6: 239419.41 | O6: 230255.49 | P6: 211638.27 | Q6: 228519.17 | R6: 214725.06 | S6: 213953.36 | T6: 202281.43 | U6: 218390.63 | V6: 205946.99 | W6: 225335.91 | X6: 237104.31 | Y6: 216750.77 | Z6: 210191.33 | AA6: 199484.02 | AB6: 191381.19 | AD6: Nd:YAG | AE6: ASP8 | AF6: ASP8 | AG6: ASP5 | AH6: ASP4 | AI6: ASP6 | AJ6: ASP8 | AK6: ASP5 | AL6: ASP4 | AM6: ASP9 | AN6: ASP6 | AO6: ASP3 | AP6: ASP4 | AQ6: ASP1 | AR6: ASP3 | AS6: ASP1 | AT6: ASP8 | AU6: ASP2 | AV6: ASP7 | AW6: ASP2 | AX6: ASP9 | AY6: ASP1 | AZ6: ASP4 | BA6: ASP4 | BB6: ASP9 | BC6: ASP3 | BD6: ASP8
B7: Yb:YAG | C7: 320833.58 | D7: 298454.33 | E7: 310415.66 | F7: 316589.24 | G7: 286975.32 | H7: 303470.37 | I7: 279065.41 | J7: 267007.62 | K7: 292184.28 | L7: 267104.09 | M7: 254853.38 | N7: 307135.94 | O7: 294017.07 | P7: 271637.81 | Q7: 290544.42 | R7: 277329.09 | S7: 276171.54 | T7: 261798.66 | U7: 283406.21 | V7: 269033.33 | W7: 291701.97 | X7: 305013.77 | Y7: 279451.26 | Z7: 269708.57 | AA7: 256493.23 | AB7: 243760.21 | AD7: Yb:YAG | AE7: ASP6 | AF7: ASP2 | AG7: ASP4 | AH7: ASP8 | AI7: ASP6 | AJ7: ASP5 | AK7: ASP9 | AL7: ASP7 | AM7: ASP1 | AN7: ASP3 | AO7: ASP4 | AP7: ASP2 | AQ7: ASP5 | AR7: ASP6 | AS7: ASP4 | AT7: ASP9 | AU7: ASP2 | AV7: ASP6 | AW7: ASP3 | AX7: ASP6 | AY7: ASP8 | AZ7: ASP5 | BA7: ASP7 | BB7: ASP1 | BC7: ASP3 | BD7: ASP1
B8: Tm:YAG | C8: 285721.31 | D8: 265078.38 | E8: 273856.45 | F8: 279258.33 | G8: 256010.92 | H8: 269708.57 | I8: 249547.95 | J8: 239515.87 | K8: 260255.26 | L8: 239033.56 | M8: 228133.32 | N8: 279354.8 | O8: 267489.94 | P8: 246654.08 | Q8: 261798.66 | R8: 250609.03 | S8: 249065.64 | T8: 236043.23 | U8: 256879.08 | V8: 242699.13 | W8: 261219.89 | X8: 274435.22 | Y8: 250994.88 | Z8: 242795.59 | AA8: 231316.58 | AB8: 219548.18 | AD8: Tm:YAG | AE8: ASP5 | AF8: ASP9 | AG8: ASP2 | AH8: ASP9 | AI8: ASP4 | AJ8: ASP7 | AK8: ASP4 | AL8: ASP8 | AM8: ASP3 | AN8: ASP5 | AO8: ASP5 | AP8: ASP1 | AQ8: ASP5 | AR8: ASP6 | AS8: ASP3 | AT8: ASP6 | AU8: ASP9 | AV8: ASP6 | AW8: ASP5 | AX8: ASP8 | AY8: ASP2 | AZ8: ASP2 | BA8: ASP6 | BB8: ASP3 | BC8: ASP7 | BD8: ASP8
B9: Er:YAG | C9: 239901.72 | D9: 223696.05 | E9: 231316.58 | F9: 235560.92 | G9: 213760.44 | H9: 227072.24 | I9: 209226.71 | J9: 201123.88 | K9: 218680.02 | L9: 201027.42 | M9: 191863.5 | N9: 234499.83 | O9: 224467.75 | P9: 207972.7 | Q9: 220705.72 | R9: 211541.81 | S9: 210963.03 | T9: 200062.79 | U9: 216172 | V9: 203824.82 | W9: 219837.56 | X9: 230930.73 | Y9: 212795.82 | Z9: 205657.61 | AA9: 194950.29 | AB9: 184725.29 | AD9: Er:YAG | AE9: ASP4 | AF9: ASP7 | AG9: ASP8 | AH9: ASP3 | AI9: ASP4 | AJ9: ASP7 | AK9: ASP6 | AL9: ASP9 | AM9: ASP4 | AN9: ASP9 | AO9: ASP5 | AP9: ASP8 | AQ9: ASP6 | AR9: ASP6 | AS9: ASP9 | AT9: ASP3 | AU9: ASP1 | AV9: ASP1 | AW9: ASP7 | AX9: ASP8 | AY9: ASP9 | AZ9: ASP4 | BA9: ASP7 | BB9: ASP3 | BC9: ASP6 | BD9: ASP8
B10: Others (Ce:YAG, Ho:YAG, etc.) | C10: 452311.69 | D10: 427038.57 | E10: 437745.88 | F10: 444884.09 | G10: 406685.02 | H10: 430125.36 | I10: 395302.47 | J10: 378518.03 | K10: 415366.63 | L10: 378807.42 | M10: 361347.75 | N10: 436298.95 | O10: 418453.42 | P10: 387392.56 | Q10: 410639.98 | R10: 394723.7 | S10: 394144.92 | T10: 373212.61 | U10: 405913.32 | V10: 383437.61 | W10: 413437.38 | X10: 432826.3 | Y10: 397810.49 | Z10: 387585.49 | AA10: 368196.57 | AB10: 350061.66 | AD10: Others (Ce:YAG, Ho:YAG, etc.) | AE10: ASP4 | AF10: ASP1 | AG10: ASP6 | AH10: ASP8 | AI10: ASP6 | AJ10: ASP8 | AK10: ASP7 | AL10: ASP4 | AM10: ASP6 | AN10: ASP5 | AO10: ASP7 | AP10: ASP7 | AQ10: ASP7 | AR10: ASP1 | AS10: ASP5 | AT10: ASP8 | AU10: ASP7 | AV10: ASP1 | AW10: ASP7 | AX10: ASP9 | AY10: ASP4 | AZ10: ASP9 | BA10: ASP1 | BB10: ASP5 | BC10: ASP6 | BD10: ASP8
B11: Fiber Lasers | C11: 0 | D11: 0 | E11: 0 | F11: 0 | G11: 0 | H11: 0 | I11: 0 | J11: 0 | K11: 0 | L11: 0 | M11: 0 | N11: 0 | O11: 0 | P11: 0 | Q11: 0 | R11: 0 | S11: 0 | T11: 0 | U11: 0 | V11: 0 | W11: 0 | X11: 0 | Y11: 0 | Z11: 0 | AA11: 0 | AB11: 0 | AD11: Fiber Lasers | AE11: ASP6 | AF11: ASP8 | AG11: ASP8 | AH11: ASP9 | AI11: ASP7 | AJ11: ASP6 | AK11: ASP8 | AL11: ASP2 | AM11: ASP3 | AN11: ASP4 | AO11: ASP9 | AP11: ASP4 | AQ11: ASP8 | AR11: ASP9 | AS11: ASP3 | AT11: ASP8 | AU11: ASP6 | AV11: ASP8 | AW11: ASP7 | AX11: ASP1 | AY11: ASP4 | AZ11: ASP6 | BA11: ASP9 | BB11: ASP7 | BC11: ASP8 | BD11: ASP2
B12: Continuous Wave Fiber Lasers | C12: 185979.3 | D12: 172571.04 | E12: 179902.17 | F12: 183664.2 | G12: 166204.53 | H12: 176718.92 | I12: 161863.73 | J12: 155014.9 | K12: 169387.78 | L12: 152989.19 | M12: 144500.51 | N12: 176911.84 | O12: 169966.56 | P12: 156172.45 | Q12: 167458.54 | R12: 159934.48 | S12: 158873.39 | T12: 150288.25 | U12: 163214.2 | V12: 154725.52 | W12: 165722.22 | X12: 174500.29 | Y12: 160416.79 | Z12: 155497.21 | AA12: 147008.53 | AB12: 140449.1 | AD12: Continuous Wave Fiber Lasers | AE12: ASP7 | AF12: ASP1 | AG12: ASP9 | AH12: ASP3 | AI12: ASP2 | AJ12: ASP5 | AK12: ASP4 | AL12: ASP6 | AM12: ASP5 | AN12: ASP9 | AO12: ASP2 | AP12: ASP9 | AQ12: ASP4 | AR12: ASP9 | AS12: ASP6 | AT12: ASP6 | AU12: ASP7 | AV12: ASP2 | AW12: ASP5 | AX12: ASP4 | AY12: ASP4 | AZ12: ASP1 | BA12: ASP7 | BB12: ASP1 | BC12: ASP6 | BD12: ASP4
B13: Pulsed Fiber Lasers | C13: 249258.56 | D13: 231220.11 | E13: 240094.64 | F13: 245593 | G13: 223599.59 | H13: 235560.92 | I13: 216943.69 | J13: 206718.69 | K13: 228326.24 | L13: 213856.9 | M13: 202860.2 | N13: 238068.94 | O13: 229001.48 | P13: 216172 | Q13: 227458.08 | R13: 220126.95 | S13: 219065.86 | T13: 207201 | U13: 223406.67 | V13: 212120.58 | W13: 225432.38 | X13: 236911.39 | Y13: 219837.56 | Z13: 213567.51 | AA13: 202184.96 | AB13: 192249.35 | AD13: Pulsed Fiber Lasers | AE13: ASP4 | AF13: ASP3 | AG13: ASP1 | AH13: ASP4 | AI13: ASP7 | AJ13: ASP5 | AK13: ASP8 | AL13: ASP1 | AM13: ASP1 | AN13: ASP3 | AO13: ASP1 | AP13: ASP9 | AQ13: ASP9 | AR13: ASP7 | AS13: ASP4 | AT13: ASP9 | AU13: ASP4 | AV13: ASP9 | AW13: ASP8 | AX13: ASP8 | AY13: ASP7 | AZ13: ASP6 | BA13: ASP8 | BB13: ASP3 | BC13: ASP9 | BD13: ASP4
B14: Raman Fiber Lasers | C14: 509899.67 | D14: 479224.67 | E14: 494562.17 | F14: 502954.39 | G14: 454916.17 | H14: 481250.37 | I14: 443051.31 | J14: 427038.57 | K14: 461861.45 | L14: 427135.03 | M14: 406685.02 | N14: 490896.6 | O14: 470060.75 | P14: 438614.04 | Q14: 459932.21 | R14: 444884.09 | S14: 443533.62 | T14: 422022.53 | U14: 451636.45 | V14: 431089.98 | W14: 461379.14 | X14: 483469.01 | Y14: 449224.89 | Z14: 437552.96 | AA14: 414594.93 | AB14: 394723.7 | AD14: Raman Fiber Lasers | AE14: ASP3 | AF14: ASP2 | AG14: ASP8 | AH14: ASP2 | AI14: ASP3 | AJ14: ASP3 | AK14: ASP4 | AL14: ASP2 | AM14: ASP7 | AN14: ASP2 | AO14: ASP1 | AP14: ASP7 | AQ14: ASP7 | AR14: ASP8 | AS14: ASP6 | AT14: ASP2 | AU14: ASP9 | AV14: ASP1 | AW14: ASP9 | AX14: ASP8 | AY14: ASP2 | AZ14: ASP4 | BA14: ASP7 | BB14: ASP5 | BC14: ASP1 | BD14: ASP8
B15: SBC Fiber Arrays | C15: 317264.48 | D15: 295849.85 | E15: 306171.31 | F15: 313116.6 | G15: 285335.46 | H15: 300480.04 | I15: 277039.7 | J15: 265850.08 | K15: 290255.04 | L15: 268551.02 | M15: 256300.31 | N15: 301541.12 | O15: 287843.48 | P15: 271927.2 | Q15: 285142.53 | R15: 276171.54 | S15: 275110.46 | T15: 261219.89 | U15: 281091.12 | V15: 267104.09 | W15: 284370.84 | X15: 298743.72 | Y15: 278390.17 | Z15: 269612.11 | AA15: 256396.77 | AB15: 243470.82 | AD15: SBC Fiber Arrays | AE15: ASP3 | AF15: ASP1 | AG15: ASP6 | AH15: ASP2 | AI15: ASP3 | AJ15: ASP3 | AK15: ASP6 | AL15: ASP6 | AM15: ASP2 | AN15: ASP7 | AO15: ASP1 | AP15: ASP2 | AQ15: ASP5 | AR15: ASP8 | AS15: ASP6 | AT15: ASP9 | AU15: ASP1 | AV15: ASP8 | AW15: ASP1 | AX15: ASP8 | AY15: ASP6 | AZ15: ASP8 | BA15: ASP8 | BB15: ASP6 | BC15: ASP7 | BD15: ASP6
B16: Gas Lasers | C16: 0 | D16: 0 | E16: 0 | F16: 0 | G16: 0 | H16: 0 | I16: 0 | J16: 0 | K16: 0 | L16: 0 | M16: 0 | N16: 0 | O16: 0 | P16: 0 | Q16: 0 | R16: 0 | S16: 0 | T16: 0 | U16: 0 | V16: 0 | W16: 0 | X16: 0 | Y16: 0 | Z16: 0 | AA16: 0 | AB16: 0 | AD16: Gas Lasers | AE16: ASP9 | AF16: ASP8 | AG16: ASP1 | AH16: ASP3 | AI16: ASP2 | AJ16: ASP4 | AK16: ASP5 | AL16: ASP6 | AM16: ASP6 | AN16: ASP8 | AO16: ASP1 | AP16: ASP8 | AQ16: ASP5 | AR16: ASP9 | AS16: ASP6 | AT16: ASP9 | AU16: ASP1 | AV16: ASP4 | AW16: ASP8 | AX16: ASP2 | AY16: ASP6 | AZ16: ASP5 | BA16: ASP7 | BB16: ASP7 | BC16: ASP3 | BD16: ASP5
B17: Chemical High-Energy Lasers | C17: 13311796 | D17: 12250711 | E17: 12154249 | F17: 12347173 | G17: 11575475 | H17: 12057786 | I17: 11382550 | J17: 10128541 | K17: 10803777 | L17: 9839153.8 | M17: 8874530.9 | N17: 12347173 | O17: 11575475 | P17: 9163917.7 | Q17: 11768400 | R17: 9453304.6 | S17: 9646229.2 | T17: 8874530.9 | U17: 9839153.8 | V17: 9163917.7 | W17: 12057786 | X17: 13022409 | Y17: 10128541 | Z17: 9453304.6 | AA17: 8874530.9 | AB17: 8199294.8 | AD17: Chemical High-Energy Lasers | AE17: ASP4 | AF17: ASP3 | AG17: ASP1 | AH17: ASP4 | AI17: ASP1 | AJ17: ASP5 | AK17: ASP4 | AL17: ASP3 | AM17: ASP6 | AN17: ASP6 | AO17: ASP5 | AP17: ASP2 | AQ17: ASP2 | AR17: ASP9 | AS17: ASP3 | AT17: ASP8 | AU17: ASP3 | AV17: ASP6 | AW17: ASP3 | AX17: ASP8 | AY17: ASP1 | AZ17: ASP5 | BA17: ASP9 | BB17: ASP5 | BC17: ASP5 | BD17: ASP8
... B21: Other Laser Types | C21: 672269.83 | D21: 632093.28 | E21: 650324.66 | F21: 662720.06 | G21: 606144.93 | H21: 644946.88 | I21: 590807.42 | J21: 569875.1 | K21: 619263.8 | L21: 572793.09 | M21: 547592.32 | N21: 650131.73 | O21: 625750.89 | P21: 585381.42 | Q21: 614585.38 | R21: 600357.19 | S21: 598017.98 | T21: 573564.79 | U21: 612318.51 | V21: 589071.1 | W21: 618516.22 | X21: 644657.5 | Y21: 604553.3 | Z21: 593098.4 | AA21: 570646.8 | AB21: 547833.47 | AD21: Other Laser Types | AE21: ASP3 | AF21: ASP3 | AG21: ASP8 | AH21: ASP4 | AI21: ASP1 | AJ21: ASP6 | AK21: ASP2 | AL21: ASP6 | AM21: ASP4 | AN21: ASP5 | AO21: ASP9 | AP21: ASP7 | AQ21: ASP6 | AR21: ASP2 | AS21: ASP1 | AT21: ASP6 | AU21: ASP8 | AV21: ASP1 | AW21: ASP3 | AX21: ASP3 | AY21: ASP3 | AZ21: ASP9 | BA21: ASP2 | BB21: ASP7 | BC21: ASP5 | BD21: ASP3
C25: U.S. | D25: Canada | E25: U.K. | F25: Germany | G25: Italy | H25: France | I25: Spain | J25: Russia | K25: Rest of Europe | L25: China | M25: India | N25: Japan | O25: South Korea | P25: ASEAN | Q25: Australia | R25: Rest of Asia Pacific | S25: Brazil | T25: Argentina | U25: Mexico | V25: Rest of Latin America | W25: GCC | X25: Israel | Y25: Rest of Middle East | Z25: South Africa | AA25: North Africa | AB25: Central Africa
B26: By Laser Type
B27: Solid-State Lasers | C27: =1-C33-C38-C42-C43 -> 0.2671 | D27: =1-D33-D38-D42-D43 -> 0.2244 | E27: =1-E33-E38-E42-E43 -> 0.2077 | F27: =1-F33-F38-F42-F43 -> 0.2358 | G27: =1-G33-G38-G42-G43 -> 0.2949 | H27: =1-H33-H38-H42-H43 -> 0.266 | I27: =1-I33-I38-I42-I43 -> 0.2658 | J27: =1-J33-J38-J42-J43 -> 0.2594 | ... AB27: =1-AB33-AB38-AB42-AB43 -> 0.2503
B28: Nd:YAG | C28: 0.3785 | D28: 0.3855 | E28: 0.3841 | F28: 0.3881 | G28: 0.4059 | H28: 0.395 | I28: 0.3956 | J28: 0.398 | K28: 0.3856 | L28: 0.3849 | M28: 0.385 | N28: 0.3792 | O28: 0.4049 | P28: 0.3774 | Q28: 0.3796 | R28: 0.3805 | S28: 0.3909 | T28: 0.3788 | U28: 0.391 | V28: 0.3974 | W28: 0.404 | X28: 0.3973 | Y28: 0.3813 | Z28: 0.3974 | AA28: 0.4053 | AB28: 0.3973
B29: Yb:YAG | C29: 0.2411 | D29: 0.2494 | E29: 0.2407 | F29: 0.2303 | G29: 0.2307 | H29: 0.2285 | I29: 0.255 | J29: 0.2297 | K29: 0.2541 | L29: 0.2336 | M29: 0.2327 | N29: 0.2471 | O29: 0.2343 | P29: 0.224 | Q29: 0.245 | R29: 0.2266 | S29: 0.232 | T29: 0.2557 | U29: 0.2381 | V29: 0.23 | W29: 0.2581 | X29: 0.2275 | Y29: 0.2412 | Z29: 0.2311 | AA29: 0.2256 | AB29: 0.2439
B30: Tm:YAG | C30: 0.0895 | D30: 0.1044 | E30: 0.0917 | F30: 0.0862 | G30: 0.0882 | H30: 0.0803 | I30: 0.0914 | J30: 0.0815 | K30: 0.0864 | L30: 0.0901 | M30: 0.1019 | N30: 0.0882 | O30: 0.1042 | P30: 0.0956 | Q30: 0.0857 | R30: 0.08 | S30: 0.0926 | T30: 0.1013 | U30: 0.1033 | V30: 0.0969 | W30: 0.0813 | X30: 0.0848 | Y30: 0.0899 | Z30: 0.092 | AA30: 0.0992 | AB30: 0.0888
B31: Er:YAG | C31: 0.0985 | D31: 0.1058 | E31: 0.1083 | F31: 0.0963 | G31: 0.1152 | H31: 0.1148 | I31: 0.0956 | J31: 0.1154 | K31: 0.1074 | L31: 0.0997 | M31: 0.1106 | N31: 0.1165 | O31: 0.0991 | P31: 0.1077 | Q31: 0.1012 | R31: 0.0973 | S31: 0.1164 | T31: 0.1088 | U31: 0.1135 | V31: 0.1017 | W31: 0.1154 | X31: 0.1113 | Y31: 0.1071 | Z31: 0.0996 | AA31: 0.1111 | AB31: 0.1136
B32: Others (Ce:YAG, Ho:YAG, etc.) | C32: =1-SUM(C28:C31) -> 0.1924 | D32: =1-SUM(D28:D31) -> 0.1549 | E32: =1-SUM(E28:E31) -> 0.1752 | F32: =1-SUM(F28:F31) -> 0.1991 | G32: =1-SUM(G28:G31) -> 0.16 | H32: =1-SUM(H28:H31) -> 0.1814 | I32: =1-SUM(I28:I31) -> 0.1624 | J32: =1-SUM(J28:J31) -> 0.1754 | ... AB32: =1-SUM(AB28:AB31) -> 0.1564
B33: Fiber Lasers | C33: 0.3599 | D33: 0.3653 | E33: 0.3646 | F33: 0.3534 | G33: 0.3472 | H33: 0.3492 | I33: 0.3389 | J33: 0.3503 | K33: 0.345 | L33: 0.3546 | M33: 0.3655 | N33: 0.3314 | O33: 0.3456 | P33: 0.3352 | Q33: 0.3652 | R33: 0.3636 | S33: 0.3346 | T33: 0.3423 | U33: 0.3352 | V33: 0.345 | W33: 0.3476 | X33: 0.358 | Y33: 0.3397 | Z33: 0.3374 | AA33: 0.3448 | AB33: 0.3566
B34: Continuous Wave Fiber Lasers | C34: 0.4769 | D34: 0.4691 | E34: 0.4918 | F34: 0.4713 | G34: 0.4686 | H34: 0.4775 | I34: 0.4844 | J34: 0.4652 | K34: 0.4852 | L34: 0.4672 | M34: 0.487 | N34: 0.4962 | O34: 0.4899 | P34: 0.4692 | Q34: 0.4786 | R34: 0.4905 | S34: 0.4723 | T34: 0.4715 | U34: 0.4691 | V34: 0.4976 | W34: 0.4905 | X34: 0.4672 | Y34: 0.4798 | Z34: 0.4866 | AA34: 0.4895 | AB34: 0.4745
B35: Pulsed Fiber Lasers | C35: 0.2331 | D35: 0.2592 | E35: 0.2354 | F35: 0.2289 | G35: 0.2481 | H35: 0.2357 | I35: 0.238 | J35: 0.2441 | K35: 0.2484 | L35: 0.2345 | M35: 0.2492 | N35: 0.2507 | O35: 0.2479 | P35: 0.2486 | Q35: 0.2476 | R35: 0.2264 | S35: 0.2342 | T35: 0.2446 | U35: 0.2436 | V35: 0.2255 | W35: 0.2381 | X35: 0.2543 | Y35: 0.2334 | Z35: 0.2441 | AA35: 0.2403 | AB35: 0.2261
B36: Raman Fiber Lasers | C36: 0.0662 | D36: 0.075 | E36: 0.065 | F36: 0.0686 | G36: 0.0738 | H36: 0.0826 | I36: 0.0677 | J36: 0.0699 | K36: 0.0791 | L36: 0.0833 | M36: 0.0791 | N36: 0.0658 | O36: 0.0752 | P36: 0.0838 | Q36: 0.0715 | R36: 0.0747 | S36: 0.0657 | T36: 0.0665 | U36: 0.0848 | V36: 0.0684 | W36: 0.0775 | X36: 0.0837 | Y36: 0.0785 | Z36: 0.074 | AA36: 0.0676 | AB36: 0.0844
B37: SBC Fiber Arrays | C37: =1-SUM(C34:C36) -> 0.2238 | D37: =1-SUM(D34:D36) -> 0.1967 | E37: =1-SUM(E34:E36) -> 0.2078 | F37: =1-SUM(F34:F36) -> 0.2312 | G37: =1-SUM(G34:G36) -> 0.2095 | H37: =1-SUM(H34:H36) -> 0.2042 | I37: =1-SUM(I34:I36) -> 0.2099 | J37: =1-SUM(J34:J36) -> 0.2208 | ... AB37: =1-SUM(AB34:AB36) -> 0.215
B38: Gas Lasers | C38: 0.0797 | D38: 0.0906 | E38: 0.0877 | F38: 0.0915 | G38: 0.0704 | H38: 0.0728 | I38: 0.0905 | J38: 0.0711 | K38: 0.0752 | L38: 0.0815 | M38: 0.0774 | N38: 0.0724 | O38: 0.0884 | P38: 0.0709 | Q38: 0.0784 | R38: 0.0712 | S38: 0.0827 | T38: 0.0756 | U38: 0.0738 | V38: 0.0888 | W38: 0.0865 | X38: 0.0781 | Y38: 0.0723 | Z38: 0.084 | AA38: 0.0899 | AB38: 0.0832
B39: Chemical High-Energy Lasers | C39: 0.4482 | D39: 0.4653 | E39: 0.4697 | F39: 0.4601 | G39: 0.4715 | H39: 0.4589 | I39: 0.4464 | J39: 0.4445 | K39: 0.4511 | L39: 0.4513 | M39: 0.4385 | N39: 0.4646 | O39: 0.4464 | P39: 0.4483 | Q39: 0.4687 | R39: 0.445 | S39: 0.4413 | T39: 0.445 | U39: 0.465 | V39: 0.4645 | W39: 0.45 | X39: 0.4582 | Y39: 0.4533 | Z39: 0.4462 | AA39: 0.4387 | AB39: 0.4436
B40: Excimer Lasers | C40: 0.2408 | D40: 0.2664 | E40: 0.2479 | F40: 0.2698 | G40: 0.2647 | H40: 0.2505 | I40: 0.2652 | J40: 0.2461 | K40: 0.2467 | L40: 0.2507 | M40: 0.249 | N40: 0.2749 | O40: 0.2418 | P40: 0.2482 | Q40: 0.249 | R40: 0.2548 | S40: 0.268 | T40: 0.2642 | U40: 0.2631 | V40: 0.2653 | W40: 0.2658 | X40: 0.2645 | Y40: 0.2572 | Z40: 0.2732 | AA40: 0.2582 | AB40: 0.2416
B41: Industrial Gas Lasers (CO₂ etc.) | C41: =1-SUM(C39:C40) -> 0.311 | D41: =1-SUM(D39:D40) -> 0.2683 | E41: =1-SUM(E39:E40) -> 0.2824 | F41: =1-SUM(F39:F40) -> 0.2701 | G41: =1-SUM(G39:G40) -> 0.2638 | H41: =1-SUM(H39:H40) -> 0.2906 | I41: =1-SUM(I39:I40) -> 0.2884 | J41: =1-SUM(J39:J40) -> 0.3094 | ... AB41: =1-SUM(AB39:AB40) -> 0.3148
B42: Semiconductor Lasers | C42: 0.1733 | D42: 0.1899 | E42: 0.1953 | F42: 0.1748 | G42: 0.1668 | H42: 0.18 | I42: 0.1734 | J42: 0.1686 | K42: 0.1974 | L42: 0.1947 | M42: 0.1708 | N42: 0.1923 | O42: 0.1836 | P42: 0.1787 | Q42: 0.1885 | R42: 0.1839 | S42: 0.1884 | T42: 0.164 | U42: 0.1679 | V42: 0.1961 | W42: 0.1771 | X42: 0.1827 | Y42: 0.1791 | Z42: 0.1748 | AA42: 0.1965 | AB42: 0.1721
B43: Other Laser Types | C43: 0.12 | D43: 0.1298 | E43: 0.1447 | F43: 0.1445 | G43: 0.1207 | H43: 0.132 | I43: 0.1314 | J43: 0.1506 | K43: 0.1272 | L43: 0.12 | M43: 0.1327 | N43: 0.1192 | O43: 0.1501 | P43: 0.1516 | Q43: 0.1239 | R43: 0.138 | S43: 0.1498 | T43: 0.1332 | U43: 0.1433 | V43: 0.1281 | W43: 0.1351 | X43: 0.1349 | Y43: 0.1191 | Z43: 0.1257 | AA43: 0.1261 | AB43: 0.1378
C46: =VLOOKUP(C47,Data!$B$119:$E$151,4,0) -> 5955.0674 | D46: =VLOOKUP(D47,Data!$B$119:$E$151,4,0) -> 842.95475 | E46: =VLOOKUP(E47,Data!$B$119:$E$151,4,0) -> 841.36689 | F46: =VLOOKUP(F47,Data!$B$119:$E$151,4,0) -> 1489.8089 | G46: =VLOOKUP(G47,Data!$B$119:$E$151,4,0) -> 503.74833 | H46: =VLOOKUP(H47,Data!$B$119:$E$151,4,0) -> 728.82737 | I46: =VLOOKUP(I47,Data!$B$119:$E$151,4,0) -> 418.00393 | J46: =VLOOKUP(J47,Data!$B$119:$E$151,4,0) -> 476.95321 | ... AB46: =VLOOKUP(AB47,Data!$B$119:$E$151,4,0) -> 267.80238
C47: U.S. | D47: Canada | E47: U.K. | F47: Germany | G47: Italy | H47: France | I47: Spain | J47: Russia | K47: Rest of Europe | L47: China | M47: India | N47: Japan | O47: South Korea | P47: ASEAN | Q47: Australia | R47: Rest of Asia Pacific | S47: Brazil | T47: Argentina | U47: Mexico | V47: Rest of Latin America | W47: GCC | X47: Israel | Y47: Rest of Middle East | Z47: South Africa | AA47: North Africa | AB47: Central Africa
B48: By Laser Type
B49: Solid-State Lasers | C49: =C$46*C27 -> 1590.5985 | D49: =D$46*D27 -> 189.15905 | E49: =E$46*E27 -> 174.7519 | F49: =F$46*F27 -> 351.29694 | G49: =G$46*G27 -> 148.55538 | H49: =H$46*H27 -> 193.86808 | I49: =I$46*I27 -> 111.10545 | J49: =J$46*J27 -> 123.72166 | ... AB49: =AB$46*AB27 -> 67.030935
B50: Nd:YAG | C50: =C$49*C28 -> 602.04154 | D50: =D$49*D28 -> 72.920812 | E50: =E$49*E28 -> 67.122206 | F50: =F$49*F28 -> 136.33834 | G50: =G$49*G28 -> 60.29863 | H50: =H$49*H28 -> 76.577892 | I50: =I$49*I28 -> 43.953314 | J50: =J$49*J28 -> 49.241221 | ... AB50: =AB$49*AB28 -> 26.631391
B51: Yb:YAG | C51: =C$49*C29 -> 383.4933 | D51: =D$49*D29 -> 47.176266 | E51: =E$49*E29 -> 42.062783 | F51: =F$49*F29 -> 80.903685 | G51: =G$49*G29 -> 34.271727 | H51: =H$49*H29 -> 44.298857 | I51: =I$49*I29 -> 28.331889 | J51: =J$49*J29 -> 28.418866 | ... AB51: =AB$49*AB29 -> 16.348845
B52: Tm:YAG | C52: =C$49*C30 -> 142.35857 | D52: =D$49*D30 -> 19.748204 | E52: =E$49*E30 -> 16.02475 | F52: =F$49*F30 -> 30.281796 | G52: =G$49*G30 -> 13.102585 | H52: =H$49*H30 -> 15.567607 | I52: =I$49*I30 -> 10.155038 | J52: =J$49*J30 -> 10.083315 | ... AB52: =AB$49*AB30 -> 5.9523471
B53: Er:YAG | C53: =C$49*C31 -> 156.67395 | D53: =D$49*D31 -> 20.013027 | E53: =E$49*E31 -> 18.925631 | F53: =F$49*F31 -> 33.829895 | G53: =G$49*G31 -> 17.11358 | H53: =H$49*H31 -> 22.256056 | I53: =I$49*I31 -> 10.621681 | J53: =J$49*J31 -> 14.27748 | ... AB53: =AB$49*AB31 -> 7.6147142
B54: Others (Ce:YAG, Ho:YAG, etc.) | C54: =C$49*C32 -> 306.03115 | D54: =D$49*D32 -> 29.300736 | E54: =E$49*E32 -> 30.616534 | F54: =F$49*F32 -> 69.94322 | G54: =G$49*G32 -> 23.768861 | H54: =H$49*H32 -> 35.16767 | I54: =I$49*I32 -> 18.043524 | J54: =J$49*J32 -> 21.70078 | ... AB54: =AB$49*AB32 -> 10.483638
B55: Fiber Lasers | C55: =C$46*C33 -> 2143.2288 | D55: =D$46*D33 -> 307.93137 | E55: =E$46*E33 -> 306.76237 | F55: =F$46*F33 -> 526.49846 | G55: =G$46*G33 -> 174.90142 | H55: =H$46*H33 -> 254.50652 | I55: =I$46*I33 -> 141.66153 | J55: =J$46*J33 -> 167.07671 | ... AB55: =AB$46*AB33 -> 95.498328
B56: Continuous Wave Fiber Lasers | C56: =C$55*C34 -> 1022.1058 | D56: =D$55*D34 -> 144.45061 | E56: =E$55*E34 -> 150.86573 | F56: =F$55*F34 -> 248.13873 | G56: =G$55*G34 -> 81.958806 | H56: =H$55*H34 -> 121.52686 | I56: =I$55*I34 -> 68.620847 | J56: =J$55*J34 -> 77.724085 | ... AB56: =AB$55*AB34 -> 45.313957
B57: Pulsed Fiber Lasers | C57: =C$55*C35 -> 499.58663 | D57: =D$55*D35 -> 79.815811 | E57: =E$55*E35 -> 72.211862 | F57: =F$55*F35 -> 120.5155 | G57: =G$55*G35 -> 43.393042 | H57: =H$55*H35 -> 59.987186 | I57: =I$55*I35 -> 33.715445 | J57: =J$55*J35 -> 40.783425 | ... AB57: =AB$55*AB35 -> 21.592172
B58: Raman Fiber Lasers | C58: =C$55*C36 -> 141.88174 | D58: =D$55*D36 -> 23.094853 | E58: =E$55*E36 -> 19.939554 | F58: =F$55*F36 -> 36.117795 | G58: =G$55*G36 -> 12.907725 | H58: =H$55*H36 -> 21.022238 | I58: =I$55*I36 -> 9.5904858 | J58: =J$55*J36 -> 11.678662 | ... AB58: =AB$55*AB36 -> 8.0600589
B59: SBC Fiber Arrays | C59: =C$55*C37 -> 479.6546 | D59: =D$55*D37 -> 60.570101 | E59: =E$55*E37 -> 63.74522 | F59: =F$55*F37 -> 121.72644 | G59: =G$55*G37 -> 36.641848 | H59: =H$55*H37 -> 51.970231 | I59: =I$55*I37 -> 29.734756 | J59: =J$55*J37 -> 36.890537 | ... AB59: =AB$55*AB37 -> 20.532141
B60: Gas Lasers | C60: =C$46*C38 -> 474.61888 | D60: =D$46*D38 -> 76.371701 | E60: =E$46*E38 -> 73.787877 | F60: =F$46*F38 -> 136.31751 | G60: =G$46*G38 -> 35.463883 | H60: =H$46*H38 -> 53.058633 | I60: =I$46*I38 -> 37.829356 | J60: =J$46*J38 -> 33.911373 | ... AB60: =AB$46*AB38 -> 22.281158
B61: Chemical High-Energy Lasers | C61: =C$60*C39 -> 212.72418 | D61: =D$60*D39 -> 35.535752 | E61: =E$60*E39 -> 34.658166 | F61: =F$60*F39 -> 62.719688 | G61: =G$60*G39 -> 16.721221 | H61: =H$60*H39 -> 24.348607 | I61: =I$60*I39 -> 16.887025 | J61: =J$60*J39 -> 15.073605 | ... AB61: =AB$60*AB39 -> 9.8839216
B62: Excimer Lasers | C62: =C$60*C40 -> 114.28823 | D62: =D$60*D40 -> 20.345421 | E62: =E$60*E40 -> 18.292015 | F62: =F$60*F40 -> 36.778465 | G62: =G$60*G40 -> 9.3872897 | H62: =H$60*H40 -> 13.291188 | I62: =I$60*I40 -> 10.032345 | J62: =J$60*J40 -> 8.3455889 | ... AB62: =AB$60*AB40 -> 5.3831277
B63: Industrial Gas Lasers (CO₂ etc.) | C63: =C$60*C41 -> 147.60647 | D63: =D$60*D41 -> 20.490527 | E63: =E$60*E41 -> 20.837696 | F63: =F$60*F41 -> 36.81936 | G63: =G$60*G41 -> 9.3553722 | H63: =H$60*H41 -> 15.418839 | I63: =I$60*I41 -> 10.909986 | J63: =J$60*J41 -> 10.492179 | ... AB63: =AB$60*AB41 -> 7.0141085
B64: Semiconductor Lasers | C64: =C$46*C42 -> 1032.0132 | D64: =D$46*D42 -> 160.07711 | E64: =E$46*E42 -> 164.31895 | F64: =F$46*F42 -> 260.41859 | G64: =G$46*G42 -> 84.025222 | H64: =H$46*H42 -> 131.18893 | I64: =I$46*I42 -> 72.481882 | J64: =J$46*J42 -> 80.414311 | ... AB64: =AB$46*AB42 -> 46.088789
B65: Other Laser Types | C65: =C$46*C43 -> 714.60809 | D65: =D$46*D43 -> 109.41553 | E65: =E$46*E43 -> 121.74579 | F65: =F$46*F43 -> 215.27739 | G65: =G$46*G43 -> 60.802424 | H65: =H$46*H43 -> 96.205213 | I65: =I$46*I43 -> 54.925717 | J65: =J$46*J43 -> 71.829153 | ... AB65: =AB$46*AB43 -> 36.903168
B70: =SUM(C70:AB70) -> 121144 | C70: =SUM(C73,C79,C84,C88:C89) -> 26369 | D70: =SUM(D73,D79,D84,D88:D89) -> 4069 | E70: =SUM(E73,E79,E84,E88:E89) -> 3937 | F70: =SUM(F73,F79,F84,F88:F89) -> 6571 | G70: =SUM(G73,G79,G84,G88:G89) -> 2464 | H70: =SUM(H73,H79,H84,H88:H89) -> 3415 | I70: =SUM(I73,I79,I84,I88:I89) -> 2098 | J70: =SUM(J73,J79,J84,J88:J89) -> 2479 | ... AB70: =SUM(AB73,AB79,AB84,AB88:AB89) -> 1518
C71: U.S. | D71: Canada | E71: U.K. | F71: Germany | G71: Italy | H71: France | I71: Spain | J71: Russia | K71: Rest of Europe | L71: China | M71: India | N71: Japan | O71: South Korea | P71: ASEAN | Q71: Australia | R71: Rest of Asia Pacific | S71: Brazil | T71: Argentina | U71: Mexico | V71: Rest of Latin America | W71: GCC | X71: Israel | Y71: Rest of Middle East | Z71: South Africa | AA71: North Africa | AB71: Central Africa
B72: By Laser Type
B73: Solid-State Lasers | C73: =SUM(C74:C78) -> 5438 | D73: =SUM(D74:D78) -> 703 | E73: =SUM(E74:E78) -> 626 | F73: =SUM(F74:F78) -> 1219 | G73: =SUM(G74:G78) -> 577 | H73: =SUM(H74:H78) -> 706 | I73: =SUM(I74:I78) -> 442 | J73: =SUM(J74:J78) -> 510 | ... AB73: =SUM(AB74:AB78) -> 304
B74: Nd:YAG | C74: =ROUND(C50/C6*10^6,0) -> 2415 | D74: =ROUND(D50/D6*10^6,0) -> 313 | E74: =ROUND(E50/E6*10^6,0) -> 279 | F74: =ROUND(F50/F6*10^6,0) -> 554 | G74: =ROUND(G50/G6*10^6,0) -> 269 | H74: =ROUND(H50/H6*10^6,0) -> 322 | I74: =ROUND(I50/I6*10^6,0) -> 202 | J74: =ROUND(J50/J6*10^6,0) -> 234 | ... AB74: =ROUND(AB50/AB6*10^6,0) -> 139
B75: Yb:YAG | C75: =ROUND(C51/C7*10^6,0) -> 1195 | D75: =ROUND(D51/D7*10^6,0) -> 158 | E75: =ROUND(E51/E7*10^6,0) -> 136 | F75: =ROUND(F51/F7*10^6,0) -> 256 | G75: =ROUND(G51/G7*10^6,0) -> 119 | H75: =ROUND(H51/H7*10^6,0) -> 146 | I75: =ROUND(I51/I7*10^6,0) -> 102 | J75: =ROUND(J51/J7*10^6,0) -> 106 | ... AB75: =ROUND(AB51/AB7*10^6,0) -> 67
B76: Tm:YAG | C76: =ROUND(C52/C8*10^6,0) -> 498 | D76: =ROUND(D52/D8*10^6,0) -> 74 | E76: =ROUND(E52/E8*10^6,0) -> 59 | F76: =ROUND(F52/F8*10^6,0) -> 108 | G76: =ROUND(G52/G8*10^6,0) -> 51 | H76: =ROUND(H52/H8*10^6,0) -> 58 | I76: =ROUND(I52/I8*10^6,0) -> 41 | J76: =ROUND(J52/J8*10^6,0) -> 42 | ... AB76: =ROUND(AB52/AB8*10^6,0) -> 27
B77: Er:YAG | C77: =ROUND(C53/C9*10^6,0) -> 653 | D77: =ROUND(D53/D9*10^6,0) -> 89 | E77: =ROUND(E53/E9*10^6,0) -> 82 | F77: =ROUND(F53/F9*10^6,0) -> 144 | G77: =ROUND(G53/G9*10^6,0) -> 80 | H77: =ROUND(H53/H9*10^6,0) -> 98 | I77: =ROUND(I53/I9*10^6,0) -> 51 | J77: =ROUND(J53/J9*10^6,0) -> 71 | ... AB77: =ROUND(AB53/AB9*10^6,0) -> 41
B78: Others (Ce:YAG, Ho:YAG, etc.) | C78: =ROUND(C54/C10*10^6,0) -> 677 | D78: =ROUND(D54/D10*10^6,0) -> 69 | E78: =ROUND(E54/E10*10^6,0) -> 70 | F78: =ROUND(F54/F10*10^6,0) -> 157 | G78: =ROUND(G54/G10*10^6,0) -> 58 | H78: =ROUND(H54/H10*10^6,0) -> 82 | I78: =ROUND(I54/I10*10^6,0) -> 46 | J78: =ROUND(J54/J10*10^6,0) -> 57 | ... AB78: =ROUND(AB54/AB10*10^6,0) -> 30
B79: Fiber Lasers | C79: =SUM(C80:C83) -> 9290 | D79: =SUM(D80:D83) -> 1435 | E79: =SUM(E80:E83) -> 1388 | F79: =SUM(F80:F83) -> 2303 | G79: =SUM(G80:G83) -> 843 | H79: =SUM(H80:H83) -> 1160 | I79: =SUM(I80:I83) -> 708 | J79: =SUM(J80:J83) -> 864 | ... AB79: =SUM(AB80:AB83) -> 539
B80: Continuous Wave Fiber Lasers | C80: =ROUND(C56/C12*10^6,0) -> 5496 | D80: =ROUND(D56/D12*10^6,0) -> 837 | E80: =ROUND(E56/E12*10^6,0) -> 839 | F80: =ROUND(F56/F12*10^6,0) -> 1351 | G80: =ROUND(G56/G12*10^6,0) -> 493 | H80: =ROUND(H56/H12*10^6,0) -> 688 | I80: =ROUND(I56/I12*10^6,0) -> 424 | J80: =ROUND(J56/J12*10^6,0) -> 501 | ... AB80: =ROUND(AB56/AB12*10^6,0) -> 323
B81: Pulsed Fiber Lasers | C81: =ROUND(C57/C13*10^6,0) -> 2004 | D81: =ROUND(D57/D13*10^6,0) -> 345 | E81: =ROUND(E57/E13*10^6,0) -> 301 | F81: =ROUND(F57/F13*10^6,0) -> 491 | G81: =ROUND(G57/G13*10^6,0) -> 194 | H81: =ROUND(H57/H13*10^6,0) -> 255 | I81: =ROUND(I57/I13*10^6,0) -> 155 | J81: =ROUND(J57/J13*10^6,0) -> 197 | ... AB81: =ROUND(AB57/AB13*10^6,0) -> 112
B82: Raman Fiber Lasers | C82: =ROUND(C58/C14*10^6,0) -> 278 | D82: =ROUND(D58/D14*10^6,0) -> 48 | E82: =ROUND(E58/E14*10^6,0) -> 40 | F82: =ROUND(F58/F14*10^6,0) -> 72 | G82: =ROUND(G58/G14*10^6,0) -> 28 | H82: =ROUND(H58/H14*10^6,0) -> 44 | I82: =ROUND(I58/I14*10^6,0) -> 22 | J82: =ROUND(J58/J14*10^6,0) -> 27 | ... AB82: =ROUND(AB58/AB14*10^6,0) -> 20
B83: SBC Fiber Arrays | C83: =ROUND(C59/C15*10^6,0) -> 1512 | D83: =ROUND(D59/D15*10^6,0) -> 205 | E83: =ROUND(E59/E15*10^6,0) -> 208 | F83: =ROUND(F59/F15*10^6,0) -> 389 | G83: =ROUND(G59/G15*10^6,0) -> 128 | H83: =ROUND(H59/H15*10^6,0) -> 173 | I83: =ROUND(I59/I15*10^6,0) -> 107 | J83: =ROUND(J59/J15*10^6,0) -> 139 | ... AB83: =ROUND(AB59/AB15*10^6,0) -> 84
B84: Gas Lasers | C84: =SUM(C85:C87) -> 757 | D84: =SUM(D85:D87) -> 123 | E84: =SUM(E85:E87) -> 119 | F84: =SUM(F85:F87) -> 218 | G84: =SUM(G85:G87) -> 59 | H84: =SUM(H85:H87) -> 89 | I84: =SUM(I85:I87) -> 68 | J84: =SUM(J85:J87) -> 69 | ... AB84: =SUM(AB85:AB87) -> 58
B85: Chemical High-Energy Lasers | C85: =ROUND(C61/C17*10^6,0) -> 16 | D85: =ROUND(D61/D17*10^6,0) -> 3 | E85: =ROUND(E61/E17*10^6,0) -> 3 | F85: =ROUND(F61/F17*10^6,0) -> 5 | G85: =ROUND(G61/G17*10^6,0) -> 1 | H85: =ROUND(H61/H17*10^6,0) -> 2 | I85: =ROUND(I61/I17*10^6,0) -> 1 | J85: =ROUND(J61/J17*10^6,0) -> 1 | ... AB85: =ROUND(AB61/AB17*10^6,0) -> 1
B86: Excimer Lasers | C86: =ROUND(C62/C18*10^6,0) -> 247 | D86: =ROUND(D62/D18*10^6,0) -> 47 | E86: =ROUND(E62/E18*10^6,0) -> 42 | F86: =ROUND(F62/F18*10^6,0) -> 84 | G86: =ROUND(G62/G18*10^6,0) -> 23 | H86: =ROUND(H62/H18*10^6,0) -> 31 | I86: =ROUND(I62/I18*10^6,0) -> 25 | J86: =ROUND(J62/J18*10^6,0) -> 23 | ... AB86: =ROUND(AB62/AB18*10^6,0) -> 19
B87: Industrial Gas Lasers (CO₂ etc.) | C87: =ROUND(C63/C19*10^6,0) -> 494 | D87: =ROUND(D63/D19*10^6,0) -> 73 | E87: =ROUND(E63/E19*10^6,0) -> 74 | F87: =ROUND(F63/F19*10^6,0) -> 129 | G87: =ROUND(G63/G19*10^6,0) -> 35 | H87: =ROUND(H63/H19*10^6,0) -> 56 | I87: =ROUND(I63/I19*10^6,0) -> 42 | J87: =ROUND(J63/J19*10^6,0) -> 45 | ... AB87: =ROUND(AB63/AB19*10^6,0) -> 38
B88: Semiconductor Lasers | C88: =ROUND(C64/C20*10^6,0) -> 9821 | D88: =ROUND(D64/D20*10^6,0) -> 1635 | E88: =ROUND(E64/E20*10^6,0) -> 1617 | F88: =ROUND(F64/F20*10^6,0) -> 2506 | G88: =ROUND(G64/G20*10^6,0) -> 885 | H88: =ROUND(H64/H20*10^6,0) -> 1311 | I88: =ROUND(I64/I20*10^6,0) -> 787 | J88: =ROUND(J64/J20*10^6,0) -> 910 | ... AB88: =ROUND(AB64/AB20*10^6,0) -> 550
B89: Other Laser Types | C89: =ROUND(C65/C21*10^6,0) -> 1063 | D89: =ROUND(D65/D21*10^6,0) -> 173 | E89: =ROUND(E65/E21*10^6,0) -> 187 | F89: =ROUND(F65/F21*10^6,0) -> 325 | G89: =ROUND(G65/G21*10^6,0) -> 100 | H89: =ROUND(H65/H21*10^6,0) -> 149 | I89: =ROUND(I65/I21*10^6,0) -> 93 | J89: =ROUND(J65/J21*10^6,0) -> 126 | ... AB89: =ROUND(AB65/AB21*10^6,0) -> 67

Sheet Market Value
C2: Value | E2: Volume
B3: Regions | C3: USD Mn | D3: Share | E3: Th Unit | F3: Share | G3: CAGR
B4: Asia Pacific | C4: =C$10*D4 -> 8361.0711 | D4: 0.337 | G4: 0.139
B5: North America | C5: =C$10*D5 -> 6798.0222 | D5: 0.274 | G5: 0.119
B6: Europe | C6: =C$10*D6 -> 5359.0248 | D6: 0.216 | G6: 0.106
B7: Latin America | C7: =C$10*D7 -> 1761.5313 | D7: 0.071 | G7: 0.098
B8: Middle East | C8: =C$10*D8 -> 1488.618 | D8: 0.06 | G8: 0.125
B9: Africa | C9: =C$10*D9 -> 1042.0326 | D9: =1-SUM(D4:D8) -> 0.042 | G9: 0.095
B10: Global | C10: 24810.3 | D10: =SUM(G4:G8) -> 0.587 | G10: 0.121
