Workbook

Sheet Sheet1
E1: 0.5
B2: Population | C2: Per Capita Consumption | D2: Total Consumption (Units) | E2: Pricing (US$) | F2: Pizza Market Size | G2: Pricing Share (Pizza Base) | H2: Total Size (USD Million)
B3: 349035000 | C3: 48 | D3: 16753680000 | E3: 6.75 | F3: =D3*E3/10^6 -> 113087.34 | G3: =E3*8% -> 0.54 | H3: =D3*G3/10^6 -> 9046.9872
B4: 40467700 | C4: 44.5 | D4: 1800812650 | E4: 6.25 | F4: =D4*E4/10^6 -> 11255.079 | G4: =E4*8% -> 0.5 | H4: =D4*G4/10^6 -> 900.40633
C5: 0 | D5: 0 | E5: 0 | F5: =D5*E5/10^6 -> 0 | G5: =E5*8% -> 0 | H5: =D5*G5/10^6 -> 0
B6: 5652990 | C6: 57 | D6: 322220430 | E6: 9 | F6: =D6*E6/10^6 -> 2899.9839 | G6: =E6*8% -> 0.72 | H6: =D6*G6/10^6 -> 231.99871
B7: 58926200 | C7: 38 | D7: 2239195600 | E7: 5 | F7: =D7*E7/10^6 -> 11195.978 | G7: =E7*8% -> 0.4 | H7: =D7*G7/10^6 -> 895.67824
B8: 9007800 | C8: 37.5 | D8: 337792500 | E8: 10.5 | F8: =D8*E8/10^6 -> 3546.8212 | G8: =E8*8% -> 0.84 | H8: =D8*G8/10^6 -> 283.7457
B9: 10701000 | C9: 36 | D9: 385236000 | E9: 5.75 | F9: =D9*E9/10^6 -> 2215.107 | G9: =E9*8% -> 0.46 | H9: =D9*G9/10^6 -> 177.20856
B10: 66746400 | C10: 34 | D10: 2269377600 | E10: 6.25 | F10: =D10*E10/10^6 -> 14183.61 | G10: =E10*8% -> 0.5 | H10: =D10*G10/10^6 -> 1134.6888
B11: 5621740 | C11: 33.5 | D11: 188328290 | E11: 6.75 | F11: =D11*E11/10^6 -> 1271.216 | G11: =E11*8% -> 0.54 | H11: =D11*G11/10^6 -> 101.69728
B12: 69931500 | C12: 31.5 | D12: 2202842250 | E12: 7.5 | F12: =D12*E12/10^6 -> 16521.317 | G12: =E12*8% -> 0.6 | H12: =D12*G12/10^6 -> 1321.7053
B13: 83644300 | C13: 31 | D13: 2592973300 | E13: 6.25 | F13: =D13*E13/10^6 -> 16206.083 | G13: =E13*8% -> 0.5 | H13: =D13*G13/10^6 -> 1296.4867
B14: 47850800 | C14: 29.5 | D14: 1411598600 | E14: 5.5 | F14: =D14*E14/10^6 -> 7763.7923 | G14: =E14*8% -> 0.44 | H14: =D14*G14/10^6 -> 621.10338
B15: 143394000 | C15: 27 | D15: 3871638000 | E15: 3.75 | F15: =D15*E15/10^6 -> 14518.642 | G15: =E15*8% -> 0.3 | H15: =D15*G15/10^6 -> 1161.4914
B16: 11774600 | C16: 26.5 | D16: 312026900 | E16: 6.75 | F16: =D16*E16/10^6 -> 2106.1816 | G16: =E16*8% -> 0.54 | H16: =D16*G16/10^6 -> 168.49453
B17: 6023520 | C17: 25.5 | D17: 153599760 | E17: 7.5 | F17: =D17*E17/10^6 -> 1151.9982 | G17: =E17*8% -> 0.6 | H17: =D17*G17/10^6 -> 92.159856
... B34: 1331060 | C34: 12.5 | D34: 16638250 | E34: 5 | F34: =D34*E34/10^6 -> 83.19125 | G34: =E34*8% -> 0.4 | H34: =D34*G34/10^6 -> 6.6553
C35: 0 | D35: 0 | E35: 0 | F35: =D35*E35/10^6 -> 0 | G35: =E35*8% -> 0 | H35: =D35*G35/10^6 -> 0
B36: 132998000 | C36: 21.5 | D36: 2859457000 | E36: 4.5 | F36: =D36*E36/10^6 -> 12867.557 | G36: =E36*8% -> 0.36 | H36: =D36*G36/10^6 -> 1029.4045
B37: 46003700 | C37: 21 | D37: 966077700 | E37: 4.25 | F37: =D37*E37/10^6 -> 4105.8302 | G37: =E37*8% -> 0.34 | H37: =D37*G37/10^6 -> 328.46642
B38: 213563000 | C38: 29 | D38: 6193327000 | E38: 3.75 | F38: =D38*E38/10^6 -> 23224.976 | G38: =E38*8% -> 0.3 | H38: =D38*G38/10^6 -> 1857.9981
B39: 122428000 | C39: 28 | D39: 3427984000 | E39: 5.5 | F39: =D39*E39/10^6 -> 18853.912 | G39: =E39*8% -> 0.44 | H39: =D39*G39/10^6 -> 1508.313
C40: 0 | D40: 0 | E40: 0 | F40: =D40*E40/10^6 -> 0 | G40: =E40*8% -> 0 | H40: =D40*G40/10^6 -> 0 | L40: 50
B41: 27227100 | C41: 43 | D41: 1170765300 | E41: 6.5 | F41: =D41*E41/10^6 -> 7609.9744 | G41: =E41*8% -> 0.52 | H41: =D41*G41/10^6 -> 608.79796 | L41: =L40/5% -> 1000
B42: 5287480 | C42: 19.5 | D42: 103105860 | E42: 6.25 | F42: =D42*E42/10^6 -> 644.41162 | G42: =E42*8% -> 0.5 | H42: =D42*G42/10^6 -> 51.55293
B43: 51600400 | C43: 19 | D43: 980407600 | E43: 5.25 | F43: =D43*E43/10^6 -> 5147.1399 | G43: =E43*8% -> 0.42 | H43: =D43*G43/10^6 -> 411.77119
B44: 1476630000 | C44: 6.5 | D44: 9598095000 | E44: 2.5 | F44: =D44*E44/10^6 -> 23995.237 | G44: =E44*8% -> 0.2 | H44: =D44*G44/10^6 -> 1919.619
F45: =SUM(F3:F44) -> 398290.3 | G45: Global Pizza Base Market Size (USD Million) | H45: =SUM(H3:H44) -> 31863.224
F46: =F45*40% -> 159316.12 | H46: =H45/F46 -> 0.2

Sheet Input Sheet
A1: Segment | B1: Market Share | C1: CAGR
A2: By Pizza Base Type | B2: 1 | C2: =C3*B3+B34*C34 -> 0.09142706 | D2: 0.0942 | F2: North America | G2: =SUM(G3:G4) -> 9947.3935 | H2: =SUM(H3:H4) -> 1 | I2: =SUMPRODUCT(I3:I4,H3:H4) -> 0.085387898 | J2: =I2-M3 -> 0 | K2: Region | L2: Adjusted Market Share | M2: =SUMPRODUCT(M3:M8,L3:L8) -> 0.09142706 | N2: =M2-C2 -> 0
A3: Ready to Eat Bases | B3: 0.55 | C3: =C4*B4+C9*B9+C14*B14+B19*C19+B24*C24+C29*B29 -> 0.095736771 | F3: U.S. | G3: 9046.9872 | H3: =G3/G2 -> 0.90948319 | I3: 0.086347376 | K3: North America | L3: =G2/L10 -> 0.28443905 | M3: 0.085387898
A4: Quick Service Restaurants (QSR) | B4: 0.12 | C4: =SUMPRODUCT(C5:C8,B5:B8) -> 0.10539979 | D4: 0.10539979 | E4: 3 | F4: Canada | G4: 900.40633 | H4: =G4/G2 -> 0.09051681 | I4: 0.075747376 | K4: Europe | L4: =G5/L10 -> 0.26506825 | M4: 0.089887898
A5: Traditional Round Pizza | B5: 0.58 | C5: 0.097794792 | D5: =C4-D4 -> 0 | F5: Europe | G5: =SUM(G6:G17) -> 9269.9584 | H5: =SUM(H6:H17) -> 1 | I5: =SUMPRODUCT(I6:I17,H6:H17) -> 0.089887898 | J5: =I5-M4 -> 0 | K5: Asia Pacific | L5: =G18/L10 -> 0.28153455 | M5: 0.1017879
A6: Pizza Romana | B6: 0.15 | C6: 0.11869479 | D6: 2 | F6: Norway | G6: 180.44344 | H6: =G6/$G$5 -> 0.019465399 | I6: 0.077834416 | K6: LATAM | L6: =G27/L10 -> 0.10499092 | M6: 0.094287898
A7: Pinsa | B7: 0.12 | C7: 0.13779479 | D7: 1 | F7: UK | G7: 1321.7053 | H7: =G7/$G$5 -> 0.14257943 | I7: 0.091134416 | K7: Middle East | L7: =G32/L10 -> 0.035643404 | M7: 0.079587898
A8: Other Regional / Specialty Pizza Styles | B8: =1-SUM(B5:B7) -> 0.15 | C8: 0.095594792 | D8: 4 | F8: Germany | G8: 1296.4867 | H8: =G8/$G$5 -> 0.13985895 | I8: 0.085434416 | K8: Africa | L8: =1-SUM(L3:L7) -> 0.028323828 | M8: 0.067787898
A9: Full-Service Restaurants (FSR) | B9: 0.08 | C9: =SUMPRODUCT(C10:C13,B10:B13) -> 0.097673675 | D9: 0.097673675 | E9: 4 | F9: Romania | G9: 108.29146 | H9: =G9/$G$5 -> 0.011681979 | I9: 0.096834416
A10: Traditional Round Pizza | B10: 0.5 | C10: 0.089433675 | D10: =C9-D9 -> 0 | F10: Italy | G10: 895.67824 | H10: =G10/$G$5 -> 0.096621603 | I10: 0.086834416 | K10: Global Size (USD Million) | L10: =SUM(G2,G5,G18,G27,G32,G35) -> 34971.968
A11: Pizza Romana | B11: 0.18 | C11: 0.11543367 | D11: 2 | F11: France | G11: 1134.6888 | H11: =G11/$G$5 -> 0.12240495 | I11: 0.081134416
A12: Pinsa | B12: 0.12 | C12: 0.13593367 | D12: 1 | F12: Spain | G12: 621.10338 | H12: =G12/$G$5 -> 0.067001745 | I12: 0.10113442
A13: Other Regional / Specialty Pizza Styles | B13: =1-SUM(B10:B12) -> 0.2 | C13: 0.079333675 | D13: 4 | F13: Russia | G13: 1161.4914 | H13: =G13/$G$5 -> 0.12529629 | I13: 0.10683442
A14: Bars/Hotels | B14: 0.07 | C14: =SUMPRODUCT(C15:C18,B15:B18) -> 0.11207305 | D14: 0.11207305 | E14: 2 | F14: Switzerland | G14: 189.1638 | H14: =G14/$G$5 -> 0.020406111 | I14: 0.080034416
A15: Traditional Round Pizza | B15: 0.46 | C15: 0.10363805 | D15: =C14-D14 -> 0 | F15: Sweden | G15: 177.20856 | H15: =G15/$G$5 -> 0.019116435 | I15: 0.074334416
A16: Pizza Romana | B16: 0.17 | C16: 0.13093805 | D16: 2 | F16: Finland | G16: 101.69728 | H16: =G16/$G$5 -> 0.010970629 | I16: 0.067634416
A17: Pinsa | B17: 0.13 | C17: 0.14943805 | D17: 1 | F17: Rest of Europe | G17: 2082 | H17: =G17/$G$5 -> 0.22459648 | I17: 0.089134416
A18: Other Regional / Specialty Pizza Styles | B18: =1-SUM(B15:B17) -> 0.24 | C18: 0.094638052 | D18: 4 | F18: Asia Pacific | G18: =SUM(G19:G26) -> 9845.8172 | H18: =SUM(H19:H26) -> 1 | I18: =SUMPRODUCT(I19:I26,H19:H26) -> 0.1017879 | J18: =I18-M5 -> 0
A19: Pizzeria | B19: 0.08 | C19: =SUMPRODUCT(C20:C23,B20:B23) -> 0.12029382 | D19: 0.12029382 | E19: 1 | F19: China | G19: 4973.4432 | H19: =G19/$G$18 -> 0.50513259 | I19: 0.10224588
A20: Traditional Round Pizza | B20: 0.45 | C20: 0.11298682 | D20: =C19-D19 -> 0 | F20: India | G20: 1919.619 | H20: =G20/$G$18 -> 0.19496797 | I20: 0.11664588
A21: Pizza Romana | B21: 0.19 | C21: 0.13628682 | D21: 2 | F21: Japan | G21: 1508.313 | H21: =G21/$G$18 -> 0.15319327 | I21: 0.094545883
A22: Pinsa | B22: 0.18 | C22: 0.14208682 | D22: 1 | F22: South Korea | G22: 411.77119 | H22: =G22/$G$18 -> 0.041821941 | I22: 0.085645883
A23: Other Regional / Specialty Pizza Styles | B23: =1-SUM(B20:B22) -> 0.18 | C23: 0.099886824 | D23: 4 | F23: ASEAN | G23: 342.1 | H23: =G23/$G$18 -> 0.034745719 | I23: 0.080145883
A24: Retail | B24: 0.6 | C24: =SUMPRODUCT(C25:C28,B25:B28) -> 0.089585471 | D24: 0.089585471 | E24: 5 | F24: Australia | G24: 608.79796 | H24: =G24/$G$18 -> 0.061833156 | I24: 0.092345883
A25: Traditional Round Pizza | B25: 0.53 | C25: 0.089701471 | D25: =C24-D24 -> 0 | F25: New Zealand | G25: 51.55293 | H25: =G25/$G$18 -> 0.0052360235 | I25: 0.10564588
A26: Pizza Romana | B26: 0.16 | C26: 0.098701471 | D26: 2 | F26: Rest of Asia Pacific | G26: 30.22 | H26: =G26/$G$18 -> 0.0030693237 | I26: 0.092645883
A27: Pinsa | B27: 0.12 | C27: 0.10840147 | D27: 1 | F27: Latin America | G27: =SUM(G28:G31) -> 3671.739 | H27: =SUM(H28:H31) -> 1 | I27: =SUMPRODUCT(I28:I31,H28:H31) -> 0.094287898 | J27: =I27-M6 -> 0
A28: Other Regional / Specialty Pizza Styles | B28: =1-SUM(B25:B27) -> 0.19 | C28: 0.069701471 | D28: 4 | F28: Brazil | G28: 1857.9981 | H28: =G28/$G$27 -> 0.50602673 | I28: 0.10726119
A29: Others ( (Institutional Food Service, etc.) | B29: =1-SUM(B4,B9,B14,B19,B24) -> 0.05 | C29: =SUMPRODUCT(C30:C33,B30:B33) -> 0.0811 | D29: 0.0811 | E29: 6 | F29: Argentina | G29: 328.46642 | H29: =G29/$G$27 -> 0.089457996 | I29: 0.096261191
A30: Traditional Round Pizza | B30: 0.67 | C30: 0.084604 | D30: =C29-D29 -> 0 | F30: Mexico | G30: 1029.4045 | H30: =G30/$G$27 -> 0.28035885 | I30: 0.080661191
A31: Pizza Romana | B31: 0.1 | C31: 0.092504 | D31: 2 | F31: Rest of Latin America | G31: 455.87 | H31: =G31/$G$27 -> 0.12415643 | I31: 0.070761191
A32: Pinsa | B32: 0.06 | C32: 0.100304 | D32: 1 | F32: Middle East | G32: =SUM(G33:G34) -> 1246.52 | H32: =SUM(H33:H34) -> 1 | I32: =SUMPRODUCT(I33:I34,H33:H34) -> 0.079587898 | J32: =I32-M7 -> 0
A33: Other Regional / Specialty Pizza Styles | B33: =1-SUM(B30:B32) -> 0.17 | C33: 0.053804 | D33: 4 | F33: GCC Countries | G33: 790.87 | H33: =G33/$G$32 -> 0.63446234 | I33: 0.084047457
A34: Made From Scratch | B34: =1-SUM(B3) -> 0.45 | C34: =C35*B35+C40*B40+C45*B45+B50*C50+B55*C55+C60*B60 -> 0.086159634 | F34: Rest of Middle East | G34: 455.65 | H34: =G34/$G$32 -> 0.36553766 | I34: 0.071847457
A35: Quick Service Restaurants (QSR) | B35: 0.14 | C35: =SUMPRODUCT(C36:C39,B36:B39) -> 0.088422704 | D35: 0.088422704 | E35: 3 | F35: Africa | G35: =SUM(G36:G38) -> 990.54 | H35: =SUM(H36:H38) -> 1 | I35: =SUMPRODUCT(I36:I38,H36:H38) -> 0.067787898 | J35: =I35-M8 -> 0
A36: Traditional Round Pizza | B36: 0.58 | C36: 0.086926704 | D36: =C35-D35 -> 0 | F36: North Africa | G36: 566.77 | H36: =G36/$G$35 -> 0.57218285 | I36: 0.072640886
A37: Pizza Romana | B37: 0.16 | C37: 0.099226704 | D37: 2 | F37: South Africa | G37: 312.9 | H37: =G37/$G$35 -> 0.3158883 | I37: 0.062840886
A38: Pinsa | B38: 0.07 | C38: 0.1130267 | D38: 1 | F38: Central Africa | G38: 110.87 | H38: =G38/$G$35 -> 0.11192885 | I38: 0.056940886
A39: Other Regional / Specialty Pizza Styles | B39: =1-SUM(B36:B38) -> 0.19 | C39: 0.074826704 | D39: 4
A40: Full-Service Restaurants (FSR) | B40: 0.12 | C40: =SUMPRODUCT(C41:C44,B41:B44) -> 0.084131169 | D40: 0.084131169 | E40: 4
A41: Traditional Round Pizza | B41: 0.45 | C41: 0.084474169 | D41: =C40-D40 -> 0
A42: Pizza Romana | B42: 0.18 | C42: 0.089574169 | D42: 2
A43: Pinsa | B43: 0.13 | C43: 0.10837417 | D43: 1
A44: Other Regional / Specialty Pizza Styles | B44: =1-SUM(B41:B43) -> 0.24 | C44: 0.066274169 | D44: 4
A45: Bars/Hotels | B45: 0.08 | C45: =SUMPRODUCT(C46:C49,B46:B49) -> 0.094801107 | D45: 0.094801107 | E45: 2
A46: Traditional Round Pizza | B46: 0.47 | C46: 0.090291107 | D46: =C45-D45 -> 0
A47: Pizza Romana | B47: 0.17 | C47: 0.10829111 | D47: 2
A48: Pinsa | B48: 0.14 | C48: 0.12029111 | D48: 1
A49: Other Regional / Specialty Pizza Styles | B49: =1-SUM(B46:B48) -> 0.22 | C49: 0.077791107 | D49: 4
A50: Pizzeria | B50: 0.17 | C50: =SUMPRODUCT(C51:C54,B51:B54) -> 0.10252005 | D50: 0.10252005 | E50: 1
A51: Traditional Round Pizza | B51: 0.45 | C51: 0.09448305 | D51: =C50-D50 -> 0
A52: Pizza Romana | B52: 0.18 | C52: 0.11238305 | D52: 2
A53: Pinsa | B53: 0.17 | C53: 0.12998305 | D53: 1
A54: Other Regional / Specialty Pizza Styles | B54: =1-SUM(B51:B53) -> 0.2 | C54: 0.08838305 | D54: 4
A55: Retail | B55: 0.46 | C55: =SUMPRODUCT(C56:C59,B56:B59) -> 0.079255366 | D55: 0.079255366 | E55: 5
A56: Traditional Round Pizza | B56: 0.5 | C56: 0.072105366 | D56: =C55-D55 -> 0
A57: Pizza Romana | B57: 0.19 | C57: 0.087805366 | D57: 2
A58: Pinsa | B58: 0.14 | C58: 0.10320537 | D58: 1
A59: Other Regional / Specialty Pizza Styles | B59: =1-SUM(B56:B58) -> 0.17 | C59: 0.071005366 | D59: 4
A60: Others ( (Institutional Food Service, etc.) | B60: =1-SUM(B35,B40,B45,B50,B55) -> 0.03 | C60: =SUMPRODUCT(C61:C64,B61:B64) -> 0.073825003 | D60: 0.073825003 | E60: 6
A61: Traditional Round Pizza | B61: 0.64 | C61: 0.075104003 | D61: =C60-D60 -> 0
A62: Pizza Romana | B62: 0.11 | C62: 0.077204003 | D62: 2
A63: Pinsa | B63: 0.06 | C63: 0.096804003 | D63: 1
A64: Other Regional / Specialty Pizza Styles | B64: =1-SUM(B61:B63) -> 0.19 | C64: 0.060304003 | D64: 4
A66: Pizza Type
A67: Traditional Round Pizza | B67: 0.52
A68: Pizza Romana | B68: 0.16
A69: Pinsa | B69: 0.12
A70: Other Regional / Specialty Pizza Styles | B70: =1-SUM(B67:B69) -> 0.2
A72: By End-Use Channel
A73: Quick Service Restaurants (QSR)
A74: Full-Service Restaurants (FSR)
A75: Bars/Hotels
A76: Pizzeria
A77: Retail
A78: Others ( (Institutional Food Service, etc.)
A80: By Temperature / Preservation Technology
A81: Ambient Pizza | B81: =1-SUM(B82:B83) -> 0.1798 | C81: 0.08084186
A82: Chilled / Refrigerated Pizza | B82: 0.479 | C82: 0.09724186
A83: Frozen Pizza | B83: 0.3412 | C83: 0.08884186

Sheet ASP
C1: U.S. | D1: Canada | E1: Norway | F1: UK | G1: Germany | H1: Romania | I1: Italy | J1: France | K1: Spain | L1: Russia | M1: Switzerland | N1: Sweden | O1: Finland | P1: Rest of Europe | Q1: China | R1: India | S1: Japan | T1: South Korea | U1: ASEAN | V1: Australia | W1: New Zealand | X1: Rest of Asia Pacific | Y1: Brazil | Z1: Argentina | AA1: Mexico | AB1: Rest of Latin America | AC1: GCC Countries | AD1: Rest of Middle East | AE1: North Africa | AF1: South Africa | AG1: Central Africa
B2: Pizza Type
A3: 1.11 | B3: Traditional Round Pizza | C3: =$A3*C8 -> 1.11 | D3: =$A3*D8 -> 1.33977 | E3: =$A3*E8 -> 1.31091 | F3: =$A3*F8 -> 1.49628 | G3: =$A3*G8 -> 1.47186 | H3: =$A3*H8 -> 1.50294 | I3: =$A3*I8 -> 1.45632 | J3: =$A3*J8 -> 1.50516 | ... AG3: =$A3*AG8 -> 1.0878
A4: 1.2 | B4: Pizza Romana | C4: =$A4*C9 -> 1.2 | D4: =$A4*D9 -> 1.476 | E4: =$A4*E9 -> 1.4028 | F4: =$A4*F9 -> 1.6356 | G4: =$A4*G9 -> 1.5972 | H4: =$A4*H9 -> 1.5948 | I4: =$A4*I9 -> 1.62 | J4: =$A4*J9 -> 1.5696 | ... AG4: =$A4*AG9 -> 1.1724
A5: 1.3 | B5: Pinsa | C5: =$A5*C10 -> 1.3 | D5: =$A5*D10 -> 1.5275 | E5: =$A5*E10 -> 1.5808 | F5: =$A5*F10 -> 1.7056 | G5: =$A5*G10 -> 1.7641 | H5: =$A5*H10 -> 1.7498 | I5: =$A5*I10 -> 1.7485 | J5: =$A5*J10 -> 1.7667 | ... AG5: =$A5*AG10 -> 1.1843
A6: 1.15 | B6: Other Regional / Specialty Pizza Styles | C6: =$A6*C11 -> 1.15 | D6: =$A6*D11 -> 1.3455 | E6: =$A6*E11 -> 1.34435 | F6: =$A6*F11 -> 1.56515 | G6: =$A6*G11 -> 1.5525 | H6: =$A6*H11 -> 1.55135 | I6: =$A6*I11 -> 1.5226 | J6: =$A6*J11 -> 1.50995 | ... AG6: =$A6*AG11 -> 1.13275
B8: Traditional Round Pizza | C8: 1 | D8: 1.207 | E8: 1.181 | F8: 1.348 | G8: 1.326 | H8: 1.354 | I8: 1.312 | J8: 1.356 | K8: 1.35 | L8: 1.323 | M8: 1.346 | N8: 1.305 | O8: 1.328 | P8: 1.322 | Q8: 0.887 | R8: 0.886 | S8: 0.886 | T8: 0.882 | U8: 0.885 | V8: 0.883 | W8: 0.884 | X8: 0.877 | Y8: 1.06 | Z8: 1.098 | AA8: 1.089 | AB8: 1.067 | AC8: =RANDBETWEEN(910,990)/1000 -> 0.912 | AD8: =RANDBETWEEN(910,990)/1000 -> 0.951 | AE8: =RANDBETWEEN(910,990)/1000 -> 0.928 | AF8: =RANDBETWEEN(910,990)/1000 -> 0.954 | AG8: =RANDBETWEEN(910,990)/1000 -> 0.98
B9: Pizza Romana | C9: 1 | D9: 1.23 | E9: 1.169 | F9: 1.363 | G9: 1.331 | H9: 1.329 | I9: 1.35 | J9: 1.308 | K9: 1.327 | L9: 1.348 | M9: 1.327 | N9: 1.327 | O9: 1.345 | P9: 1.356 | Q9: 0.88 | R9: 0.882 | S9: 0.887 | T9: 0.886 | U9: 0.883 | V9: 0.881 | W9: 0.878 | X9: 0.885 | Y9: 1.044 | Z9: 1.096 | AA9: 1.07 | AB9: 1.057 | AC9: =RANDBETWEEN(910,990)/1000 -> 0.97 | AD9: =RANDBETWEEN(910,990)/1000 -> 0.942 | AE9: =RANDBETWEEN(910,990)/1000 -> 0.949 | AF9: =RANDBETWEEN(910,990)/1000 -> 0.914 | AG9: =RANDBETWEEN(910,990)/1000 -> 0.977
B10: Pinsa | C10: 1 | D10: 1.175 | E10: 1.216 | F10: 1.312 | G10: 1.357 | H10: 1.346 | I10: 1.345 | J10: 1.359 | K10: 1.306 | L10: 1.353 | M10: 1.348 | N10: 1.346 | O10: 1.348 | P10: 1.343 | Q10: 0.885 | R10: 0.889 | S10: 0.889 | T10: 0.881 | U10: 0.884 | V10: 0.888 | W10: 0.885 | X10: 0.888 | Y10: 1.057 | Z10: 1.069 | AA10: 1.099 | AB10: 1.098 | AC10: =RANDBETWEEN(910,990)/1000 -> 0.944 | AD10: =RANDBETWEEN(910,990)/1000 -> 0.947 | AE10: =RANDBETWEEN(910,990)/1000 -> 0.916 | AF10: =RANDBETWEEN(910,990)/1000 -> 0.92 | AG10: =RANDBETWEEN(910,990)/1000 -> 0.911
B11: Other Regional / Specialty Pizza Styles | C11: 1 | D11: 1.17 | E11: 1.169 | F11: 1.361 | G11: 1.35 | H11: 1.349 | I11: 1.324 | J11: 1.313 | K11: 1.338 | L11: 1.328 | M11: 1.313 | N11: 1.341 | O11: 1.355 | P11: 1.35 | Q11: 0.884 | R11: 0.885 | S11: 0.881 | T11: 0.889 | U11: 0.889 | V11: 0.877 | W11: 0.882 | X11: 0.878 | Y11: 1.048 | Z11: 1.075 | AA11: 1.061 | AB11: 1.076 | AC11: =RANDBETWEEN(910,990)/1000 -> 0.957 | AD11: =RANDBETWEEN(910,990)/1000 -> 0.943 | AE11: =RANDBETWEEN(910,990)/1000 -> 0.94 | AF11: =RANDBETWEEN(910,990)/1000 -> 0.943 | AG11: =RANDBETWEEN(910,990)/1000 -> 0.985

Sheet Republic of Ireland

Sheet Sheet2
A1: Segment | B1: Market Share | C1: CAGR | G1: Finalised Country Data | I1: Market Share | O1: Region Name | P1: Market Volume | Q1: CAGR
A2: Product Type | B2: 1 | C2: 0.045 | G2: Region / Country | H2: Domestic Production / Consumption Data in ’000 Tons, 2024 | J2: CAGR | O2: North America | P2: 10956 | Q2: 0.0414
A3: Polyurethane (PU) Foams | B3: 0.47 | C3: 0.046 | G3: North America | H3: 10956 | I3: =SUM(I4:I5) -> 1 | J3: 0.0414 | O3: Europe | P3: 4000 | Q3: 0.0313
A4: Flexible PU | B4: 0.55 | C4: 0.039 | G4: U.S. | H4: 9860 | I4: =H4/$H$3 -> 0.89996349 | J4: 0.042 | O4: Asia Pacific | P4: 9900 | Q4: 0.0521
A5: Rigid PU | B5: 0.25 | C5: 0.052 | G5: Canada | H5: 1096 | I5: =H5/$H$3 -> 0.10003651 | J5: 0.036 | O5: Latin America | P5: 979 | Q5: 0.0454
A6: Semi-Rigid PU | B6: 0.07 | C6: 0.043 | G6: Europe | H6: 4000 | I6: =SUM(I7:I13) -> 1 | J6: 0.0313 | O6: Middle East | P6: 1300 | Q6: 0.0496
A7: Integral Skin PU | B7: 0.05 | C7: 0.041 | G7: Germany | H7: 656 | I7: =H7/$H$6 -> 0.164 | J7: 0.031 | O7: Africa | P7: 1900 | Q7: 0.0511
A8: Microcellular PU | B8: =1-SUM(B4:B7) -> 0.08 | C8: 0.057 | G8: UK | H8: 265 | I8: =H8/$H$6 -> 0.06625 | J8: 0.034
A9: Polystyrene (PS) Foams | B9: 0.23 | C9: 0.038 | G9: France | H9: 335 | I9: =H9/$H$6 -> 0.08375 | J9: 0.032
A10: Expanded Polystyrene (EPS) | B10: 0.72 | C10: 0.036 | G10: Italy | H10: 221 | I10: =H10/$H$6 -> 0.05525 | J10: 0.029
A11: Extruded Polystyrene (XPS) | B11: =1-SUM(B10) -> 0.28 | C11: 0.044 | G11: Spain | H11: 185 | I11: =H11/$H$6 -> 0.04625 | J11: 0.035
A12: Polyolefin Foams | B12: 0.09 | C12: 0.05 | G12: Russia | H12: 919 | I12: =H12/$H$6 -> 0.22975 | J12: 0.026
A13: Polyethylene (PE) Foams | B13: 0.62 | C13: 0.046 | G13: Rest of Europe | H13: 1419 | I13: =H13/$H$6 -> 0.35475 | J13: 0.034
A14: Polypropylene (PP) Foams | B14: =1-SUM(B13) -> 0.38 | C14: 0.057 | G14: Asia Pacific | H14: 9900 | I14: =SUM(I15:I21) -> 1 | J14: 0.0521
A15: PVC Foams | B15: 0.04 | C15: 0.038 | G15: China | H15: 5700 | I15: =H15/$H$14 -> 0.57575758 | J15: 0.05
A16: Rigid PVC Foam | B16: 0.48 | C16: 0.036 | G16: India | H16: 920 | I16: =H16/$H$14 -> 0.092929293 | J16: 0.07
A17: Semi-Rigid PVC Foam | B17: 0.22 | C17: 0.034 | G17: Japan | H17: 813 | I17: =H17/$H$14 -> 0.082121212 | J17: 0.03
A18: Closed-Cell PVC Structural Foam | B18: =1-SUM(B16:B17) -> 0.3 | C18: 0.043 | G18: South Korea | H18: 520 | I18: =H18/$H$14 -> 0.052525253 | J18: 0.043
A19: High-Performance Engineering Polymer Foams | B19: 0.05 | C19: 0.061 | G19: ASEAN | H19: 1430 | I19: =H19/$H$14 -> 0.14444444 | J19: 0.065
A20: Polyimide (PI) Foams | B20: 0.3 | C20: 0.058 | G20: Australia | H20: 119 | I20: =H20/$H$14 -> 0.012020202 | J20: 0.036
A21: Phenolic Foams | B21: 0.35 | C21: 0.051 | G21: Rest of Asia Pacific | H21: 398 | I21: =H21/$H$14 -> 0.04020202 | J21: 0.057
A22: Advanced Thermoplastic Foams | B22: =1-SUM(B20:B21) -> 0.35 | C22: 0.07 | G22: Latin America | H22: 979 | I22: =SUM(I23:I26) -> 1 | J22: 0.0454
A23: Melamine Foams | B23: 0.015 | C23: 0.043 | G23: Brazil | H23: 170 | I23: =H23/$H$22 -> 0.17364658 | J23: 0.044
A24: Elastomeric & Specialty Foams | B24: 0.06 | C24: 0.05 | G24: Mexico | H24: 491 | I24: =H24/$H$22 -> 0.50153218 | J24: 0.052
A25: Bio-Based & Sustainable Foams | B25: =1-SUM(B3,B9,B12,B15,B19,B23,B24) -> 0.045 | C25: 0.08 | G25: Argentina | H25: 138 | I25: =H25/$H$22 -> 0.14096016 | J25: 0.031
G26: Rest of Latin America | H26: 180 | I26: =H26/$H$22 -> 0.18386108 | J26: 0.04
A27: Density | B27: 1 | C27: 0.045 | G27: Middle East | H27: 1300 | I27: =SUM(I28:I30) -> 1 | J27: 0.0496
A28: Ultra-Low Density: < 15 | B28: 0.14 | C28: 0.037 | G28: Israel | H28: 40 | I28: =H28/$H$27 -> 0.030769231 | J28: 0.043
A29: Low Density: 15 – 30 | B29: 0.28 | C29: 0.04 | G29: GCC | H29: 384 | I29: =H29/$H$27 -> 0.29538462 | J29: 0.054
A30: Medium Density: 30 – 80 | B30: 0.33 | C30: 0.045 | G30: Rest of Middle East | H30: 876 | I30: =H30/$H$27 -> 0.67384615 | J30: 0.048
A31: High Density: 80 – 250 | B31: 0.18 | C31: 0.055 | G31: Africa | H31: 1900 | I31: =SUM(I32:I34) -> 1 | J31: 0.0511
A32: Ultra-High Density / Structural: > 250 | B32: =1-SUM(B28:B31) -> 0.07 | C32: 0.063 | G32: North Africa | H32: 600 | I32: =H32/$H$31 -> 0.31578947 | J32: 0.052
G33: Central Africa | H33: 950 | I33: =H33/$H$31 -> 0.5 | J33: 0.055
A34: Form | B34: 1 | C34: 0.045 | G34: South Africa | H34: 350 | I34: =H34/$H$31 -> 0.18421053 | J34: 0.039
A35: Sheets & Boards | B35: 0.35 | C35: 0.047 | G35: Global Total | H35: =SUM(H3,H6,H14,H22,H27,H31) -> 29035
A36: Rolls | B36: 0.1 | C36: 0.04 | G36: ASP | H36: 2000
A37: Blocks / Buns | B37: 0.24 | C37: 0.036 | G37: Total Value (USD Bn) | H37: =((H35/1000)*H36)/1000 -> 58.07
A38: Molded & Fabricated Parts | B38: 0.21 | C38: 0.054
A39: Laminated / Composite Foam Structures | B39: =1-SUM(B35:B38) -> 0.1 | C39: 0.063
A41: End-Use | B41: 1 | C41: 0.045
A42: Automotive & Transportation | B42: 0.12 | C42: 0.047
A43: Seating & interior trim | B43: 0.54 | C43: 0.041
A44: NVH insulation | B44: 0.27 | C44: 0.052
A45: Thermal & impact protection | B45: 0.19 | C45: 0.053
A46: Building & Construction | B46: 0.3 | C46: 0.05
A47: Thermal insulation | B47: 0.68 | C47: 0.048
A48: Acoustic panels | B48: 0.15 | C48: 0.051
A49: Structural & fire-resistant insulation | B49: 0.17 | C49: 0.057
A50: Packaging & Logistics | B50: 0.2 | C50: 0.04
A51: Protective cushioning | B51: 0.48 | C51: 0.036
A52: Cold-chain insulation | B52: 0.22 | C52: 0.053
... A60: EMI / ESD protection | B60: 0.2 | C60: 0.068
A61: Others (Healthcare, Defense etc.) | B61: =1-SUM(B42,B46,B50,B54,B57) -> 0.1 | C61: 0.048
A63: Distribution | B63: 1 | C63: 0.045
A64: Direct OEM Supplies | B64: 0.64 | C64: 0.05
A65: Indirect (via Distributors / Traders) | B65: =1-SUM(B64) -> 0.36 | C65: 0.036

Sheet Data
AE2: =VLOOKUP(AE3,$B$76:$D$107,3,0) -> 0.040821165 | AF2: =VLOOKUP(AF3,$B$76:$D$107,3,0) -> 0.028020179 | AG2: =VLOOKUP(AG3,$B$76:$D$107,3,0) -> 0.031131217 | AH2: =VLOOKUP(AH3,$B$76:$D$107,3,0) -> 0.040314901 | AI2: =VLOOKUP(AI3,$B$76:$D$107,3,0) -> 0.034437446 | AJ2: =VLOOKUP(AJ3,$B$76:$D$107,3,0) -> 0.028167766 | AK2: =VLOOKUP(AK3,$B$76:$D$107,3,0) -> 0.043853148 | AL2: =VLOOKUP(AL3,$B$76:$D$107,3,0) -> 0.025284187 | ... BD2: =VLOOKUP(BD3,$B$76:$D$107,3,0) -> 0.040414009
C3: U.S. | D3: Canada | E3: Germany | F3: UK | G3: France | H3: Italy | I3: Spain | J3: Russia | K3: Rest of Europe | L3: China | M3: India | N3: Japan | O3: South Korea | P3: ASEAN | Q3: Australia | R3: Rest of Asia Pacific | S3: Brazil | T3: Mexico | U3: Argentina | V3: Rest of Latin America | W3: Israel | X3: GCC | Y3: Rest of Middle East | Z3: North Africa | AA3: Central Africa | AB3: South Africa | AE3: U.S. | AF3: Canada | AG3: Germany | AH3: UK | AI3: France | AJ3: Italy | AK3: Spain | AL3: Russia | AM3: Rest of Europe | AN3: China | AO3: India | AP3: Japan | AQ3: South Korea | AR3: ASEAN | AS3: Australia | AT3: Rest of Asia Pacific | AU3: Brazil | AV3: Mexico | AW3: Argentina | AX3: Rest of Latin America | AY3: Israel | AZ3: GCC | BA3: Rest of Middle East | BB3: North Africa | BC3: Central Africa | BD3: South Africa | BG3: U.S. | BH3: Canada | BI3: Germany | BJ3: UK | BK3: France | BL3: Italy | BM3: Spain | BN3: Russia | BO3: Rest of Europe | BP3: China | BQ3: India | BR3: Japan | BS3: South Korea | BT3: ASEAN | BU3: Australia | BV3: Rest of Asia Pacific | BW3: Brazil | BX3: Mexico | BY3: Argentina | BZ3: Rest of Latin America | CA3: Israel | CB3: GCC | CC3: Rest of Middle East | CD3: North Africa | CE3: Central Africa | CF3: South Africa
B4: By Product Type | AD4: By Product Type | AE4: =AE5*C5+AE11*C11+AE14*C14+AE17*C17+AE21*C21+AE25*C25+AE26*C26+AE27*C27 -> 0.040843165 | AF4: =AF5*D5+AF11*D11+AF14*D14+AF17*D17+AF21*D21+AF25*D25+AF26*D26+AF27*D27 -> 0.02813629 | AG4: =AG5*E5+AG11*E11+AG14*E14+AG17*E17+AG21*E21+AG25*E25+AG26*E26+AG27*E27 -> 0.031160542 | AH4: =AH5*F5+AH11*F11+AH14*F14+AH17*F17+AH21*F21+AH25*F25+AH26*F26+AH27*F27 -> 0.040335301 | AI4: =AI5*G5+AI11*G11+AI14*G14+AI17*G17+AI21*G21+AI25*G25+AI26*G26+AI27*G27 -> 0.034454246 | AJ4: =AJ5*H5+AJ11*H11+AJ14*H14+AJ17*H17+AJ21*H21+AJ25*H25+AJ26*H26+AJ27*H27 -> 0.028231039 | AK4: =AK5*I5+AK11*I11+AK14*I14+AK17*I17+AK21*I21+AK25*I25+AK26*I26+AK27*I27 -> 0.043871848 | AL4: =AL5*J5+AL11*J11+AL14*J14+AL17*J17+AL21*J21+AL25*J25+AL26*J26+AL27*J27 -> 0.025313569 | ... BD4: =BD5*AB5+BD11*AB11+BD14*AB14+BD17*AB17+BD21*AB21+BD25*AB25+BD26*AB26+BD27*AB27 -> 0.040430109 | BF4: By Product Type
B5: Polyurethane (PU) Foams | C5: =1-SUM(C11,C14,C17,C21,C25:C27) -> 0.4216 | D5: =1-SUM(D11,D14,D17,D21,D25:D27) -> 0.4571 | E5: =1-SUM(E11,E14,E17,E21,E25:E27) -> 0.4646 | F5: =1-SUM(F11,F14,F17,F21,F25:F27) -> 0.4524 | G5: =1-SUM(G11,G14,G17,G21,G25:G27) -> 0.497 | H5: =1-SUM(H11,H14,H17,H21,H25:H27) -> 0.4702 | I5: =1-SUM(I11,I14,I17,I21,I25:I27) -> 0.4301 | J5: =1-SUM(J11,J14,J17,J21,J25:J27) -> 0.467 | ... AB5: =1-SUM(AB11,AB14,AB17,AB21,AB25:AB27) -> 0.4293 | AD5: Polyurethane (PU) Foams | AE5: =SUMPRODUCT(AE6:AE10,C6:C10) -> 0.039469784 | AF5: =SUMPRODUCT(AF6:AF10,D6:D10) -> 0.027491435 | AG5: =SUMPRODUCT(AG6:AG10,E6:E10) -> 0.031128023 | AH5: =SUMPRODUCT(AH6:AH10,F6:F10) -> 0.039387881 | AI5: =SUMPRODUCT(AI6:AI10,G6:G10) -> 0.034040588 | AJ5: =SUMPRODUCT(AJ6:AJ10,H6:H10) -> 0.026968037 | AK5: =SUMPRODUCT(AK6:AK10,I6:I10) -> 0.042951447 | AL5: =SUMPRODUCT(AL6:AL10,J6:J10) -> 0.024242403 | ... BD5: =SUMPRODUCT(BD6:BD10,AB6:AB10) -> 0.039619547 | BF5: Polyurethane (PU) Foams | BG5: CMI_Trend_60 | BH5: CMI_Trend_20 | BI5: CMI_Trend_56 | BJ5: CMI_Trend_46 | BK5: CMI_Trend_52 | BL5: CMI_Trend_20 | BM5: CMI_Trend_20 | BN5: CMI_Trend_38 | BO5: CMI_Trend_38 | BP5: CMI_Trend_60 | BQ5: CMI_Trend_20 | BR5: CMI_Trend_20 | BS5: CMI_Trend_46 | BT5: CMI_Trend_46 | BU5: CMI_Trend_52 | BV5: CMI_Trend_46 | BW5: CMI_Trend_60 | BX5: CMI_Trend_56 | BY5: CMI_Trend_56 | BZ5: CMI_Trend_20 | CA5: CMI_Trend_38 | CB5: CMI_Trend_60 | CC5: CMI_Trend_56 | CD5: CMI_Trend_56 | CE5: CMI_Trend_56 | CF5: CMI_Trend_20
B6: Flexible PU | C6: =1-SUM(C7:C10) -> 0.5811 | D6: =1-SUM(D7:D10) -> 0.5537 | E6: =1-SUM(E7:E10) -> 0.523 | F6: =1-SUM(F7:F10) -> 0.5549 | G6: =1-SUM(G7:G10) -> 0.5414 | H6: =1-SUM(H7:H10) -> 0.5685 | I6: =1-SUM(I7:I10) -> 0.5307 | J6: =1-SUM(J7:J10) -> 0.5389 | ... AB6: =1-SUM(AB7:AB10) -> 0.5185 | AD6: Flexible PU | AE6: 0.033092986 | AF6: 0.020912576 | AG6: 0.023882608 | AH6: 0.032752591 | AI6: 0.027169916 | AJ6: 0.020439168 | AK6: 0.035816249 | AL6: 0.01730997 | AM6: 0.030585265 | AN6: 0.046044396 | AO6: 0.076299164 | AP6: 0.027754242 | AQ6: 0.041436918 | AR6: 0.061056366 | AS6: 0.035405811 | AT6: 0.055558108 | AU6: 0.034396773 | AV6: 0.041344439 | AW6: 0.022178763 | AX6: 0.029045271 | AY6: 0.032562842 | AZ6: 0.044126562 | BA6: 0.038425964 | BB6: 0.041972517 | BC6: 0.049098778 | BD6: 0.032300376 | BF6: Flexible PU | BG6: CMI_Trend_20 | BH6: CMI_Trend_38 | BI6: CMI_Trend_52 | BJ6: CMI_Trend_38 | BK6: CMI_Trend_52 | BL6: CMI_Trend_52 | BM6: CMI_Trend_25 | BN6: CMI_Trend_25 | BO6: CMI_Trend_60 | BP6: CMI_Trend_38 | BQ6: CMI_Trend_52 | BR6: CMI_Trend_60 | BS6: CMI_Trend_56 | BT6: CMI_Trend_46 | BU6: CMI_Trend_60 | BV6: CMI_Trend_52 | BW6: CMI_Trend_52 | BX6: CMI_Trend_52 | BY6: CMI_Trend_20 | BZ6: CMI_Trend_38 | CA6: CMI_Trend_38 | CB6: CMI_Trend_52 | CC6: CMI_Trend_56 | CD6: CMI_Trend_20 | CE6: CMI_Trend_56 | CF6: CMI_Trend_20
B7: Rigid PU | C7: 0.2368 | D7: 0.2397 | E7: 0.2654 | F7: 0.2481 | G7: 0.2552 | H7: 0.2364 | I7: 0.2558 | J7: 0.2493 | K7: 0.2423 | L7: 0.2345 | M7: 0.254 | N7: 0.247 | O7: 0.2541 | P7: 0.2602 | Q7: 0.2566 | R7: 0.2389 | S7: 0.2488 | T7: 0.2417 | U7: 0.2402 | V7: 0.2673 | W7: 0.2341 | X7: 0.238 | Y7: 0.2663 | Z7: 0.2646 | AA7: 0.2608 | AB7: 0.2677 | AD7: Rigid PU | AE7: 0.049337297 | AF7: 0.037156887 | AG7: 0.040126919 | AH7: 0.048996903 | AI7: 0.043414228 | AJ7: 0.036683479 | AK7: 0.05206056 | AL7: 0.033554281 | AM7: 0.046829576 | AN7: 0.062288707 | AO7: 0.092543475 | AP7: 0.043998554 | AQ7: 0.057681229 | AR7: 0.077300678 | AS7: 0.051650122 | AT7: 0.071802419 | AU7: 0.050641084 | AV7: 0.05758875 | AW7: 0.038423074 | AX7: 0.045289582 | AY7: 0.048807154 | AZ7: 0.060370874 | BA7: 0.054670275 | BB7: 0.058216829 | BC7: 0.06534309 | BD7: 0.048544687 | BF7: Rigid PU | BG7: CMI_Trend_56 | BH7: CMI_Trend_60 | BI7: CMI_Trend_60 | BJ7: CMI_Trend_56 | BK7: CMI_Trend_20 | BL7: CMI_Trend_60 | BM7: CMI_Trend_38 | BN7: CMI_Trend_52 | BO7: CMI_Trend_25 | BP7: CMI_Trend_38 | BQ7: CMI_Trend_60 | BR7: CMI_Trend_20 | BS7: CMI_Trend_52 | BT7: CMI_Trend_46 | BU7: CMI_Trend_38 | BV7: CMI_Trend_38 | BW7: CMI_Trend_52 | BX7: CMI_Trend_46 | BY7: CMI_Trend_46 | BZ7: CMI_Trend_38 | CA7: CMI_Trend_56 | CB7: CMI_Trend_60 | CC7: CMI_Trend_38 | CD7: CMI_Trend_20 | CE7: CMI_Trend_52 | CF7: CMI_Trend_46
B8: Semi-Rigid PU | C8: 0.0608 | D8: 0.0679 | E8: 0.0792 | F8: 0.0753 | G8: 0.0651 | H8: 0.0636 | I8: 0.0602 | J8: 0.073 | K8: 0.0638 | L8: 0.0658 | M8: 0.0701 | N8: 0.071 | O8: 0.0663 | P8: 0.0643 | Q8: 0.0714 | R8: 0.0655 | S8: 0.0649 | T8: 0.0636 | U8: 0.0665 | V8: 0.0787 | W8: 0.068 | X8: 0.0751 | Y8: 0.0706 | Z8: 0.0756 | AA8: 0.079 | AB8: 0.0685 | AD8: Semi-Rigid PU | AE8: 0.043191832 | AF8: 0.031011422 | AG8: 0.033981454 | AH8: 0.042851438 | AI8: 0.037268763 | AJ8: 0.030538014 | AK8: 0.045915095 | AL8: 0.027408816 | AM8: 0.040684111 | AN8: 0.056143242 | AO8: 0.08639801 | AP8: 0.037853089 | AQ8: 0.051535764 | AR8: 0.071155213 | AS8: 0.045504657 | AT8: 0.065656954 | AU8: 0.044495619 | AV8: 0.051443285 | AW8: 0.032277609 | AX8: 0.039144117 | AY8: 0.042661689 | AZ8: 0.054225409 | BA8: 0.04852481 | BB8: 0.052071364 | BC8: 0.059197625 | BD8: 0.042399222 | BF8: Semi-Rigid PU | BG8: CMI_Trend_52 | BH8: CMI_Trend_60 | BI8: CMI_Trend_46 | BJ8: CMI_Trend_52 | BK8: CMI_Trend_25 | BL8: CMI_Trend_38 | BM8: CMI_Trend_25 | BN8: CMI_Trend_60 | BO8: CMI_Trend_20 | BP8: CMI_Trend_38 | BQ8: CMI_Trend_46 | BR8: CMI_Trend_46 | BS8: CMI_Trend_25 | BT8: CMI_Trend_20 | BU8: CMI_Trend_60 | BV8: CMI_Trend_52 | BW8: CMI_Trend_60 | BX8: CMI_Trend_46 | BY8: CMI_Trend_46 | BZ8: CMI_Trend_60 | CA8: CMI_Trend_20 | CB8: CMI_Trend_20 | CC8: CMI_Trend_20 | CD8: CMI_Trend_56 | CE8: CMI_Trend_60 | CF8: CMI_Trend_46
B9: Integral Skin PU | C9: 0.0413 | D9: 0.0592 | E9: 0.0424 | F9: 0.0463 | G9: 0.0544 | H9: 0.0467 | I9: 0.0553 | J9: 0.0502 | K9: 0.0428 | L9: 0.0581 | M9: 0.0591 | N9: 0.0402 | O9: 0.0416 | P9: 0.0538 | Q9: 0.0425 | R9: 0.0578 | S9: 0.0428 | T9: 0.0469 | U9: 0.045 | V9: 0.0406 | W9: 0.0536 | X9: 0.0494 | Y9: 0.0575 | Z9: 0.0418 | AA9: 0.0581 | AB9: 0.0505 | AD9: Integral Skin PU | AE9: 0.038337297 | AF9: 0.026156887 | AG9: 0.029126919 | AH9: 0.037996903 | AI9: 0.032414228 | AJ9: 0.025683479 | AK9: 0.04106056 | AL9: 0.022554281 | AM9: 0.035829576 | AN9: 0.051288707 | AO9: 0.081543475 | AP9: 0.032998554 | AQ9: 0.046681229 | AR9: 0.066300678 | AS9: 0.040650122 | AT9: 0.060802419 | AU9: 0.039641084 | AV9: 0.04658875 | AW9: 0.027423074 | AX9: 0.034289582 | AY9: 0.037807154 | AZ9: 0.049370874 | BA9: 0.043670275 | BB9: 0.047216829 | BC9: 0.05434309 | BD9: 0.037544687 | BF9: Integral Skin PU | BG9: CMI_Trend_20 | BH9: CMI_Trend_60 | BI9: CMI_Trend_52 | BJ9: CMI_Trend_20 | BK9: CMI_Trend_25 | BL9: CMI_Trend_60 | BM9: CMI_Trend_25 | BN9: CMI_Trend_56 | BO9: CMI_Trend_38 | BP9: CMI_Trend_38 | BQ9: CMI_Trend_25 | BR9: CMI_Trend_52 | BS9: CMI_Trend_20 | BT9: CMI_Trend_56 | BU9: CMI_Trend_52 | BV9: CMI_Trend_56 | BW9: CMI_Trend_25 | BX9: CMI_Trend_46 | BY9: CMI_Trend_38 | BZ9: CMI_Trend_20 | CA9: CMI_Trend_38 | CB9: CMI_Trend_25 | CC9: CMI_Trend_60 | CD9: CMI_Trend_52 | CE9: CMI_Trend_38 | CF9: CMI_Trend_20
B10: Microcellular PU | C10: 0.08 | D10: 0.0795 | E10: 0.09 | F10: 0.0754 | G10: 0.0839 | H10: 0.0848 | I10: 0.098 | J10: 0.0886 | K10: 0.0882 | L10: 0.0797 | M10: 0.0902 | N10: 0.0701 | O10: 0.0639 | P10: 0.0877 | Q10: 0.0897 | R10: 0.0765 | S10: 0.083 | T10: 0.0731 | U10: 0.0688 | V10: 0.0662 | W10: 0.095 | X10: 0.0843 | Y10: 0.0795 | Z10: 0.0954 | AA10: 0.0706 | AB10: 0.0948 | AD10: Microcellular PU | AE10: 0.054337297 | AF10: 0.042156887 | AG10: 0.045126919 | AH10: 0.053996903 | AI10: 0.048414228 | AJ10: 0.041683479 | AK10: 0.05706056 | AL10: 0.038554281 | AM10: 0.051829576 | AN10: 0.067288707 | AO10: 0.097543475 | AP10: 0.048998554 | AQ10: 0.062681229 | AR10: 0.082300678 | AS10: 0.056650122 | AT10: 0.076802419 | AU10: 0.055641084 | AV10: 0.06258875 | AW10: 0.043423074 | AX10: 0.050289582 | AY10: 0.053807154 | AZ10: 0.065370874 | BA10: 0.059670275 | BB10: 0.063216829 | BC10: 0.07034309 | BD10: 0.053544687 | BF10: Microcellular PU | BG10: CMI_Trend_60 | BH10: CMI_Trend_38 | BI10: CMI_Trend_46 | BJ10: CMI_Trend_25 | BK10: CMI_Trend_52 | BL10: CMI_Trend_56 | BM10: CMI_Trend_38 | BN10: CMI_Trend_56 | BO10: CMI_Trend_20 | BP10: CMI_Trend_52 | BQ10: CMI_Trend_60 | BR10: CMI_Trend_52 | BS10: CMI_Trend_52 | BT10: CMI_Trend_46 | BU10: CMI_Trend_38 | BV10: CMI_Trend_25 | BW10: CMI_Trend_38 | BX10: CMI_Trend_20 | BY10: CMI_Trend_46 | BZ10: CMI_Trend_46 | CA10: CMI_Trend_52 | CB10: CMI_Trend_46 | CC10: CMI_Trend_56 | CD10: CMI_Trend_46 | CE10: CMI_Trend_52 | CF10: CMI_Trend_46
B11: Polystyrene (PS) Foams | C11: 0.2346 | D11: 0.2417 | E11: 0.2454 | F11: 0.2324 | G11: 0.2204 | H11: 0.2138 | I11: 0.222 | J11: 0.23 | K11: 0.2284 | L11: 0.2394 | M11: 0.2203 | N11: 0.2239 | O11: 0.2432 | P11: 0.2278 | Q11: 0.235 | R11: 0.2221 | S11: 0.2475 | T11: 0.2148 | U11: 0.2419 | V11: 0.242 | W11: 0.2414 | X11: 0.2249 | Y11: 0.2331 | Z11: 0.2261 | AA11: 0.2393 | AB11: 0.2406 | AD11: Polystyrene (PS) Foams | AE11: =SUMPRODUCT(AE12:AE13,C12:C13) -> 0.031759582 | AF11: =SUMPRODUCT(AF12:AF13,D12:D13) -> 0.019794372 | AG11: =SUMPRODUCT(AG12:AG13,E12:E13) -> 0.022731604 | AH11: =SUMPRODUCT(AH12:AH13,F12:F13) -> 0.031502387 | AI11: =SUMPRODUCT(AI12:AI13,G12:G13) -> 0.026050912 | AJ11: =SUMPRODUCT(AJ12:AJ13,H12:H13) -> 0.019180964 | AK11: =SUMPRODUCT(AK12:AK13,I12:I13) -> 0.034538045 | AL11: =SUMPRODUCT(AL12:AL13,J12:J13) -> 0.015941366 | ... BD11: =SUMPRODUCT(BD12:BD13,AB12:AB13) -> 0.031185372 | BF11: Polystyrene (PS) Foams | BG11: CMI_Trend_25 | BH11: CMI_Trend_60 | BI11: CMI_Trend_20 | BJ11: CMI_Trend_52 | BK11: CMI_Trend_38 | BL11: CMI_Trend_38 | BM11: CMI_Trend_52 | BN11: CMI_Trend_52 | BO11: CMI_Trend_38 | BP11: CMI_Trend_56 | BQ11: CMI_Trend_52 | BR11: CMI_Trend_46 | BS11: CMI_Trend_20 | BT11: CMI_Trend_60 | BU11: CMI_Trend_56 | BV11: CMI_Trend_20 | BW11: CMI_Trend_20 | BX11: CMI_Trend_60 | BY11: CMI_Trend_25 | BZ11: CMI_Trend_60 | CA11: CMI_Trend_56 | CB11: CMI_Trend_52 | CC11: CMI_Trend_56 | CD11: CMI_Trend_20 | CE11: CMI_Trend_60 | CF11: CMI_Trend_56
B12: Expanded Polystyrene (EPS) | C12: =1-C13 -> 0.7316 | D12: =1-D13 -> 0.7047 | E12: =1-E13 -> 0.7088 | F12: =1-F13 -> 0.7212 | G12: =1-G13 -> 0.7048 | H12: =1-H13 -> 0.7222 | I12: =1-I13 -> 0.7247 | J12: =1-J13 -> 0.736 | ... AB12: =1-AB13 -> 0.7043 | AD12: Expanded Polystyrene (EPS) | AE12: 0.029612382 | AF12: 0.017431972 | AG12: 0.020402004 | AH12: 0.029271987 | AI12: 0.023689312 | AJ12: 0.016958564 | AK12: 0.032335645 | AL12: 0.013829366 | AM12: 0.027104661 | AN12: 0.042563792 | AO12: 0.07281856 | AP12: 0.024273638 | AQ12: 0.037956314 | AR12: 0.057575762 | AS12: 0.031925207 | AT12: 0.052077504 | AU12: 0.030916169 | AV12: 0.037863835 | AW12: 0.018698159 | AX12: 0.025564667 | AY12: 0.029082238 | AZ12: 0.040645958 | BA12: 0.03494536 | BB12: 0.038491913 | BC12: 0.045618174 | BD12: 0.028819772 | BF12: Expanded Polystyrene (EPS) | BG12: CMI_Trend_46 | BH12: CMI_Trend_52 | BI12: CMI_Trend_60 | BJ12: CMI_Trend_46 | BK12: CMI_Trend_56 | BL12: CMI_Trend_25 | BM12: CMI_Trend_56 | BN12: CMI_Trend_46 | BO12: CMI_Trend_25 | BP12: CMI_Trend_56 | BQ12: CMI_Trend_46 | BR12: CMI_Trend_52 | BS12: CMI_Trend_60 | BT12: CMI_Trend_38 | BU12: CMI_Trend_38 | BV12: CMI_Trend_56 | BW12: CMI_Trend_46 | BX12: CMI_Trend_56 | BY12: CMI_Trend_38 | BZ12: CMI_Trend_25 | CA12: CMI_Trend_25 | CB12: CMI_Trend_56 | CC12: CMI_Trend_52 | CD12: CMI_Trend_60 | CE12: CMI_Trend_20 | CF12: CMI_Trend_52
B13: Extruded Polystyrene (XPS) | C13: 0.2684 | D13: 0.2953 | E13: 0.2912 | F13: 0.2788 | G13: 0.2952 | H13: 0.2778 | I13: 0.2753 | J13: 0.264 | K13: 0.277 | L13: 0.2684 | M13: 0.2695 | N13: 0.2721 | O13: 0.2872 | P13: 0.2889 | Q13: 0.2906 | R13: 0.2961 | S13: 0.2652 | T13: 0.2922 | U13: 0.2772 | V13: 0.2911 | W13: 0.2744 | X13: 0.2767 | Y13: 0.2664 | Z13: 0.2801 | AA13: 0.2956 | AB13: 0.2957 | AD13: Extruded Polystyrene (XPS) | AE13: 0.037612382 | AF13: 0.025431972 | AG13: 0.028402004 | AH13: 0.037271987 | AI13: 0.031689312 | AJ13: 0.024958564 | AK13: 0.040335645 | AL13: 0.021829366 | AM13: 0.035104661 | AN13: 0.050563792 | AO13: 0.08081856 | AP13: 0.032273638 | AQ13: 0.045956314 | AR13: 0.065575762 | AS13: 0.039925207 | AT13: 0.060077504 | AU13: 0.038916169 | AV13: 0.045863835 | AW13: 0.026698159 | AX13: 0.033564667 | AY13: 0.037082238 | AZ13: 0.048645958 | BA13: 0.04294536 | BB13: 0.046491913 | BC13: 0.053618174 | BD13: 0.036819772 | BF13: Extruded Polystyrene (XPS) | BG13: CMI_Trend_52 | BH13: CMI_Trend_52 | BI13: CMI_Trend_60 | BJ13: CMI_Trend_25 | BK13: CMI_Trend_20 | BL13: CMI_Trend_20 | BM13: CMI_Trend_60 | BN13: CMI_Trend_60 | BO13: CMI_Trend_25 | BP13: CMI_Trend_46 | BQ13: CMI_Trend_25 | BR13: CMI_Trend_52 | BS13: CMI_Trend_25 | BT13: CMI_Trend_46 | BU13: CMI_Trend_20 | BV13: CMI_Trend_60 | BW13: CMI_Trend_46 | BX13: CMI_Trend_52 | BY13: CMI_Trend_52 | BZ13: CMI_Trend_56 | CA13: CMI_Trend_38 | CB13: CMI_Trend_20 | CC13: CMI_Trend_25 | CD13: CMI_Trend_20 | CE13: CMI_Trend_25 | CF13: CMI_Trend_52
B14: Polyolefin Foams | C14: 0.1007 | D14: 0.0796 | E14: 0.1029 | F14: 0.1013 | G14: 0.0913 | H14: 0.1026 | I14: 0.0979 | J14: 0.0847 | K14: 0.079 | L14: 0.0912 | M14: 0.1021 | N14: 0.0976 | O14: 0.0965 | P14: 0.0862 | Q14: 0.0784 | R14: 0.0799 | S14: 0.0879 | T14: 0.0835 | U14: 0.1018 | V14: 0.0946 | W14: 0.0819 | X14: 0.1028 | Y14: 0.0822 | Z14: 0.0814 | AA14: 0.0952 | AB14: 0.1027 | AD14: Polyolefin Foams | AE14: =SUMPRODUCT(AE15:AE16,C15:C16) -> 0.043048182 | AF14: =SUMPRODUCT(AF15:AF16,D15:D16) -> 0.030596072 | AG14: =SUMPRODUCT(AG15:AG16,E15:E16) -> 0.033803704 | AH14: =SUMPRODUCT(AH15:AH16,F15:F16) -> 0.042511987 | AI14: =SUMPRODUCT(AI15:AI16,G15:G16) -> 0.036860012 | AJ14: =SUMPRODUCT(AJ15:AJ16,H15:H16) -> 0.030299764 | AK14: =SUMPRODUCT(AK15:AK16,I15:I16) -> 0.045648245 | AL14: =SUMPRODUCT(AL15:AL16,J15:J16) -> 0.027129866 | ... BD14: =SUMPRODUCT(BD15:BD16,AB15:AB16) -> 0.042193972 | BF14: Polyolefin Foams | BG14: CMI_Trend_52 | BH14: CMI_Trend_20 | BI14: CMI_Trend_60 | BJ14: CMI_Trend_52 | BK14: CMI_Trend_46 | BL14: CMI_Trend_56 | BM14: CMI_Trend_20 | BN14: CMI_Trend_25 | BO14: CMI_Trend_56 | BP14: CMI_Trend_56 | BQ14: CMI_Trend_60 | BR14: CMI_Trend_60 | BS14: CMI_Trend_20 | BT14: CMI_Trend_38 | BU14: CMI_Trend_56 | BV14: CMI_Trend_52 | BW14: CMI_Trend_46 | BX14: CMI_Trend_20 | BY14: CMI_Trend_25 | BZ14: CMI_Trend_60 | CA14: CMI_Trend_20 | CB14: CMI_Trend_46 | CC14: CMI_Trend_46 | CD14: CMI_Trend_20 | CE14: CMI_Trend_46 | CF14: CMI_Trend_52
B15: Polyethylene (PE) Foams | C15: =1-C16 -> 0.6122 | D15: =1-D16 -> 0.6369 | E15: =1-E16 -> 0.6153 | F15: =1-F16 -> 0.63 | G15: =1-G16 -> 0.6363 | H15: =1-H16 -> 0.6208 | I15: =1-I16 -> 0.6234 | J15: =1-J16 -> 0.6245 | ... AB15: =1-AB16 -> 0.6178 | AD15: Polyethylene (PE) Foams | AE15: 0.038782382 | AF15: 0.026601972 | AG15: 0.029572004 | AH15: 0.038441987 | AI15: 0.032859312 | AJ15: 0.026128564 | AK15: 0.041505645 | AL15: 0.022999366 | AM15: 0.036274661 | AN15: 0.051733792 | AO15: 0.08198856 | AP15: 0.033443638 | AQ15: 0.047126314 | AR15: 0.066745762 | AS15: 0.041095207 | AT15: 0.061247504 | AU15: 0.040086169 | AV15: 0.047033835 | AW15: 0.027868159 | AX15: 0.034734667 | AY15: 0.038252238 | AZ15: 0.049815958 | BA15: 0.04411536 | BB15: 0.047661913 | BC15: 0.054788174 | BD15: 0.037989772 | BF15: Polyethylene (PE) Foams | BG15: CMI_Trend_46 | BH15: CMI_Trend_25 | BI15: CMI_Trend_38 | BJ15: CMI_Trend_46 | BK15: CMI_Trend_25 | BL15: CMI_Trend_52 | BM15: CMI_Trend_25 | BN15: CMI_Trend_38 | BO15: CMI_Trend_60 | BP15: CMI_Trend_56 | BQ15: CMI_Trend_25 | BR15: CMI_Trend_60 | BS15: CMI_Trend_46 | BT15: CMI_Trend_38 | BU15: CMI_Trend_56 | BV15: CMI_Trend_20 | BW15: CMI_Trend_60 | BX15: CMI_Trend_25 | BY15: CMI_Trend_56 | BZ15: CMI_Trend_46 | CA15: CMI_Trend_56 | CB15: CMI_Trend_60 | CC15: CMI_Trend_25 | CD15: CMI_Trend_46 | CE15: CMI_Trend_20 | CF15: CMI_Trend_46
B16: Polypropylene (PP) Foams | C16: 0.3878 | D16: 0.3631 | E16: 0.3847 | F16: 0.37 | G16: 0.3637 | H16: 0.3792 | I16: 0.3766 | J16: 0.3755 | K16: 0.381 | L16: 0.3834 | M16: 0.3859 | N16: 0.3742 | O16: 0.3715 | P16: 0.3942 | Q16: 0.367 | R16: 0.3845 | S16: 0.3918 | T16: 0.3821 | U16: 0.3764 | V16: 0.38 | W16: 0.3702 | X16: 0.3796 | Y16: 0.3761 | Z16: 0.3972 | AA16: 0.3717 | AB16: 0.3822 | AD16: Polypropylene (PP) Foams | AE16: 0.049782382 | AF16: 0.037601972 | AG16: 0.040572004 | AH16: 0.049441987 | AI16: 0.043859312 | AJ16: 0.037128564 | AK16: 0.052505645 | AL16: 0.033999366 | AM16: 0.047274661 | AN16: 0.062733792 | AO16: 0.09298856 | AP16: 0.044443638 | AQ16: 0.058126314 | AR16: 0.077745762 | AS16: 0.052095207 | AT16: 0.072247504 | AU16: 0.051086169 | AV16: 0.058033835 | AW16: 0.038868159 | AX16: 0.045734667 | AY16: 0.049252238 | AZ16: 0.060815958 | BA16: 0.05511536 | BB16: 0.058661913 | BC16: 0.065788174 | BD16: 0.048989772 | BF16: Polypropylene (PP) Foams | BG16: CMI_Trend_20 | BH16: CMI_Trend_56 | BI16: CMI_Trend_46 | BJ16: CMI_Trend_38 | BK16: CMI_Trend_25 | BL16: CMI_Trend_20 | BM16: CMI_Trend_38 | BN16: CMI_Trend_52 | BO16: CMI_Trend_56 | BP16: CMI_Trend_46 | BQ16: CMI_Trend_60 | BR16: CMI_Trend_38 | BS16: CMI_Trend_46 | BT16: CMI_Trend_20 | BU16: CMI_Trend_25 | BV16: CMI_Trend_20 | BW16: CMI_Trend_52 | BX16: CMI_Trend_38 | BY16: CMI_Trend_46 | BZ16: CMI_Trend_52 | CA16: CMI_Trend_56 | CB16: CMI_Trend_60 | CC16: CMI_Trend_46 | CD16: CMI_Trend_56 | CE16: CMI_Trend_56 | CF16: CMI_Trend_52
B17: PVC Foams | C17: 0.0392 | D17: 0.0471 | E17: 0.0336 | F17: 0.0377 | G17: 0.037 | H17: 0.0358 | I17: 0.049 | J17: 0.0349 | K17: 0.0465 | L17: 0.0498 | M17: 0.0367 | N17: 0.0453 | O17: 0.0495 | P17: 0.0325 | Q17: 0.0353 | R17: 0.0491 | S17: 0.0358 | T17: 0.035 | U17: 0.0409 | V17: 0.047 | W17: 0.044 | X17: 0.0361 | Y17: 0.0491 | Z17: 0.0331 | AA17: 0.0492 | AB17: 0.0367 | AD17: PVC Foams | AE17: =SUMPRODUCT(AE18:AE20,C18:C20) -> 0.027061727 | AF17: =SUMPRODUCT(AF18:AF20,D18:D20) -> 0.017033762 | AG17: =SUMPRODUCT(AG18:AG20,E18:E20) -> 0.018028425 | AH17: =SUMPRODUCT(AH18:AH20,F18:F20) -> 0.026875556 | AI17: =SUMPRODUCT(AI18:AI20,G18:G20) -> 0.021142187 | AJ17: =SUMPRODUCT(AJ18:AJ20,H18:H20) -> 0.016865045 | AK17: =SUMPRODUCT(AK18:AK20,I18:I20) -> 0.029989817 | AL17: =SUMPRODUCT(AL18:AL20,J18:J20) -> 0.016806051 | ... BD17: =SUMPRODUCT(BD18:BD20,AB18:AB20) -> 0.02635223 | BF17: PVC Foams | BG17: CMI_Trend_38 | BH17: CMI_Trend_56 | BI17: CMI_Trend_25 | BJ17: CMI_Trend_25 | BK17: CMI_Trend_60 | BL17: CMI_Trend_46 | BM17: CMI_Trend_56 | BN17: CMI_Trend_38 | BO17: CMI_Trend_56 | BP17: CMI_Trend_20 | BQ17: CMI_Trend_38 | BR17: CMI_Trend_52 | BS17: CMI_Trend_20 | BT17: CMI_Trend_25 | BU17: CMI_Trend_20 | BV17: CMI_Trend_38 | BW17: CMI_Trend_46 | BX17: CMI_Trend_25 | BY17: CMI_Trend_52 | BZ17: CMI_Trend_25 | CA17: CMI_Trend_60 | CB17: CMI_Trend_52 | CC17: CMI_Trend_20 | CD17: CMI_Trend_25 | CE17: CMI_Trend_20 | CF17: CMI_Trend_60
B18: Rigid PVC Foam | C18: =1-SUM(C19:C20) -> 0.4776 | D18: =1-SUM(D19:D20) -> 0.4519 | E18: =1-SUM(E19:E20) -> 0.4776 | F18: =1-SUM(F19:F20) -> 0.4968 | G18: =1-SUM(G19:G20) -> 0.4848 | H18: =1-SUM(H19:H20) -> 0.4648 | I18: =1-SUM(I19:I20) -> 0.4693 | J18: =1-SUM(J19:J20) -> 0.4823 | ... AB18: =1-SUM(AB19:AB20) -> 0.4821 | AD18: Rigid PVC Foam | AE18: 0.026523218 | AF18: 0.016651554 | AG18: 0.01731284 | AH18: 0.026182823 | AI18: 0.020600148 | AJ18: 0.016589319 | AK18: 0.029246481 | AL18: 0.015740202 | AM18: 0.024015497 | AN18: 0.039474628 | AO18: 0.069729396 | AP18: 0.021184474 | AQ18: 0.03486715 | AR18: 0.054486598 | AS18: 0.028836043 | AT18: 0.04898834 | AU18: 0.027827005 | AV18: 0.034774671 | AW18: 0.018608995 | AX18: 0.022475503 | AY18: 0.025993074 | AZ18: 0.037556794 | BA18: 0.031856196 | BB18: 0.035402749 | BC18: 0.04252901 | BD18: 0.025730608 | BF18: Rigid PVC Foam | BG18: CMI_Trend_25 | BH18: CMI_Trend_46 | BI18: CMI_Trend_46 | BJ18: CMI_Trend_52 | BK18: CMI_Trend_25 | BL18: CMI_Trend_20 | BM18: CMI_Trend_60 | BN18: CMI_Trend_20 | BO18: CMI_Trend_56 | BP18: CMI_Trend_46 | BQ18: CMI_Trend_20 | BR18: CMI_Trend_46 | BS18: CMI_Trend_60 | BT18: CMI_Trend_56 | BU18: CMI_Trend_60 | BV18: CMI_Trend_46 | BW18: CMI_Trend_60 | BX18: CMI_Trend_25 | BY18: CMI_Trend_46 | BZ18: CMI_Trend_25 | CA18: CMI_Trend_38 | CB18: CMI_Trend_52 | CC18: CMI_Trend_20 | CD18: CMI_Trend_38 | CE18: CMI_Trend_46 | CF18: CMI_Trend_38
B19: Semi-Rigid PVC Foam | C19: 0.2323 | D19: 0.2373 | E19: 0.2382 | F19: 0.2079 | G19: 0.2281 | H19: 0.2211 | I19: 0.2181 | J19: 0.2221 | K19: 0.2035 | L19: 0.2173 | M19: 0.2077 | N19: 0.2206 | O19: 0.2383 | P19: 0.2153 | Q19: 0.204 | R19: 0.2241 | S19: 0.2153 | T19: 0.2143 | U19: 0.2273 | V19: 0.2376 | W19: 0.2221 | X19: 0.2091 | Y19: 0.2377 | Z19: 0.2127 | AA19: 0.2105 | AB19: 0.2223 | AD19: Semi-Rigid PVC Foam | AE19: 0.02146192 | AF19: 0.013546616 | AG19: 0.013266664 | AH19: 0.021121525 | AI19: 0.01553885 | AJ19: 0.013305665 | AK19: 0.024185183 | AL19: 0.014005398 | AM19: 0.018954199 | AN19: 0.03441333 | AO19: 0.064668098 | AP19: 0.016123176 | AQ19: 0.029805852 | AR19: 0.0494253 | AS19: 0.023774745 | AT19: 0.043927042 | AU19: 0.022765707 | AV19: 0.029713373 | AW19: 0.014547697 | AX19: 0.017414205 | AY19: 0.020931776 | AZ19: 0.032495496 | BA19: 0.026794898 | BB19: 0.030341451 | BC19: 0.037467712 | BD19: 0.02066931 | BF19: Semi-Rigid PVC Foam | BG19: CMI_Trend_56 | BH19: CMI_Trend_56 | BI19: CMI_Trend_38 | BJ19: CMI_Trend_60 | BK19: CMI_Trend_20 | BL19: CMI_Trend_38 | BM19: CMI_Trend_60 | BN19: CMI_Trend_60 | BO19: CMI_Trend_60 | BP19: CMI_Trend_52 | BQ19: CMI_Trend_46 | BR19: CMI_Trend_46 | BS19: CMI_Trend_25 | BT19: CMI_Trend_38 | BU19: CMI_Trend_38 | BV19: CMI_Trend_46 | BW19: CMI_Trend_46 | BX19: CMI_Trend_20 | BY19: CMI_Trend_56 | BZ19: CMI_Trend_52 | CA19: CMI_Trend_20 | CB19: CMI_Trend_20 | CC19: CMI_Trend_56 | CD19: CMI_Trend_20 | CE19: CMI_Trend_60 | CF19: CMI_Trend_20
B20: Closed-Cell PVC Structural Foam | C20: 0.2901 | D20: 0.3108 | E20: 0.2842 | F20: 0.2953 | G20: 0.2871 | H20: 0.3141 | I20: 0.3126 | J20: 0.2956 | K20: 0.3111 | L20: 0.2895 | M20: 0.3085 | N20: 0.2969 | O20: 0.2841 | P20: 0.3034 | Q20: 0.2938 | R20: 0.2927 | S20: 0.3178 | T20: 0.3104 | U20: 0.3133 | V20: 0.2887 | W20: 0.314 | X20: 0.2854 | Y20: 0.2981 | Z20: 0.3181 | AA20: 0.3165 | AB20: 0.2956 | AD20: Closed-Cell PVC Structural Foam | AE20: 0.032432382 | AF20: 0.020251972 | AG20: 0.023222004 | AH20: 0.032091987 | AI20: 0.026509312 | AJ20: 0.019778564 | AK20: 0.035155645 | AL20: 0.020649366 | AM20: 0.029924661 | AN20: 0.045383792 | AO20: 0.07563856 | AP20: 0.027093638 | AQ20: 0.040776314 | AR20: 0.060395762 | AS20: 0.034745207 | AT20: 0.054897504 | AU20: 0.033736169 | AV20: 0.040683835 | AW20: 0.021518159 | AX20: 0.028384667 | AY20: 0.031902238 | AZ20: 0.043465958 | BA20: 0.03776536 | BB20: 0.041311913 | BC20: 0.048438174 | BD20: 0.031639772 | BF20: Closed-Cell PVC Structural Foam | BG20: CMI_Trend_52 | BH20: CMI_Trend_20 | BI20: CMI_Trend_46 | BJ20: CMI_Trend_46 | BK20: CMI_Trend_20 | BL20: CMI_Trend_25 | BM20: CMI_Trend_60 | BN20: CMI_Trend_20 | BO20: CMI_Trend_46 | BP20: CMI_Trend_46 | BQ20: CMI_Trend_56 | BR20: CMI_Trend_46 | BS20: CMI_Trend_46 | BT20: CMI_Trend_20 | BU20: CMI_Trend_38 | BV20: CMI_Trend_52 | BW20: CMI_Trend_25 | BX20: CMI_Trend_60 | BY20: CMI_Trend_25 | BZ20: CMI_Trend_52 | CA20: CMI_Trend_56 | CB20: CMI_Trend_20 | CC20: CMI_Trend_38 | CD20: CMI_Trend_52 | CE20: CMI_Trend_56 | CF20: CMI_Trend_46
B21: High-Performance Engineering Polymer Foams | C21: 0.0593 | D21: 0.0531 | E21: 0.0413 | F21: 0.0413 | G21: 0.0464 | H21: 0.041 | I21: 0.0594 | J21: 0.045 | K21: 0.0425 | L21: 0.0498 | M21: 0.044 | N21: 0.06 | O21: 0.0499 | P21: 0.0558 | Q21: 0.0579 | R21: 0.0407 | S21: 0.0559 | T21: 0.0499 | U21: 0.0426 | V21: 0.0514 | W21: 0.0593 | X21: 0.0575 | Y21: 0.0522 | Z21: 0.0576 | AA21: 0.0424 | AB21: 0.0544 | AD21: High-Performance Engineering Polymer Foams | AE21: =SUMPRODUCT(AE22:AE24,C22:C24) -> 0.049209182 | AF21: =SUMPRODUCT(AF22:AF24,D22:D24) -> 0.037217272 | AG21: =SUMPRODUCT(AG22:AG24,E22:E24) -> 0.039715304 | AH21: =SUMPRODUCT(AH22:AH24,F22:F24) -> 0.048685987 | AI21: =SUMPRODUCT(AI22:AI24,G22:G24) -> 0.043124612 | AJ21: =SUMPRODUCT(AJ22:AJ24,H22:H24) -> 0.036365764 | AK21: =SUMPRODUCT(AK22:AK24,I22:I24) -> 0.051501745 | AL21: =SUMPRODUCT(AL22:AL24,J22:J24) -> 0.033561666 | ... BD21: =SUMPRODUCT(BD22:BD24,AB22:AB24) -> 0.048616172 | BF21: High-Performance Engineering Polymer Foams | BG21: CMI_Trend_60 | BH21: CMI_Trend_46 | BI21: CMI_Trend_60 | BJ21: CMI_Trend_20 | BK21: CMI_Trend_60 | BL21: CMI_Trend_60 | BM21: CMI_Trend_38 | BN21: CMI_Trend_25 | BO21: CMI_Trend_60 | BP21: CMI_Trend_20 | BQ21: CMI_Trend_56 | BR21: CMI_Trend_60 | BS21: CMI_Trend_52 | BT21: CMI_Trend_56 | BU21: CMI_Trend_52 | BV21: CMI_Trend_56 | BW21: CMI_Trend_52 | BX21: CMI_Trend_25 | BY21: CMI_Trend_52 | BZ21: CMI_Trend_38 | CA21: CMI_Trend_25 | CB21: CMI_Trend_25 | CC21: CMI_Trend_60 | CD21: CMI_Trend_46 | CE21: CMI_Trend_20 | CF21: CMI_Trend_25
B22: Polyimide (PI) Foams | C22: 0.3174 | D22: 0.3047 | E22: 0.2997 | F22: 0.2864 | G22: 0.3041 | H22: 0.318 | I22: 0.3126 | J22: 0.2993 | K22: 0.2878 | L22: 0.3083 | M22: 0.2894 | N22: 0.2844 | O22: 0.2926 | P22: 0.2913 | Q22: 0.2933 | R22: 0.2911 | S22: 0.2989 | T22: 0.3076 | U22: 0.2915 | V22: 0.3056 | W22: 0.3062 | X22: 0.287 | Y22: 0.2875 | Z22: 0.3064 | AA22: 0.3066 | AB22: 0.3033 | AD22: Polyimide (PI) Foams | AE22: 0.047432382 | AF22: 0.035251972 | AG22: 0.038222004 | AH22: 0.047091987 | AI22: 0.041509312 | AJ22: 0.034778564 | AK22: 0.050155645 | AL22: 0.031649366 | AM22: 0.044924661 | AN22: 0.060383792 | AO22: 0.09063856 | AP22: 0.042093638 | AQ22: 0.055776314 | AR22: 0.075395762 | AS22: 0.049745207 | AT22: 0.069897504 | AU22: 0.048736169 | AV22: 0.055683835 | AW22: 0.036518159 | AX22: 0.043384667 | AY22: 0.046902238 | AZ22: 0.058465958 | BA22: 0.05276536 | BB22: 0.056311913 | BC22: 0.063438174 | BD22: 0.046639772 | BF22: Polyimide (PI) Foams | BG22: CMI_Trend_25 | BH22: CMI_Trend_25 | BI22: CMI_Trend_46 | BJ22: CMI_Trend_60 | BK22: CMI_Trend_20 | BL22: CMI_Trend_60 | BM22: CMI_Trend_46 | BN22: CMI_Trend_56 | BO22: CMI_Trend_46 | BP22: CMI_Trend_25 | BQ22: CMI_Trend_20 | BR22: CMI_Trend_60 | BS22: CMI_Trend_20 | BT22: CMI_Trend_52 | BU22: CMI_Trend_46 | BV22: CMI_Trend_52 | BW22: CMI_Trend_25 | BX22: CMI_Trend_20 | BY22: CMI_Trend_20 | BZ22: CMI_Trend_56 | CA22: CMI_Trend_25 | CB22: CMI_Trend_60 | CC22: CMI_Trend_52 | CD22: CMI_Trend_52 | CE22: CMI_Trend_38 | CF22: CMI_Trend_25
B23: Phenolic Foams | C23: 0.3376 | D23: 0.3357 | E23: 0.3637 | F23: 0.3668 | G23: 0.3545 | H23: 0.3472 | I23: 0.3633 | J23: 0.3419 | K23: 0.333 | L23: 0.3639 | M23: 0.3334 | N23: 0.3553 | O23: 0.3568 | P23: 0.3377 | Q23: 0.3661 | R23: 0.3361 | S23: 0.3626 | T23: 0.3446 | U23: 0.3332 | V23: 0.3511 | W23: 0.3445 | X23: 0.3419 | Y23: 0.3562 | Z23: 0.3651 | AA23: 0.3455 | AB23: 0.336 | AD23: Phenolic Foams | AE23: 0.040432382 | AF23: 0.028251972 | AG23: 0.031222004 | AH23: 0.040091987 | AI23: 0.034509312 | AJ23: 0.027778564 | AK23: 0.043155645 | AL23: 0.024649366 | AM23: 0.037924661 | AN23: 0.053383792 | AO23: 0.08363856 | AP23: 0.035093638 | AQ23: 0.048776314 | AR23: 0.068395762 | AS23: 0.042745207 | AT23: 0.062897504 | AU23: 0.041736169 | AV23: 0.048683835 | AW23: 0.029518159 | AX23: 0.036384667 | AY23: 0.039902238 | AZ23: 0.051465958 | BA23: 0.04576536 | BB23: 0.049311913 | BC23: 0.056438174 | BD23: 0.039639772 | BF23: Phenolic Foams | BG23: CMI_Trend_38 | BH23: CMI_Trend_52 | BI23: CMI_Trend_46 | BJ23: CMI_Trend_20 | BK23: CMI_Trend_60 | BL23: CMI_Trend_56 | BM23: CMI_Trend_56 | BN23: CMI_Trend_60 | BO23: CMI_Trend_20 | BP23: CMI_Trend_25 | BQ23: CMI_Trend_56 | BR23: CMI_Trend_52 | BS23: CMI_Trend_60 | BT23: CMI_Trend_25 | BU23: CMI_Trend_46 | BV23: CMI_Trend_56 | BW23: CMI_Trend_20 | BX23: CMI_Trend_25 | BY23: CMI_Trend_52 | BZ23: CMI_Trend_56 | CA23: CMI_Trend_60 | CB23: CMI_Trend_52 | CC23: CMI_Trend_38 | CD23: CMI_Trend_46 | CE23: CMI_Trend_52 | CF23: CMI_Trend_52
B24: Advanced Thermoplastic Foams | C24: =1-SUM(C22:C23) -> 0.345 | D24: =1-SUM(D22:D23) -> 0.3596 | E24: =1-SUM(E22:E23) -> 0.3366 | F24: =1-SUM(F22:F23) -> 0.3468 | G24: =1-SUM(G22:G23) -> 0.3414 | H24: =1-SUM(H22:H23) -> 0.3348 | I24: =1-SUM(I22:I23) -> 0.3241 | J24: =1-SUM(J22:J23) -> 0.3588 | ... AB24: =1-SUM(AB22:AB23) -> 0.3607 | AD24: Advanced Thermoplastic Foams | AE24: 0.059432382 | AF24: 0.047251972 | AG24: 0.050222004 | AH24: 0.059091987 | AI24: 0.053509312 | AJ24: 0.046778564 | AK24: 0.062155645 | AL24: 0.043649366 | AM24: 0.056924661 | AN24: 0.072383792 | AO24: 0.10263856 | AP24: 0.054093638 | AQ24: 0.067776314 | AR24: 0.087395762 | AS24: 0.061745207 | AT24: 0.081897504 | AU24: 0.060736169 | AV24: 0.067683835 | AW24: 0.048518159 | AX24: 0.055384667 | AY24: 0.058902238 | AZ24: 0.070465958 | BA24: 0.06476536 | BB24: 0.068311913 | BC24: 0.075438174 | BD24: 0.058639772 | BF24: Advanced Thermoplastic Foams | BG24: CMI_Trend_46 | BH24: CMI_Trend_52 | BI24: CMI_Trend_20 | BJ24: CMI_Trend_52 | BK24: CMI_Trend_20 | BL24: CMI_Trend_52 | BM24: CMI_Trend_20 | BN24: CMI_Trend_20 | BO24: CMI_Trend_25 | BP24: CMI_Trend_46 | BQ24: CMI_Trend_38 | BR24: CMI_Trend_25 | BS24: CMI_Trend_20 | BT24: CMI_Trend_56 | BU24: CMI_Trend_38 | BV24: CMI_Trend_56 | BW24: CMI_Trend_56 | BX24: CMI_Trend_20 | BY24: CMI_Trend_38 | BZ24: CMI_Trend_56 | CA24: CMI_Trend_46 | CB24: CMI_Trend_60 | CC24: CMI_Trend_25 | CD24: CMI_Trend_52 | CE24: CMI_Trend_52 | CF24: CMI_Trend_25
B25: Melamine Foams | C25: 0.022 | D25: 0.0193 | E25: 0.0212 | F25: 0.0204 | G25: 0.0168 | H25: 0.0228 | I25: 0.0187 | J25: 0.0191 | K25: 0.0219 | L25: 0.0151 | M25: 0.0216 | N25: 0.0198 | O25: 0.0165 | P25: 0.0223 | Q25: 0.0127 | R25: 0.0219 | S25: 0.0198 | T25: 0.0172 | U25: 0.0184 | V25: 0.0213 | W25: 0.0124 | X25: 0.0202 | Y25: 0.0189 | Z25: 0.0161 | AA25: 0.0216 | AB25: 0.0161 | AD25: Melamine Foams | AE25: 0.035178354 | AF25: 0.022997944 | AG25: 0.025967976 | AH25: 0.03483796 | AI25: 0.029255285 | AJ25: 0.022524536 | AK25: 0.037901617 | AL25: 0.019395338 | AM25: 0.032670633 | AN25: 0.048129764 | AO25: 0.078384532 | AP25: 0.029839611 | AQ25: 0.043522286 | AR25: 0.063141735 | AS25: 0.037491179 | AT25: 0.057643477 | AU25: 0.036482141 | AV25: 0.043429807 | AW25: 0.024264131 | AX25: 0.03113064 | AY25: 0.034648211 | AZ25: 0.046211931 | BA25: 0.040511332 | BB25: 0.044057886 | BC25: 0.051184147 | BD25: 0.034385744 | BF25: Melamine Foams | BG25: CMI_Trend_52 | BH25: CMI_Trend_20 | BI25: CMI_Trend_46 | BJ25: CMI_Trend_25 | BK25: CMI_Trend_56 | BL25: CMI_Trend_52 | BM25: CMI_Trend_46 | BN25: CMI_Trend_52 | BO25: CMI_Trend_56 | BP25: CMI_Trend_56 | BQ25: CMI_Trend_60 | BR25: CMI_Trend_25 | BS25: CMI_Trend_52 | BT25: CMI_Trend_52 | BU25: CMI_Trend_56 | BV25: CMI_Trend_56 | BW25: CMI_Trend_25 | BX25: CMI_Trend_56 | BY25: CMI_Trend_56 | BZ25: CMI_Trend_56 | CA25: CMI_Trend_60 | CB25: CMI_Trend_56 | CC25: CMI_Trend_38 | CD25: CMI_Trend_20 | CE25: CMI_Trend_25 | CF25: CMI_Trend_52
B26: Elastomeric & Specialty Foams | C26: 0.0688 | D26: 0.0582 | E26: 0.0515 | F26: 0.0614 | G26: 0.0512 | H26: 0.0591 | I26: 0.0684 | J26: 0.0681 | K26: 0.0517 | L26: 0.0565 | M26: 0.064 | N26: 0.0653 | O26: 0.0676 | P26: 0.059 | Q26: 0.051 | R26: 0.0547 | S26: 0.0685 | T26: 0.0633 | U26: 0.0533 | V26: 0.0698 | W26: 0.0598 | X26: 0.0576 | Y26: 0.063 | Z26: 0.0563 | AA26: 0.0514 | AB26: 0.0674 | AD26: Elastomeric & Specialty Foams | AE26: 0.057102382 | AF26: 0.044921972 | AG26: 0.047892004 | AH26: 0.056761987 | AI26: 0.051179312 | AJ26: 0.044448564 | AK26: 0.059825645 | AL26: 0.041319366 | AM26: 0.054594661 | AN26: 0.070053792 | AO26: 0.10030856 | AP26: 0.051763638 | AQ26: 0.065446314 | AR26: 0.085065762 | AS26: 0.059415207 | AT26: 0.079567504 | AU26: 0.058406169 | AV26: 0.065353835 | AW26: 0.046188159 | AX26: 0.053054667 | AY26: 0.056572238 | AZ26: 0.068135958 | BA26: 0.06243536 | BB26: 0.065981913 | BC26: 0.073108174 | BD26: 0.056309772 | BF26: Elastomeric & Specialty Foams | BG26: CMI_Trend_46 | BH26: CMI_Trend_56 | BI26: CMI_Trend_60 | BJ26: CMI_Trend_56 | BK26: CMI_Trend_20 | BL26: CMI_Trend_38 | BM26: CMI_Trend_46 | BN26: CMI_Trend_20 | BO26: CMI_Trend_60 | BP26: CMI_Trend_52 | BQ26: CMI_Trend_56 | BR26: CMI_Trend_60 | BS26: CMI_Trend_60 | BT26: CMI_Trend_56 | BU26: CMI_Trend_38 | BV26: CMI_Trend_46 | BW26: CMI_Trend_52 | BX26: CMI_Trend_25 | BY26: CMI_Trend_46 | BZ26: CMI_Trend_46 | CA26: CMI_Trend_46 | CB26: CMI_Trend_20 | CC26: CMI_Trend_46 | CD26: CMI_Trend_46 | CE26: CMI_Trend_20 | CF26: CMI_Trend_25
B27: Bio-Based & Sustainable Foams | C27: 0.0538 | D27: 0.0439 | E27: 0.0395 | F27: 0.0531 | G27: 0.0399 | H27: 0.0547 | I27: 0.0545 | J27: 0.0512 | K27: 0.0491 | L27: 0.0535 | M27: 0.0489 | N27: 0.0538 | O27: 0.0396 | P27: 0.0375 | Q27: 0.0388 | R27: 0.0402 | S27: 0.0486 | T27: 0.0535 | U27: 0.0488 | V27: 0.0523 | W27: 0.0546 | X27: 0.048 | Y27: 0.04 | Z27: 0.05 | AA27: 0.0532 | AB27: 0.0528 | AD27: Bio-Based & Sustainable Foams | AE27: 0.069432382 | AF27: 0.057251972 | AG27: 0.060222004 | AH27: 0.069091987 | AI27: 0.063509312 | AJ27: 0.056778564 | AK27: 0.072155645 | AL27: 0.053649366 | AM27: 0.066924661 | AN27: 0.082383792 | AO27: 0.11263856 | AP27: 0.064093638 | AQ27: 0.077776314 | AR27: 0.097395762 | AS27: 0.071745207 | AT27: 0.091897504 | AU27: 0.070736169 | AV27: 0.077683835 | AW27: 0.058518159 | AX27: 0.065384667 | AY27: 0.068902238 | AZ27: 0.080465958 | BA27: 0.07476536 | BB27: 0.078311913 | BC27: 0.085438174 | BD27: 0.068639772 | BF27: Bio-Based & Sustainable Foams | BG27: CMI_Trend_38 | BH27: CMI_Trend_20 | BI27: CMI_Trend_46 | BJ27: CMI_Trend_60 | BK27: CMI_Trend_38 | BL27: CMI_Trend_60 | BM27: CMI_Trend_38 | BN27: CMI_Trend_38 | BO27: CMI_Trend_46 | BP27: CMI_Trend_38 | BQ27: CMI_Trend_46 | BR27: CMI_Trend_20 | BS27: CMI_Trend_38 | BT27: CMI_Trend_20 | BU27: CMI_Trend_60 | BV27: CMI_Trend_46 | BW27: CMI_Trend_56 | BX27: CMI_Trend_56 | BY27: CMI_Trend_46 | BZ27: CMI_Trend_46 | CA27: CMI_Trend_56 | CB27: CMI_Trend_20 | CC27: CMI_Trend_46 | CD27: CMI_Trend_25 | CE27: CMI_Trend_60 | CF27: CMI_Trend_56
B29: By Density | AD29: By Density | BF29: By Density
B30: Ultra-Low Density: < 15 | C30: =1-SUM(C31:C34) -> 0.1497 | D30: =1-SUM(D31:D34) -> 0.1656 | E30: =1-SUM(E31:E34) -> 0.1427 | F30: =1-SUM(F31:F34) -> 0.0985 | G30: =1-SUM(G31:G34) -> 0.1106 | H30: =1-SUM(H31:H34) -> 0.1578 | I30: =1-SUM(I31:I34) -> 0.143 | J30: =1-SUM(J31:J34) -> 0.142 | ... AB30: =1-SUM(AB31:AB34) -> 0.136 | AD30: Ultra-Low Density: < 15 | AE30: 0.032138565 | AF30: 0.019919679 | AG30: 0.022885417 | AH30: 0.031316901 | AI30: 0.025470446 | AJ30: 0.019555766 | AK30: 0.035320548 | AL30: 0.016707287 | AM30: 0.029441938 | AN30: 0.044723291 | AO30: 0.075868025 | AP30: 0.026795144 | AQ30: 0.039797344 | AR30: 0.060313003 | AS30: 0.034366083 | AT30: 0.053570044 | AU30: 0.033492595 | AV30: 0.040638695 | AW30: 0.02084272 | AX30: 0.028441756 | AY30: 0.031068855 | AZ30: 0.043372055 | BA30: 0.036652955 | BB30: 0.041417947 | BC30: 0.048426609 | BD30: 0.032028909 | BF30: Ultra-Low Density: < 15 | BG30: CMI_Trend_60 | BH30: CMI_Trend_52 | BI30: CMI_Trend_56 | BJ30: CMI_Trend_20 | BK30: CMI_Trend_46 | BL30: CMI_Trend_52 | BM30: CMI_Trend_56 | BN30: CMI_Trend_38 | BO30: CMI_Trend_46 | BP30: CMI_Trend_60 | BQ30: CMI_Trend_52 | BR30: CMI_Trend_20 | BS30: CMI_Trend_46 | BT30: CMI_Trend_56 | BU30: CMI_Trend_56 | BV30: CMI_Trend_20 | BW30: CMI_Trend_60 | BX30: CMI_Trend_20 | BY30: CMI_Trend_52 | BZ30: CMI_Trend_20 | CA30: CMI_Trend_38 | CB30: CMI_Trend_20 | CC30: CMI_Trend_60 | CD30: CMI_Trend_46 | CE30: CMI_Trend_25 | CF30: CMI_Trend_60
B31: Low Density: 15 – 30 | C31: 0.2668 | D31: 0.2769 | E31: 0.2936 | F31: 0.2968 | G31: 0.2916 | H31: 0.2668 | I31: 0.278 | J31: 0.2807 | K31: 0.2777 | L31: 0.2914 | M31: 0.2963 | N31: 0.2643 | O31: 0.2711 | P31: 0.2742 | Q31: 0.2646 | R31: 0.263 | S31: 0.2741 | T31: 0.2834 | U31: 0.2641 | V31: 0.2745 | W31: 0.2842 | X31: 0.282 | Y31: 0.2963 | Z31: 0.28 | AA31: 0.2878 | AB31: 0.2919 | AD31: Low Density: 15 – 30 | AE31: 0.035138565 | AF31: 0.022919679 | AG31: 0.025885417 | AH31: 0.034316901 | AI31: 0.028470446 | AJ31: 0.022555766 | AK31: 0.038320548 | AL31: 0.019707287 | AM31: 0.032441938 | AN31: 0.047723291 | AO31: 0.078868025 | AP31: 0.029795144 | AQ31: 0.042797344 | AR31: 0.063313003 | AS31: 0.037366083 | AT31: 0.056570044 | AU31: 0.036492595 | AV31: 0.043638695 | AW31: 0.02384272 | AX31: 0.031441756 | AY31: 0.034068855 | AZ31: 0.046372055 | BA31: 0.039652955 | BB31: 0.044417947 | BC31: 0.051426609 | BD31: 0.035028909 | BF31: Low Density: 15 – 30 | BG31: CMI_Trend_60 | BH31: CMI_Trend_56 | BI31: CMI_Trend_46 | BJ31: CMI_Trend_38 | BK31: CMI_Trend_20 | BL31: CMI_Trend_25 | BM31: CMI_Trend_25 | BN31: CMI_Trend_52 | BO31: CMI_Trend_56 | BP31: CMI_Trend_38 | BQ31: CMI_Trend_56 | BR31: CMI_Trend_25 | BS31: CMI_Trend_56 | BT31: CMI_Trend_46 | BU31: CMI_Trend_25 | BV31: CMI_Trend_25 | BW31: CMI_Trend_46 | BX31: CMI_Trend_46 | BY31: CMI_Trend_52 | BZ31: CMI_Trend_56 | CA31: CMI_Trend_46 | CB31: CMI_Trend_38 | CC31: CMI_Trend_60 | CD31: CMI_Trend_56 | CE31: CMI_Trend_38 | CF31: CMI_Trend_56
B32: Medium Density: 30 – 80 | C32: 0.3248 | D32: 0.3262 | E32: 0.332 | F32: 0.3353 | G32: 0.3285 | H32: 0.3172 | I32: 0.3221 | J32: 0.3287 | K32: 0.3133 | L32: 0.3408 | M32: 0.3401 | N32: 0.3252 | O32: 0.3338 | P32: 0.3337 | Q32: 0.3406 | R32: 0.3137 | S32: 0.3427 | T32: 0.3224 | U32: 0.3142 | V32: 0.3248 | W32: 0.3358 | X32: 0.3135 | Y32: 0.3355 | Z32: 0.3255 | AA32: 0.3132 | AB32: 0.3306 | AD32: Medium Density: 30 – 80 | AE32: 0.040138565 | AF32: 0.027919679 | AG32: 0.030885417 | AH32: 0.039316901 | AI32: 0.033470446 | AJ32: 0.027555766 | AK32: 0.043320548 | AL32: 0.024707287 | AM32: 0.037441938 | AN32: 0.052723291 | AO32: 0.083868025 | AP32: 0.034795144 | AQ32: 0.047797344 | AR32: 0.068313003 | AS32: 0.042366083 | AT32: 0.061570044 | AU32: 0.041492595 | AV32: 0.048638695 | AW32: 0.02884272 | AX32: 0.036441756 | AY32: 0.039068855 | AZ32: 0.051372055 | BA32: 0.044652955 | BB32: 0.049417947 | BC32: 0.056426609 | BD32: 0.040028909 | BF32: Medium Density: 30 – 80 | BG32: CMI_Trend_46 | BH32: CMI_Trend_52 | BI32: CMI_Trend_46 | BJ32: CMI_Trend_20 | BK32: CMI_Trend_60 | BL32: CMI_Trend_38 | BM32: CMI_Trend_38 | BN32: CMI_Trend_25 | BO32: CMI_Trend_20 | BP32: CMI_Trend_38 | BQ32: CMI_Trend_52 | BR32: CMI_Trend_38 | BS32: CMI_Trend_60 | BT32: CMI_Trend_20 | BU32: CMI_Trend_52 | BV32: CMI_Trend_56 | BW32: CMI_Trend_25 | BX32: CMI_Trend_60 | BY32: CMI_Trend_56 | BZ32: CMI_Trend_25 | CA32: CMI_Trend_56 | CB32: CMI_Trend_25 | CC32: CMI_Trend_38 | CD32: CMI_Trend_52 | CE32: CMI_Trend_56 | CF32: CMI_Trend_60
B33: High Density: 80 – 250 | C33: 0.1803 | D33: 0.1692 | E33: 0.1644 | F33: 0.1974 | G33: 0.1922 | H33: 0.1799 | I33: 0.1947 | J33: 0.1698 | K33: 0.1891 | L33: 0.1798 | M33: 0.1705 | N33: 0.179 | O33: 0.1862 | P33: 0.1669 | Q33: 0.1753 | R33: 0.1964 | S33: 0.1647 | T33: 0.1647 | U33: 0.1876 | V33: 0.1724 | W33: 0.1966 | X33: 0.1912 | Y33: 0.1898 | Z33: 0.1792 | AA33: 0.1689 | AB33: 0.1768 | AD33: High Density: 80 – 250 | AE33: 0.050138565 | AF33: 0.037919679 | AG33: 0.040885417 | AH33: 0.049316901 | AI33: 0.043470446 | AJ33: 0.037555766 | AK33: 0.053320548 | AL33: 0.034707287 | AM33: 0.047441938 | AN33: 0.062723291 | AO33: 0.093868025 | AP33: 0.044795144 | AQ33: 0.057797344 | AR33: 0.078313003 | AS33: 0.052366083 | AT33: 0.071570044 | AU33: 0.051492595 | AV33: 0.058638695 | AW33: 0.03884272 | AX33: 0.046441756 | AY33: 0.049068855 | AZ33: 0.061372055 | BA33: 0.054652955 | BB33: 0.059417947 | BC33: 0.066426609 | BD33: 0.050028909 | BF33: High Density: 80 – 250 | BG33: CMI_Trend_52 | BH33: CMI_Trend_52 | BI33: CMI_Trend_60 | BJ33: CMI_Trend_20 | BK33: CMI_Trend_46 | BL33: CMI_Trend_52 | BM33: CMI_Trend_46 | BN33: CMI_Trend_46 | BO33: CMI_Trend_52 | BP33: CMI_Trend_56 | BQ33: CMI_Trend_20 | BR33: CMI_Trend_56 | BS33: CMI_Trend_38 | BT33: CMI_Trend_38 | BU33: CMI_Trend_25 | BV33: CMI_Trend_56 | BW33: CMI_Trend_52 | BX33: CMI_Trend_25 | BY33: CMI_Trend_25 | BZ33: CMI_Trend_38 | CA33: CMI_Trend_60 | CB33: CMI_Trend_25 | CC33: CMI_Trend_52 | CD33: CMI_Trend_25 | CE33: CMI_Trend_56 | CF33: CMI_Trend_52
B34: Ultra-High Density / Structural: > 250 | C34: 0.0784 | D34: 0.0621 | E34: 0.0673 | F34: 0.072 | G34: 0.0771 | H34: 0.0783 | I34: 0.0622 | J34: 0.0788 | K34: 0.0611 | L34: 0.0673 | M34: 0.0612 | N34: 0.0787 | O34: 0.0702 | P34: 0.0668 | Q34: 0.0639 | R34: 0.079 | S34: 0.0748 | T34: 0.0788 | U34: 0.0698 | V34: 0.0661 | W34: 0.0796 | X34: 0.0611 | Y34: 0.079 | Z34: 0.0703 | AA34: 0.0607 | AB34: 0.0647 | AD34: Ultra-High Density / Structural: > 250 | AE34: 0.058138565 | AF34: 0.045919679 | AG34: 0.048885417 | AH34: 0.057316901 | AI34: 0.051470446 | AJ34: 0.045555766 | AK34: 0.061320548 | AL34: 0.042707287 | AM34: 0.055441938 | AN34: 0.070723291 | AO34: 0.10186803 | AP34: 0.052795144 | AQ34: 0.065797344 | AR34: 0.086313003 | AS34: 0.060366083 | AT34: 0.079570044 | AU34: 0.059492595 | AV34: 0.066638695 | AW34: 0.04684272 | AX34: 0.054441756 | AY34: 0.057068855 | AZ34: 0.069372055 | BA34: 0.062652955 | BB34: 0.067417947 | BC34: 0.074426609 | BD34: 0.058028909 | BF34: Ultra-High Density / Structural: > 250 | BG34: CMI_Trend_56 | BH34: CMI_Trend_56 | BI34: CMI_Trend_38 | BJ34: CMI_Trend_60 | BK34: CMI_Trend_25 | BL34: CMI_Trend_52 | BM34: CMI_Trend_25 | BN34: CMI_Trend_46 | BO34: CMI_Trend_38 | BP34: CMI_Trend_38 | BQ34: CMI_Trend_52 | BR34: CMI_Trend_25 | BS34: CMI_Trend_60 | BT34: CMI_Trend_52 | BU34: CMI_Trend_46 | BV34: CMI_Trend_52 | BW34: CMI_Trend_60 | BX34: CMI_Trend_38 | BY34: CMI_Trend_60 | BZ34: CMI_Trend_60 | CA34: CMI_Trend_25 | CB34: CMI_Trend_20 | CC34: CMI_Trend_52 | CD34: CMI_Trend_52 | CE34: CMI_Trend_20 | CF34: CMI_Trend_60
B36: By Form | AD36: By Form | BF36: By Form
B37: Sheets & Boards | C37: =1-SUM(C38:C41) -> 0.3518 | D37: =1-SUM(D38:D41) -> 0.3578 | E37: =1-SUM(E38:E41) -> 0.3627 | F37: =1-SUM(F38:F41) -> 0.3337 | G37: =1-SUM(G38:G41) -> 0.3434 | H37: =1-SUM(H38:H41) -> 0.3305 | I37: =1-SUM(I38:I41) -> 0.3575 | J37: =1-SUM(J38:J41) -> 0.3681 | ... AB37: =1-SUM(AB38:AB41) -> 0.3617 | AD37: Sheets & Boards | AE37: 0.040870865 | AF37: 0.028577979 | AG37: 0.031408017 | AH37: 0.040568001 | AI37: 0.034764246 | AJ37: 0.028125166 | AK37: 0.043978648 | AL37: 0.025280887 | AM37: 0.038259538 | AN37: 0.053391891 | AO37: 0.084844625 | AP37: 0.035557744 | AQ37: 0.048597544 | AR37: 0.068940703 | AS37: 0.042635783 | AT37: 0.062924744 | AU37: 0.042156795 | AV37: 0.049280595 | AW37: 0.02966872 | AX37: 0.036510056 | AY37: 0.040222755 | AZ37: 0.052327955 | BA37: 0.045561255 | BB37: 0.050205847 | BC37: 0.056502109 | BD37: 0.040330009 | BF37: Sheets & Boards | BG37: CMI_Trend_56 | BH37: CMI_Trend_38 | BI37: CMI_Trend_25 | BJ37: CMI_Trend_46 | BK37: CMI_Trend_38 | BL37: CMI_Trend_25 | BM37: CMI_Trend_60 | BN37: CMI_Trend_20 | BO37: CMI_Trend_20 | BP37: CMI_Trend_20 | BQ37: CMI_Trend_38 | BR37: CMI_Trend_46 | BS37: CMI_Trend_56 | BT37: CMI_Trend_20 | BU37: CMI_Trend_25 | BV37: CMI_Trend_20 | BW37: CMI_Trend_38 | BX37: CMI_Trend_56 | BY37: CMI_Trend_38 | BZ37: CMI_Trend_38 | CA37: CMI_Trend_38 | CB37: CMI_Trend_56 | CC37: CMI_Trend_52 | CD37: CMI_Trend_52 | CE37: CMI_Trend_60 | CF37: CMI_Trend_56
B38: Rolls | C38: 0.095 | D38: 0.1011 | E38: 0.1077 | F38: 0.1108 | G38: 0.1071 | H38: 0.1096 | I38: 0.0885 | J38: 0.0929 | K38: 0.1028 | L38: 0.1085 | M38: 0.11 | N38: 0.1027 | O38: 0.0902 | P38: 0.0969 | Q38: 0.0913 | R38: 0.1117 | S38: 0.1014 | T38: 0.1072 | U38: 0.1103 | V38: 0.0894 | W38: 0.0933 | X38: 0.1107 | Y38: 0.0944 | Z38: 0.0885 | AA38: 0.0891 | AB38: 0.0904 | AD38: Rolls | AE38: 0.033870865 | AF38: 0.021577979 | AG38: 0.024408017 | AH38: 0.033568001 | AI38: 0.027764246 | AJ38: 0.021125166 | AK38: 0.036978648 | AL38: 0.018280887 | AM38: 0.031259538 | AN38: 0.046391891 | AO38: 0.077844625 | AP38: 0.028557744 | AQ38: 0.041597544 | AR38: 0.061940703 | AS38: 0.035635783 | AT38: 0.055924744 | AU38: 0.035156795 | AV38: 0.042280595 | AW38: 0.02266872 | AX38: 0.029510056 | AY38: 0.033222755 | AZ38: 0.045327955 | BA38: 0.038561255 | BB38: 0.043205847 | BC38: 0.049502109 | BD38: 0.033330009 | BF38: Rolls | BG38: CMI_Trend_25 | BH38: CMI_Trend_60 | BI38: CMI_Trend_46 | BJ38: CMI_Trend_52 | BK38: CMI_Trend_20 | BL38: CMI_Trend_60 | BM38: CMI_Trend_60 | BN38: CMI_Trend_46 | BO38: CMI_Trend_20 | BP38: CMI_Trend_25 | BQ38: CMI_Trend_38 | BR38: CMI_Trend_25 | BS38: CMI_Trend_60 | BT38: CMI_Trend_56 | BU38: CMI_Trend_46 | BV38: CMI_Trend_25 | BW38: CMI_Trend_38 | BX38: CMI_Trend_20 | BY38: CMI_Trend_25 | BZ38: CMI_Trend_25 | CA38: CMI_Trend_52 | CB38: CMI_Trend_52 | CC38: CMI_Trend_38 | CD38: CMI_Trend_60 | CE38: CMI_Trend_56 | CF38: CMI_Trend_25
B39: Blocks / Buns | C39: 0.2361 | D39: 0.2481 | E39: 0.2291 | F39: 0.2403 | G39: 0.2363 | H39: 0.2279 | I39: 0.2398 | J39: 0.229 | K39: 0.2563 | L39: 0.2408 | M39: 0.2564 | N39: 0.2334 | O39: 0.2414 | P39: 0.2421 | Q39: 0.2257 | R39: 0.2356 | S39: 0.2369 | T39: 0.2456 | U39: 0.224 | V39: 0.2238 | W39: 0.2432 | X39: 0.2389 | Y39: 0.2301 | Z39: 0.2532 | AA39: 0.2418 | AB39: 0.2237 | AD39: Blocks / Buns | AE39: 0.029870865 | AF39: 0.017577979 | AG39: 0.020408017 | AH39: 0.029568001 | AI39: 0.023764246 | AJ39: 0.017125166 | AK39: 0.032978648 | AL39: 0.014280887 | AM39: 0.027259538 | AN39: 0.042391891 | AO39: 0.073844625 | AP39: 0.024557744 | AQ39: 0.037597544 | AR39: 0.057940703 | AS39: 0.031635783 | AT39: 0.051924744 | AU39: 0.031156795 | AV39: 0.038280595 | AW39: 0.01866872 | AX39: 0.025510056 | AY39: 0.029222755 | AZ39: 0.041327955 | BA39: 0.034561255 | BB39: 0.039205847 | BC39: 0.045502109 | BD39: 0.029330009 | BF39: Blocks / Buns | BG39: CMI_Trend_60 | BH39: CMI_Trend_60 | BI39: CMI_Trend_38 | BJ39: CMI_Trend_46 | BK39: CMI_Trend_52 | BL39: CMI_Trend_20 | BM39: CMI_Trend_60 | BN39: CMI_Trend_60 | BO39: CMI_Trend_60 | BP39: CMI_Trend_20 | BQ39: CMI_Trend_25 | BR39: CMI_Trend_52 | BS39: CMI_Trend_60 | BT39: CMI_Trend_60 | BU39: CMI_Trend_56 | BV39: CMI_Trend_25 | BW39: CMI_Trend_46 | BX39: CMI_Trend_38 | BY39: CMI_Trend_20 | BZ39: CMI_Trend_60 | CA39: CMI_Trend_52 | CB39: CMI_Trend_60 | CC39: CMI_Trend_60 | CD39: CMI_Trend_46 | CE39: CMI_Trend_46 | CF39: CMI_Trend_38
B40: Molded & Fabricated Parts | C40: 0.2068 | D40: 0.201 | E40: 0.2012 | F40: 0.2086 | G40: 0.221 | H40: 0.2217 | I40: 0.2106 | J40: 0.1986 | K40: 0.222 | L40: 0.2247 | M40: 0.2051 | N40: 0.2008 | O40: 0.2105 | P40: 0.2011 | Q40: 0.2037 | R40: 0.207 | S40: 0.2064 | T40: 0.2151 | U40: 0.206 | V40: 0.2282 | W40: 0.2238 | X40: 0.2001 | Y40: 0.2259 | Z40: 0.2058 | AA40: 0.2046 | AB40: 0.2233 | AD40: Molded & Fabricated Parts | AE40: 0.047870865 | AF40: 0.035577979 | AG40: 0.038408017 | AH40: 0.047568001 | AI40: 0.041764246 | AJ40: 0.035125166 | AK40: 0.050978648 | AL40: 0.032280887 | AM40: 0.045259538 | AN40: 0.060391891 | AO40: 0.091844625 | AP40: 0.042557744 | AQ40: 0.055597544 | AR40: 0.075940703 | AS40: 0.049635783 | AT40: 0.069924744 | AU40: 0.049156795 | AV40: 0.056280595 | AW40: 0.03666872 | AX40: 0.043510056 | AY40: 0.047222755 | AZ40: 0.059327955 | BA40: 0.052561255 | BB40: 0.057205847 | BC40: 0.063502109 | BD40: 0.047330009 | BF40: Molded & Fabricated Parts | BG40: CMI_Trend_60 | BH40: CMI_Trend_60 | BI40: CMI_Trend_56 | BJ40: CMI_Trend_25 | BK40: CMI_Trend_38 | BL40: CMI_Trend_56 | BM40: CMI_Trend_20 | BN40: CMI_Trend_56 | BO40: CMI_Trend_60 | BP40: CMI_Trend_56 | BQ40: CMI_Trend_56 | BR40: CMI_Trend_20 | BS40: CMI_Trend_20 | BT40: CMI_Trend_52 | BU40: CMI_Trend_52 | BV40: CMI_Trend_46 | BW40: CMI_Trend_60 | BX40: CMI_Trend_38 | BY40: CMI_Trend_38 | BZ40: CMI_Trend_52 | CA40: CMI_Trend_60 | CB40: CMI_Trend_56 | CC40: CMI_Trend_46 | CD40: CMI_Trend_52 | CE40: CMI_Trend_38 | CF40: CMI_Trend_60
B41: Laminated / Composite Foam Structures | C41: 0.1103 | D41: 0.092 | E41: 0.0993 | F41: 0.1066 | G41: 0.0922 | H41: 0.1103 | I41: 0.1036 | J41: 0.1114 | K41: 0.0937 | L41: 0.1096 | M41: 0.0905 | N41: 0.1113 | O41: 0.1046 | P41: 0.0962 | Q41: 0.1101 | R41: 0.0911 | S41: 0.105 | T41: 0.1092 | U41: 0.0916 | V41: 0.1041 | W41: 0.1097 | X41: 0.0894 | Y41: 0.1091 | Z41: 0.1046 | AA41: 0.1102 | AB41: 0.1009 | AD41: Laminated / Composite Foam Structures | AE41: 0.056870865 | AF41: 0.044577979 | AG41: 0.047408017 | AH41: 0.056568001 | AI41: 0.050764246 | AJ41: 0.044125166 | AK41: 0.059978648 | AL41: 0.041280887 | AM41: 0.054259538 | AN41: 0.069391891 | AO41: 0.10084463 | AP41: 0.051557744 | AQ41: 0.064597544 | AR41: 0.084940703 | AS41: 0.058635783 | AT41: 0.078924744 | AU41: 0.058156795 | AV41: 0.065280595 | AW41: 0.04566872 | AX41: 0.052510056 | AY41: 0.056222755 | AZ41: 0.068327955 | BA41: 0.061561255 | BB41: 0.066205847 | BC41: 0.072502109 | BD41: 0.056330009 | BF41: Laminated / Composite Foam Structures | BG41: CMI_Trend_38 | BH41: CMI_Trend_38 | BI41: CMI_Trend_60 | BJ41: CMI_Trend_56 | BK41: CMI_Trend_56 | BL41: CMI_Trend_25 | BM41: CMI_Trend_38 | BN41: CMI_Trend_52 | BO41: CMI_Trend_56 | BP41: CMI_Trend_25 | BQ41: CMI_Trend_52 | BR41: CMI_Trend_25 | BS41: CMI_Trend_20 | BT41: CMI_Trend_60 | BU41: CMI_Trend_38 | BV41: CMI_Trend_56 | BW41: CMI_Trend_25 | BX41: CMI_Trend_20 | BY41: CMI_Trend_25 | BZ41: CMI_Trend_60 | CA41: CMI_Trend_25 | CB41: CMI_Trend_56 | CC41: CMI_Trend_20 | CD41: CMI_Trend_60 | CE41: CMI_Trend_20 | CF41: CMI_Trend_38
B43: End-Use | AD43: End-Use | AE43: =AE44*C44+AE49*C49+AE54*C54+AE59*C59+AE64*C64+AE68*C68 -> 0.040821165 | AF43: =AF44*D44+AF49*D49+AF54*D54+AF59*D59+AF64*D64+AF68*D68 -> 0.028738174 | AG43: =AG44*E44+AG49*E49+AG54*E54+AG59*E59+AG64*E64+AG68*E68 -> 0.031446031 | AH43: =AH44*F44+AH49*F49+AH54*F54+AH59*F59+AH64*F64+AH68*F68 -> 0.040314901 | AI43: =AI44*G44+AI49*G49+AI54*G54+AI59*G59+AI64*G64+AI68*G68 -> 0.034437446 | AJ43: =AJ44*H44+AJ49*H49+AJ54*H54+AJ59*H59+AJ64*H64+AJ68*H68 -> 0.028926577 | AK43: =AK44*I44+AK49*I49+AK54*I54+AK59*I59+AK64*I64+AK68*I68 -> 0.043853148 | AL43: =AL44*J44+AL49*J49+AL54*J54+AL59*J59+AL64*J64+AL68*J68 -> 0.026394666 | ... BD43: =BD44*AB44+BD49*AB49+BD54*AB54+BD59*AB59+BD64*AB64+BD68*AB68 -> 0.040414009 | BF43: End-Use
B44: Automotive | C44: =1-SUM(C49,C54,C59,C64,C68) -> 0.3122 | D44: =1-SUM(D49,D54,D59,D64,D68) -> 0.28406495 | E44: =1-SUM(E49,E54,E59,E64,E68) -> 0.2786 | F44: =1-SUM(F49,F54,F59,F64,F68) -> 0.2997 | G44: =1-SUM(G49,G54,G59,G64,G68) -> 0.3186 | H44: =1-SUM(H49,H54,H59,H64,H68) -> 0.3226 | I44: =1-SUM(I49,I54,I59,I64,I68) -> 0.2985 | J44: =1-SUM(J49,J54,J59,J64,J68) -> 0.2556 | ... AB44: =1-SUM(AB49,AB54,AB59,AB64,AB68) -> 0.3121 | AD44: Automotive | AE44: =SUMPRODUCT(AE45:AE48,C45:C48) -> 0.037977355 | AF44: =SUMPRODUCT(AF45:AF48,D45:D48) -> 0.024183329 | AG44: =SUMPRODUCT(AG45:AG48,E45:E48) -> 0.027578336 | AH44: =SUMPRODUCT(AH45:AH48,F45:F48) -> 0.036671545 | AI44: =SUMPRODUCT(AI45:AI48,G45:G48) -> 0.030737317 | AJ44: =SUMPRODUCT(AJ45:AJ48,H45:H48) -> 0.024981599 | AK44: =SUMPRODUCT(AK45:AK48,I45:I48) -> 0.039627146 | AL44: =SUMPRODUCT(AL45:AL48,J45:J48) -> 0.021640886 | ... BD44: =SUMPRODUCT(BD45:BD48,AB45:AB48) -> 0.037066266 | BF44: Automotive | BG44: CMI_Trend_20 | BH44: CMI_Trend_60 | BI44: CMI_Trend_38 | BJ44: CMI_Trend_25 | BK44: CMI_Trend_56 | BL44: CMI_Trend_56 | BM44: CMI_Trend_56 | BN44: CMI_Trend_60 | BO44: CMI_Trend_46 | BP44: CMI_Trend_52 | BQ44: CMI_Trend_20 | BR44: CMI_Trend_60 | BS44: CMI_Trend_25 | BT44: CMI_Trend_60 | BU44: CMI_Trend_56 | BV44: CMI_Trend_20 | BW44: CMI_Trend_20 | BX44: CMI_Trend_60 | BY44: CMI_Trend_52 | BZ44: CMI_Trend_25 | CA44: CMI_Trend_46 | CB44: CMI_Trend_38 | CC44: CMI_Trend_52 | CD44: CMI_Trend_56 | CE44: CMI_Trend_60 | CF44: CMI_Trend_20
B45: Seating & interior trim | C45: =1-SUM(C46:C48) -> 0.4607 | D45: =1-SUM(D46:D48) -> 0.4998 | E45: =1-SUM(E46:E48) -> 0.4761 | F45: =1-SUM(F46:F48) -> 0.4759 | G45: =1-SUM(G46:G48) -> 0.4831 | H45: =1-SUM(H46:H48) -> 0.4483 | I45: =1-SUM(I46:I48) -> 0.5028 | J45: =1-SUM(J46:J48) -> 0.476 | ... AB45: =1-SUM(AB46:AB48) -> 0.4806 | AD45: Seating & interior trim | AE45: 0.032357486 | AF45: 0.019073311 | AG45: 0.022118657 | AH45: 0.031290242 | AI45: 0.025521137 | AJ45: 0.019203457 | AK45: 0.034527598 | AL45: 0.016363453 | AM45: 0.029084504 | AN45: 0.044445517 | AO45: 0.075057781 | AP45: 0.026213299 | AQ45: 0.038982409 | AR45: 0.059607211 | AS45: 0.03402868 | AT45: 0.053354044 | AU45: 0.032808785 | AV45: 0.040415946 | AW45: 0.020158947 | AX45: 0.027688405 | AY45: 0.031561748 | AZ45: 0.043049435 | BA45: 0.036491773 | BB45: 0.041189014 | BC45: 0.047197665 | BD45: 0.031713633 | BF45: Seating & interior trim | BG45: CMI_Trend_25 | BH45: CMI_Trend_25 | BI45: CMI_Trend_52 | BJ45: CMI_Trend_38 | BK45: CMI_Trend_60 | BL45: CMI_Trend_38 | BM45: CMI_Trend_20 | BN45: CMI_Trend_20 | BO45: CMI_Trend_60 | BP45: CMI_Trend_38 | BQ45: CMI_Trend_52 | BR45: CMI_Trend_20 | BS45: CMI_Trend_46 | BT45: CMI_Trend_25 | BU45: CMI_Trend_56 | BV45: CMI_Trend_38 | BW45: CMI_Trend_60 | BX45: CMI_Trend_52 | BY45: CMI_Trend_56 | BZ45: CMI_Trend_38 | CA45: CMI_Trend_60 | CB45: CMI_Trend_20 | CC45: CMI_Trend_20 | CD45: CMI_Trend_56 | CE45: CMI_Trend_20 | CF45: CMI_Trend_38
B46: NVH insulation | C46: 0.2176 | D46: 0.2077 | E46: 0.2141 | F46: 0.2155 | G46: 0.2296 | H46: 0.22 | I46: 0.2089 | J46: 0.229 | K46: 0.2308 | L46: 0.2061 | M46: 0.2292 | N46: 0.2045 | O46: 0.2176 | P46: 0.2224 | Q46: 0.2224 | R46: 0.2322 | S46: 0.2201 | T46: 0.2211 | U46: 0.235 | V46: 0.212 | W46: 0.2074 | X46: 0.2113 | Y46: 0.2205 | Z46: 0.2333 | AA46: 0.2218 | AB46: 0.2137 | AD46: NVH insulation | AE46: 0.037859945 | AF46: 0.024575771 | AG46: 0.027621117 | AH46: 0.036792702 | AI46: 0.031023597 | AJ46: 0.024705917 | AK46: 0.040030058 | AL46: 0.021865913 | AM46: 0.034586963 | AN46: 0.049947976 | AO46: 0.080560241 | AP46: 0.031715759 | AQ46: 0.044484869 | AR46: 0.065109671 | AS46: 0.03953114 | AT46: 0.058856504 | AU46: 0.038311244 | AV46: 0.045918406 | AW46: 0.025661407 | AX46: 0.033190865 | AY46: 0.037064208 | AZ46: 0.048551895 | BA46: 0.041994233 | BB46: 0.046691474 | BC46: 0.052700125 | BD46: 0.037216093 | BF46: NVH insulation | BG46: CMI_Trend_25 | BH46: CMI_Trend_46 | BI46: CMI_Trend_46 | BJ46: CMI_Trend_46 | BK46: CMI_Trend_20 | BL46: CMI_Trend_38 | BM46: CMI_Trend_38 | BN46: CMI_Trend_52 | BO46: CMI_Trend_52 | BP46: CMI_Trend_52 | BQ46: CMI_Trend_46 | BR46: CMI_Trend_38 | BS46: CMI_Trend_52 | BT46: CMI_Trend_60 | BU46: CMI_Trend_56 | BV46: CMI_Trend_20 | BW46: CMI_Trend_38 | BX46: CMI_Trend_20 | BY46: CMI_Trend_60 | BZ46: CMI_Trend_38 | CA46: CMI_Trend_46 | CB46: CMI_Trend_25 | CC46: CMI_Trend_56 | CD46: CMI_Trend_38 | CE46: CMI_Trend_46 | CF46: CMI_Trend_20
B47: Thermal & impact protection | C47: 0.1998 | D47: 0.1924 | E47: 0.1879 | F47: 0.201 | G47: 0.1778 | H47: 0.2045 | I47: 0.1817 | J47: 0.1908 | K47: 0.1866 | L47: 0.1782 | M47: 0.1809 | N47: 0.1851 | O47: 0.1891 | P47: 0.1936 | Q47: 0.1806 | R47: 0.2053 | S47: 0.2034 | T47: 0.1914 | U47: 0.1829 | V47: 0.1763 | W47: 0.1917 | X47: 0.1821 | Y47: 0.2049 | Z47: 0.1824 | AA47: 0.1935 | AB47: 0.195 | AD47: Thermal & impact protection | AE47: 0.04420047 | AF47: 0.030916296 | AG47: 0.033961641 | AH47: 0.043133227 | AI47: 0.037364121 | AJ47: 0.031046442 | AK47: 0.046370583 | AL47: 0.028206437 | AM47: 0.040927488 | AN47: 0.056288501 | AO47: 0.086900765 | AP47: 0.038056284 | AQ47: 0.050825393 | AR47: 0.071450196 | AS47: 0.045871664 | AT47: 0.065197029 | AU47: 0.044651769 | AV47: 0.052258931 | AW47: 0.032001932 | AX47: 0.039531389 | AY47: 0.043404733 | AZ47: 0.05489242 | BA47: 0.048334758 | BB47: 0.053031999 | BC47: 0.05904065 | BD47: 0.043556617 | BF47: Thermal & impact protection | BG47: CMI_Trend_46 | BH47: CMI_Trend_60 | BI47: CMI_Trend_38 | BJ47: CMI_Trend_25 | BK47: CMI_Trend_60 | BL47: CMI_Trend_38 | BM47: CMI_Trend_38 | BN47: CMI_Trend_20 | BO47: CMI_Trend_60 | BP47: CMI_Trend_52 | BQ47: CMI_Trend_38 | BR47: CMI_Trend_20 | BS47: CMI_Trend_20 | BT47: CMI_Trend_25 | BU47: CMI_Trend_46 | BV47: CMI_Trend_56 | BW47: CMI_Trend_20 | BX47: CMI_Trend_60 | BY47: CMI_Trend_56 | BZ47: CMI_Trend_38 | CA47: CMI_Trend_52 | CB47: CMI_Trend_25 | CC47: CMI_Trend_46 | CD47: CMI_Trend_52 | CE47: CMI_Trend_60 | CF47: CMI_Trend_56
B48: Others (Headliners, Door Panels, etc.) | C48: 0.1219 | D48: 0.1001 | E48: 0.1219 | F48: 0.1076 | G48: 0.1095 | H48: 0.1272 | I48: 0.1066 | J48: 0.1042 | K48: 0.1002 | L48: 0.117 | M48: 0.1023 | N48: 0.1132 | O48: 0.1189 | P48: 0.1102 | Q48: 0.1147 | R48: 0.1026 | S48: 0.1253 | T48: 0.0979 | U48: 0.1073 | V48: 0.1156 | W48: 0.1203 | X48: 0.1013 | Y48: 0.117 | Z48: 0.1061 | AA48: 0.1 | AB48: 0.1107 | AD48: Others (Headliners, Door Panels, etc.) | AE48: 0.049226281 | AF48: 0.035942106 | AG48: 0.038987452 | AH48: 0.048159038 | AI48: 0.042389932 | AJ48: 0.036072252 | AK48: 0.051396393 | AL48: 0.033232248 | AM48: 0.045953299 | AN48: 0.061314312 | AO48: 0.091926576 | AP48: 0.043082094 | AQ48: 0.055851204 | AR48: 0.076476006 | AS48: 0.050897475 | AT48: 0.070222839 | AU48: 0.04967758 | AV48: 0.057284742 | AW48: 0.037027742 | AX48: 0.0445572 | AY48: 0.048430544 | AZ48: 0.05991823 | BA48: 0.053360568 | BB48: 0.05805781 | BC48: 0.06406646 | BD48: 0.048582428 | BF48: Others (Headliners, Door Panels, etc.) | BG48: CMI_Trend_20 | BH48: CMI_Trend_38 | BI48: CMI_Trend_25 | BJ48: CMI_Trend_25 | BK48: CMI_Trend_60 | BL48: CMI_Trend_38 | BM48: CMI_Trend_56 | BN48: CMI_Trend_52 | BO48: CMI_Trend_46 | BP48: CMI_Trend_20 | BQ48: CMI_Trend_56 | BR48: CMI_Trend_52 | BS48: CMI_Trend_20 | BT48: CMI_Trend_46 | BU48: CMI_Trend_25 | BV48: CMI_Trend_25 | BW48: CMI_Trend_46 | BX48: CMI_Trend_52 | BY48: CMI_Trend_20 | BZ48: CMI_Trend_38 | CA48: CMI_Trend_38 | CB48: CMI_Trend_25 | CC48: CMI_Trend_38 | CD48: CMI_Trend_52 | CE48: CMI_Trend_38 | CF48: CMI_Trend_60
B49: Building & Construction | C49: 0.1956 | D49: 0.2183 | E49: 0.2192 | F49: 0.1992 | G49: 0.211 | H49: 0.2135 | I49: 0.2105 | J49: 0.217 | K49: 0.2007 | L49: 0.1979 | M49: 0.2151 | N49: 0.2196 | O49: 0.218 | P49: 0.1973 | Q49: 0.1999 | R49: 0.1942 | S49: 0.219 | T49: 0.2125 | U49: 0.2196 | V49: 0.218 | W49: 0.1975 | X49: 0.2012 | Y49: 0.2154 | Z49: 0.2152 | AA49: 0.2233 | AB49: 0.2005 | AD49: Building & Construction | AE49: =SUMPRODUCT(AE50:AE53,C50:C53) -> 0.049920621 | AF49: =SUMPRODUCT(AF50:AF53,D50:D53) -> 0.036886398 | AG49: =SUMPRODUCT(AG50:AG53,E50:E53) -> 0.040054936 | AH49: =SUMPRODUCT(AH50:AH53,F50:F53) -> 0.04888269 | AI49: =SUMPRODUCT(AI50:AI53,G50:G53) -> 0.043156106 | AJ49: =SUMPRODUCT(AJ50:AJ53,H50:H53) -> 0.037035096 | AK49: =SUMPRODUCT(AK50:AK53,I50:I53) -> 0.052186078 | AL49: =SUMPRODUCT(AL50:AL53,J50:J53) -> 0.033825089 | ... BD49: =SUMPRODUCT(BD50:BD53,AB50:AB53) -> 0.049307746 | BF49: Building & Construction | BG49: CMI_Trend_20 | BH49: CMI_Trend_56 | BI49: CMI_Trend_25 | BJ49: CMI_Trend_25 | BK49: CMI_Trend_20 | BL49: CMI_Trend_38 | BM49: CMI_Trend_52 | BN49: CMI_Trend_46 | BO49: CMI_Trend_46 | BP49: CMI_Trend_25 | BQ49: CMI_Trend_52 | BR49: CMI_Trend_52 | BS49: CMI_Trend_38 | BT49: CMI_Trend_56 | BU49: CMI_Trend_52 | BV49: CMI_Trend_46 | BW49: CMI_Trend_60 | BX49: CMI_Trend_20 | BY49: CMI_Trend_56 | BZ49: CMI_Trend_38 | CA49: CMI_Trend_20 | CB49: CMI_Trend_25 | CC49: CMI_Trend_20 | CD49: CMI_Trend_56 | CE49: CMI_Trend_46 | CF49: CMI_Trend_60
B50: Thermal insulation | C50: =1-SUM(C51:C53) -> 0.5813 | D50: =1-SUM(D51:D53) -> 0.5558 | E50: =1-SUM(E51:E53) -> 0.5417 | F50: =1-SUM(F51:F53) -> 0.5713 | G50: =1-SUM(G51:G53) -> 0.5566 | H50: =1-SUM(H51:H53) -> 0.5413 | I50: =1-SUM(I51:I53) -> 0.5605 | J50: =1-SUM(J51:J53) -> 0.5888 | ... AB50: =1-SUM(AB51:AB53) -> 0.5794 | AD50: Thermal insulation | AE50: 0.04498116 | AF50: 0.031696985 | AG50: 0.034742331 | AH50: 0.043913916 | AI50: 0.038144811 | AJ50: 0.031827131 | AK50: 0.047151272 | AL50: 0.028987127 | AM50: 0.041708178 | AN50: 0.057069191 | AO50: 0.087681455 | AP50: 0.038836973 | AQ50: 0.051606083 | AR50: 0.072230885 | AS50: 0.046652354 | AT50: 0.065977718 | AU50: 0.045432459 | AV50: 0.05303962 | AW50: 0.032782621 | AX50: 0.040312079 | AY50: 0.044185422 | AZ50: 0.055673109 | BA50: 0.049115447 | BB50: 0.053812688 | BC50: 0.059821339 | BD50: 0.044337307 | BF50: Thermal insulation | BG50: CMI_Trend_25 | BH50: CMI_Trend_20 | BI50: CMI_Trend_38 | BJ50: CMI_Trend_60 | BK50: CMI_Trend_25 | BL50: CMI_Trend_38 | BM50: CMI_Trend_60 | BN50: CMI_Trend_52 | BO50: CMI_Trend_52 | BP50: CMI_Trend_52 | BQ50: CMI_Trend_38 | BR50: CMI_Trend_60 | BS50: CMI_Trend_52 | BT50: CMI_Trend_20 | BU50: CMI_Trend_25 | BV50: CMI_Trend_38 | BW50: CMI_Trend_56 | BX50: CMI_Trend_46 | BY50: CMI_Trend_20 | BZ50: CMI_Trend_46 | CA50: CMI_Trend_46 | CB50: CMI_Trend_60 | CC50: CMI_Trend_20 | CD50: CMI_Trend_52 | CE50: CMI_Trend_46 | CF50: CMI_Trend_56
B51: Acoustic panels | C51: 0.1486 | D51: 0.1588 | E51: 0.161 | F51: 0.1586 | G51: 0.1734 | H51: 0.1759 | I51: 0.1629 | J51: 0.1438 | K51: 0.1614 | L51: 0.1743 | M51: 0.1721 | N51: 0.1612 | O51: 0.1762 | P51: 0.1536 | Q51: 0.1479 | R51: 0.1654 | S51: 0.1586 | T51: 0.1581 | U51: 0.1602 | V51: 0.1691 | W51: 0.1762 | X51: 0.1521 | Y51: 0.1679 | Z51: 0.1522 | AA51: 0.1744 | AB51: 0.1442 | AD51: Acoustic panels | AE51: 0.050285918 | AF51: 0.037001744 | AG51: 0.040047089 | AH51: 0.049218675 | AI51: 0.043449569 | AJ51: 0.03713189 | AK51: 0.052456031 | AL51: 0.034291885 | AM51: 0.047012936 | AN51: 0.062373949 | AO51: 0.092986213 | AP51: 0.044141732 | AQ51: 0.056910841 | AR51: 0.077535644 | AS51: 0.051957112 | AT51: 0.071282477 | AU51: 0.050737217 | AV51: 0.058344379 | AW51: 0.03808738 | AX51: 0.045616837 | AY51: 0.049490181 | AZ51: 0.060977868 | BA51: 0.054420206 | BB51: 0.059117447 | BC51: 0.065126098 | BD51: 0.049642065 | BF51: Acoustic panels | BG51: CMI_Trend_20 | BH51: CMI_Trend_46 | BI51: CMI_Trend_56 | BJ51: CMI_Trend_52 | BK51: CMI_Trend_60 | BL51: CMI_Trend_25 | BM51: CMI_Trend_46 | BN51: CMI_Trend_25 | BO51: CMI_Trend_56 | BP51: CMI_Trend_52 | BQ51: CMI_Trend_25 | BR51: CMI_Trend_25 | BS51: CMI_Trend_25 | BT51: CMI_Trend_25 | BU51: CMI_Trend_20 | BV51: CMI_Trend_46 | BW51: CMI_Trend_52 | BX51: CMI_Trend_20 | BY51: CMI_Trend_60 | BZ51: CMI_Trend_60 | CA51: CMI_Trend_25 | CB51: CMI_Trend_38 | CC51: CMI_Trend_52 | CD51: CMI_Trend_52 | CE51: CMI_Trend_46 | CF51: CMI_Trend_60
B52: Structural & fire-resistant insulation | C52: 0.1753 | D52: 0.1796 | E52: 0.1771 | F52: 0.1719 | G52: 0.1669 | H52: 0.1733 | I52: 0.168 | J52: 0.1686 | K52: 0.1686 | L52: 0.1703 | M52: 0.1721 | N52: 0.1802 | O52: 0.1551 | P52: 0.1818 | Q52: 0.1548 | R52: 0.1575 | S52: 0.165 | T52: 0.1782 | U52: 0.1854 | V52: 0.1652 | W52: 0.1575 | X52: 0.1557 | Y52: 0.1722 | Z52: 0.1762 | AA52: 0.1854 | AB52: 0.1733 | AD52: Structural & fire-resistant insulation | AE52: 0.06280039 | AF52: 0.049516216 | AG52: 0.052561561 | AH52: 0.061733147 | AI52: 0.055964041 | AJ52: 0.049646361 | AK52: 0.064970503 | AL52: 0.046806357 | AM52: 0.059527408 | AN52: 0.074888421 | AO52: 0.10550069 | AP52: 0.056656204 | AQ52: 0.069425313 | AR52: 0.090050116 | AS52: 0.064471584 | AT52: 0.083796949 | AU52: 0.063251689 | AV52: 0.070858851 | AW52: 0.050601852 | AX52: 0.058131309 | AY52: 0.062004653 | AZ52: 0.07349234 | BA52: 0.066934678 | BB52: 0.071631919 | BC52: 0.07764057 | BD52: 0.062156537 | BF52: Structural & fire-resistant insulation | BG52: CMI_Trend_25 | BH52: CMI_Trend_20 | BI52: CMI_Trend_46 | BJ52: CMI_Trend_52 | BK52: CMI_Trend_46 | BL52: CMI_Trend_60 | BM52: CMI_Trend_52 | BN52: CMI_Trend_60 | BO52: CMI_Trend_46 | BP52: CMI_Trend_38 | BQ52: CMI_Trend_25 | BR52: CMI_Trend_52 | BS52: CMI_Trend_56 | BT52: CMI_Trend_52 | BU52: CMI_Trend_60 | BV52: CMI_Trend_20 | BW52: CMI_Trend_56 | BX52: CMI_Trend_52 | BY52: CMI_Trend_60 | BZ52: CMI_Trend_56 | CA52: CMI_Trend_20 | CB52: CMI_Trend_52 | CC52: CMI_Trend_38 | CD52: CMI_Trend_52 | CE52: CMI_Trend_56 | CF52: CMI_Trend_56
B53: Others (Pipe Insulations, etc.) | C53: 0.0948 | D53: 0.1058 | E53: 0.1202 | F53: 0.0982 | G53: 0.1031 | H53: 0.1095 | I53: 0.1086 | J53: 0.0988 | K53: 0.1241 | L53: 0.101 | M53: 0.1073 | N53: 0.1013 | O53: 0.0975 | P53: 0.1052 | Q53: 0.1206 | R53: 0.0947 | S53: 0.0977 | T53: 0.1159 | U53: 0.1192 | V53: 0.1064 | W53: 0.1126 | X53: 0.1168 | Y53: 0.098 | Z53: 0.0953 | AA53: 0.118 | AB53: 0.1031 | AD53: Others (Pipe Insulations, etc.) | AE53: 0.055819377 | AF53: 0.042535202 | AG53: 0.045580548 | AH53: 0.054752133 | AI53: 0.048983028 | AJ53: 0.042665348 | AK53: 0.057989489 | AL53: 0.039825344 | AM53: 0.052546395 | AN53: 0.067907408 | AO53: 0.098519672 | AP53: 0.04967519 | AQ53: 0.0624443 | AR53: 0.083069102 | AS53: 0.057490571 | AT53: 0.076815935 | AU53: 0.056270676 | AV53: 0.063877837 | AW53: 0.043620838 | AX53: 0.051150296 | AY53: 0.055023639 | AZ53: 0.066511326 | BA53: 0.059953664 | BB53: 0.064650905 | BC53: 0.070659556 | BD53: 0.055175524 | BF53: Others (Pipe Insulations, etc.) | BG53: CMI_Trend_25 | BH53: CMI_Trend_46 | BI53: CMI_Trend_56 | BJ53: CMI_Trend_56 | BK53: CMI_Trend_38 | BL53: CMI_Trend_25 | BM53: CMI_Trend_38 | BN53: CMI_Trend_52 | BO53: CMI_Trend_25 | BP53: CMI_Trend_25 | BQ53: CMI_Trend_60 | BR53: CMI_Trend_46 | BS53: CMI_Trend_20 | BT53: CMI_Trend_56 | BU53: CMI_Trend_46 | BV53: CMI_Trend_56 | BW53: CMI_Trend_20 | BX53: CMI_Trend_46 | BY53: CMI_Trend_56 | BZ53: CMI_Trend_56 | CA53: CMI_Trend_60 | CB53: CMI_Trend_46 | CC53: CMI_Trend_20 | CD53: CMI_Trend_56 | CE53: CMI_Trend_25 | CF53: CMI_Trend_46
B54: Packaging & Logistics | C54: 0.1719 | D54: 0.1735 | E54: 0.1774 | F54: 0.1551 | G54: 0.1569 | H54: 0.1545 | I54: 0.1605 | J54: 0.1763 | K54: 0.1452 | L54: 0.1558 | M54: 0.1672 | N54: 0.162 | O54: 0.144 | P54: 0.153 | Q54: 0.1445 | R54: 0.1527 | S54: 0.1712 | T54: 0.156 | U54: 0.1733 | V54: 0.1755 | W54: 0.1656 | X54: 0.1568 | Y54: 0.165 | Z54: 0.1575 | AA54: 0.1628 | AB54: 0.166 | AD54: Packaging & Logistics | AE54: =SUMPRODUCT(AE55:AE58,C55:C58) -> 0.026186626 | AF54: =SUMPRODUCT(AF55:AF58,D55:D58) -> 0.017548143 | AG54: =SUMPRODUCT(AG55:AG58,E55:E58) -> 0.017776832 | AH54: =SUMPRODUCT(AH55:AH58,F55:F58) -> 0.025200378 | AI54: =SUMPRODUCT(AI55:AI58,G55:G58) -> 0.019135005 | AJ54: =SUMPRODUCT(AJ55:AJ58,H55:H58) -> 0.018051598 | AK54: =SUMPRODUCT(AK55:AK58,I55:I58) -> 0.028837954 | AL54: =SUMPRODUCT(AL55:AL58,J55:J58) -> 0.016556045 | ... BD54: =SUMPRODUCT(BD55:BD58,AB55:AB58) -> 0.025521454 | BF54: Packaging & Logistics | BG54: CMI_Trend_20 | BH54: CMI_Trend_25 | BI54: CMI_Trend_20 | BJ54: CMI_Trend_20 | BK54: CMI_Trend_20 | BL54: CMI_Trend_46 | BM54: CMI_Trend_52 | BN54: CMI_Trend_52 | BO54: CMI_Trend_38 | BP54: CMI_Trend_25 | BQ54: CMI_Trend_60 | BR54: CMI_Trend_52 | BS54: CMI_Trend_60 | BT54: CMI_Trend_52 | BU54: CMI_Trend_25 | BV54: CMI_Trend_52 | BW54: CMI_Trend_38 | BX54: CMI_Trend_38 | BY54: CMI_Trend_60 | BZ54: CMI_Trend_56 | CA54: CMI_Trend_20 | CB54: CMI_Trend_25 | CC54: CMI_Trend_25 | CD54: CMI_Trend_46 | CE54: CMI_Trend_25 | CF54: CMI_Trend_46
B55: Protective cushioning | C55: =1-SUM(C56:C58) -> 0.4068 | D55: =1-SUM(D56:D58) -> 0.3806 | E55: =1-SUM(E56:E58) -> 0.4014 | F55: =1-SUM(F56:F58) -> 0.4145 | G55: =1-SUM(G56:G58) -> 0.4326 | H55: =1-SUM(H56:H58) -> 0.4048 | I55: =1-SUM(I56:I58) -> 0.381 | J55: =1-SUM(J56:J58) -> 0.4124 | ... AB55: =1-SUM(AB56:AB58) -> 0.4091 | AD55: Protective cushioning | AE55: 0.02033861 | AF55: 0.014054436 | AG55: 0.013099781 | AH55: 0.019271367 | AI55: 0.013502261 | AJ55: 0.014184581 | AK55: 0.022508723 | AL55: 0.013344577 | AM55: 0.017065628 | AN55: 0.032426641 | AO55: 0.063038905 | AP55: 0.014194424 | AQ55: 0.026963533 | AR55: 0.047588336 | AS55: 0.022009804 | AT55: 0.041335169 | AU55: 0.020789909 | AV55: 0.028397071 | AW55: 0.014140072 | AX55: 0.015669529 | AY55: 0.019542873 | AZ55: 0.031030559 | BA55: 0.024472898 | BB55: 0.029170139 | BC55: 0.03517879 | BD55: 0.019694757 | BF55: Protective cushioning | BG55: CMI_Trend_20 | BH55: CMI_Trend_20 | BI55: CMI_Trend_25 | BJ55: CMI_Trend_60 | BK55: CMI_Trend_20 | BL55: CMI_Trend_60 | BM55: CMI_Trend_52 | BN55: CMI_Trend_46 | BO55: CMI_Trend_25 | BP55: CMI_Trend_20 | BQ55: CMI_Trend_38 | BR55: CMI_Trend_25 | BS55: CMI_Trend_56 | BT55: CMI_Trend_20 | BU55: CMI_Trend_56 | BV55: CMI_Trend_52 | BW55: CMI_Trend_60 | BX55: CMI_Trend_46 | BY55: CMI_Trend_60 | BZ55: CMI_Trend_60 | CA55: CMI_Trend_20 | CB55: CMI_Trend_60 | CC55: CMI_Trend_20 | CD55: CMI_Trend_25 | CE55: CMI_Trend_25 | CF55: CMI_Trend_25
B56: Cold-chain insulation | C56: 0.2006 | D56: 0.2245 | E56: 0.1969 | F56: 0.2123 | G56: 0.1973 | H56: 0.1986 | I56: 0.2257 | J56: 0.2128 | K56: 0.197 | L56: 0.2183 | M56: 0.205 | N56: 0.2096 | O56: 0.226 | P56: 0.1951 | Q56: 0.2098 | R56: 0.1946 | S56: 0.2208 | T56: 0.2141 | U56: 0.2019 | V56: 0.2168 | W56: 0.2211 | X56: 0.2264 | Y56: 0.2083 | Z56: 0.1983 | AA56: 0.1956 | AB56: 0.1945 | AD56: Cold-chain insulation | AE56: 0.036114592 | AF56: 0.022830418 | AG56: 0.025875763 | AH56: 0.035047349 | AI56: 0.029278244 | AJ56: 0.023960564 | AK56: 0.038284705 | AL56: 0.023120559 | AM56: 0.03284161 | AN56: 0.048202623 | AO56: 0.078814888 | AP56: 0.029970406 | AQ56: 0.042739516 | AR56: 0.063364318 | AS56: 0.037785787 | AT56: 0.057111151 | AU56: 0.036565891 | AV56: 0.044173053 | AW56: 0.023916054 | AX56: 0.031445512 | AY56: 0.035318855 | AZ56: 0.046806542 | BA56: 0.04024888 | BB56: 0.044946121 | BC56: 0.050954772 | BD56: 0.03547074 | BF56: Cold-chain insulation | BG56: CMI_Trend_56 | BH56: CMI_Trend_52 | BI56: CMI_Trend_56 | BJ56: CMI_Trend_20 | BK56: CMI_Trend_56 | BL56: CMI_Trend_38 | BM56: CMI_Trend_56 | BN56: CMI_Trend_46 | BO56: CMI_Trend_46 | BP56: CMI_Trend_46 | BQ56: CMI_Trend_25 | BR56: CMI_Trend_56 | BS56: CMI_Trend_46 | BT56: CMI_Trend_60 | BU56: CMI_Trend_56 | BV56: CMI_Trend_25 | BW56: CMI_Trend_38 | BX56: CMI_Trend_52 | BY56: CMI_Trend_52 | BZ56: CMI_Trend_25 | CA56: CMI_Trend_46 | CB56: CMI_Trend_38 | CC56: CMI_Trend_52 | CD56: CMI_Trend_52 | CE56: CMI_Trend_46 | CF56: CMI_Trend_38
B57: Transit & shock-absorbing packaging | C57: 0.2868 | D57: 0.2698 | E57: 0.2852 | F57: 0.2679 | G57: 0.2719 | H57: 0.2715 | I57: 0.2742 | J57: 0.2748 | K57: 0.2544 | L57: 0.2808 | M57: 0.2765 | N57: 0.2641 | O57: 0.2569 | P57: 0.2789 | Q57: 0.2575 | R57: 0.2654 | S57: 0.2755 | T57: 0.2839 | U57: 0.2781 | V57: 0.2577 | W57: 0.266 | X57: 0.2823 | Y57: 0.2854 | Z57: 0.2669 | AA57: 0.2783 | AB57: 0.2816 | AD57: Transit & shock-absorbing packaging | AE57: 0.025519837 | AF57: 0.017235663 | AG57: 0.017281008 | AH57: 0.024452594 | AI57: 0.018683488 | AJ57: 0.018365808 | AK57: 0.027689949 | AL57: 0.015525804 | AM57: 0.022246855 | AN57: 0.037607868 | AO57: 0.068220132 | AP57: 0.01937565 | AQ57: 0.03214476 | AR57: 0.052769563 | AS57: 0.027191031 | AT57: 0.046516395 | AU57: 0.025971136 | AV57: 0.033578298 | AW57: 0.017321299 | AX57: 0.020850756 | AY57: 0.0247241 | AZ57: 0.036211786 | BA57: 0.029654124 | BB57: 0.034351366 | BC57: 0.040360016 | BD57: 0.024875984 | BF57: Transit & shock-absorbing packaging | BG57: CMI_Trend_56 | BH57: CMI_Trend_52 | BI57: CMI_Trend_20 | BJ57: CMI_Trend_52 | BK57: CMI_Trend_60 | BL57: CMI_Trend_56 | BM57: CMI_Trend_46 | BN57: CMI_Trend_25 | BO57: CMI_Trend_38 | BP57: CMI_Trend_56 | BQ57: CMI_Trend_25 | BR57: CMI_Trend_46 | BS57: CMI_Trend_38 | BT57: CMI_Trend_20 | BU57: CMI_Trend_56 | BV57: CMI_Trend_46 | BW57: CMI_Trend_60 | BX57: CMI_Trend_60 | BY57: CMI_Trend_25 | BZ57: CMI_Trend_46 | CA57: CMI_Trend_25 | CB57: CMI_Trend_38 | CC57: CMI_Trend_38 | CD57: CMI_Trend_20 | CE57: CMI_Trend_46 | CF57: CMI_Trend_38
B58: Others (Reusable Packaging Inserts, etc.) | C58: 0.1058 | D58: 0.1251 | E58: 0.1165 | F58: 0.1053 | G58: 0.0982 | H58: 0.1251 | I58: 0.1191 | J58: 0.1 | K58: 0.1132 | L58: 0.0983 | M58: 0.1252 | N58: 0.1071 | O58: 0.1154 | P58: 0.1265 | Q58: 0.1141 | R58: 0.1196 | S58: 0.1196 | T58: 0.1271 | U58: 0.125 | V58: 0.1153 | W58: 0.1062 | X58: 0.1124 | Y58: 0.1056 | Z58: 0.1024 | AA58: 0.0994 | AB58: 0.1148 | AD58: Others (Reusable Packaging Inserts, etc.) | AE58: 0.031655987 | AF58: 0.019371812 | AG58: 0.021417158 | AH58: 0.030588744 | AI58: 0.024819638 | AJ58: 0.020501958 | AK58: 0.033826099 | AL58: 0.018661954 | AM58: 0.028383005 | AN58: 0.043744018 | AO58: 0.074356282 | AP58: 0.0255118 | AQ58: 0.03828091 | AR58: 0.058905712 | AS58: 0.033327181 | AT58: 0.052652545 | AU58: 0.032107286 | AV58: 0.039714448 | AW58: 0.021457448 | AX58: 0.026986906 | AY58: 0.03086025 | AZ58: 0.042347936 | BA58: 0.035790274 | BB58: 0.040487516 | BC58: 0.046496166 | BD58: 0.031012134 | BF58: Others (Reusable Packaging Inserts, etc.) | BG58: CMI_Trend_56 | BH58: CMI_Trend_52 | BI58: CMI_Trend_38 | BJ58: CMI_Trend_56 | BK58: CMI_Trend_52 | BL58: CMI_Trend_56 | BM58: CMI_Trend_60 | BN58: CMI_Trend_60 | BO58: CMI_Trend_20 | BP58: CMI_Trend_46 | BQ58: CMI_Trend_38 | BR58: CMI_Trend_60 | BS58: CMI_Trend_25 | BT58: CMI_Trend_20 | BU58: CMI_Trend_52 | BV58: CMI_Trend_60 | BW58: CMI_Trend_20 | BX58: CMI_Trend_25 | BY58: CMI_Trend_60 | BZ58: CMI_Trend_20 | CA58: CMI_Trend_20 | CB58: CMI_Trend_52 | CC58: CMI_Trend_25 | CD58: CMI_Trend_56 | CE58: CMI_Trend_46 | CF58: CMI_Trend_20
B59: Consumer Electronics | C59: 0.1204 | D59: 0.1232 | E59: 0.1334 | F59: 0.1427 | G59: 0.1382 | H59: 0.127 | I59: 0.1459 | J59: 0.1402 | K59: 0.1189 | L59: 0.1357 | M59: 0.1367 | N59: 0.1401 | O59: 0.1437 | P59: 0.1368 | Q59: 0.1223 | R59: 0.1394 | S59: 0.1374 | T59: 0.1158 | U59: 0.1412 | V59: 0.1392 | W59: 0.1197 | X59: 0.1271 | Y59: 0.1444 | Z59: 0.1202 | AA59: 0.1326 | AB59: 0.135 | AD59: Consumer Electronics | AE59: =SUMPRODUCT(AE60:AE63,C60:C63) -> 0.056600478 | AF59: =SUMPRODUCT(AF60:AF63,D60:D63) -> 0.043485843 | AG59: =SUMPRODUCT(AG60:AG63,E60:E63) -> 0.046589501 | AH59: =SUMPRODUCT(AH60:AH63,F60:F63) -> 0.055281404 | AI59: =SUMPRODUCT(AI60:AI63,G60:G63) -> 0.049826043 | AJ59: =SUMPRODUCT(AJ60:AJ63,H60:H63) -> 0.043423596 | AK59: =SUMPRODUCT(AK60:AK63,I60:I63) -> 0.059033138 | AL59: =SUMPRODUCT(AL60:AL63,J60:J63) -> 0.040335173 | ... BD59: =SUMPRODUCT(BD60:BD63,AB60:AB63) -> 0.05597288 | BF59: Consumer Electronics | BG59: CMI_Trend_52 | BH59: CMI_Trend_38 | BI59: CMI_Trend_20 | BJ59: CMI_Trend_60 | BK59: CMI_Trend_25 | BL59: CMI_Trend_46 | BM59: CMI_Trend_38 | BN59: CMI_Trend_38 | BO59: CMI_Trend_60 | BP59: CMI_Trend_60 | BQ59: CMI_Trend_60 | BR59: CMI_Trend_20 | BS59: CMI_Trend_46 | BT59: CMI_Trend_38 | BU59: CMI_Trend_25 | BV59: CMI_Trend_38 | BW59: CMI_Trend_60 | BX59: CMI_Trend_46 | BY59: CMI_Trend_25 | BZ59: CMI_Trend_56 | CA59: CMI_Trend_20 | CB59: CMI_Trend_46 | CC59: CMI_Trend_38 | CD59: CMI_Trend_46 | CE59: CMI_Trend_56 | CF59: CMI_Trend_38
B60: Component cushioning | C60: =1-SUM(C61:C63) -> 0.4638 | D60: =1-SUM(D61:D63) -> 0.4611 | E60: =1-SUM(E61:E63) -> 0.4479 | F60: =1-SUM(F61:F63) -> 0.4777 | G60: =1-SUM(G61:G63) -> 0.4895 | H60: =1-SUM(H61:H63) -> 0.4619 | I60: =1-SUM(I61:I63) -> 0.4603 | J60: =1-SUM(J61:J63) -> 0.4681 | ... AB60: =1-SUM(AB61:AB63) -> 0.4854 | AD60: Component cushioning | AE60: 0.052661139 | AF60: 0.039376965 | AG60: 0.04242231 | AH60: 0.051593896 | AI60: 0.045824791 | AJ60: 0.039507111 | AK60: 0.054831252 | AL60: 0.036667107 | AM60: 0.049388157 | AN60: 0.06474917 | AO60: 0.095361435 | AP60: 0.046516953 | AQ60: 0.059286063 | AR60: 0.079910865 | AS60: 0.054332334 | AT60: 0.073657698 | AU60: 0.053112438 | AV60: 0.0607196 | AW60: 0.040462601 | AX60: 0.047992059 | AY60: 0.051865402 | AZ60: 0.063353089 | BA60: 0.056795427 | BB60: 0.061492668 | BC60: 0.067501319 | BD60: 0.052017287 | BF60: Component cushioning | BG60: CMI_Trend_52 | BH60: CMI_Trend_46 | BI60: CMI_Trend_25 | BJ60: CMI_Trend_25 | BK60: CMI_Trend_52 | BL60: CMI_Trend_52 | BM60: CMI_Trend_52 | BN60: CMI_Trend_25 | BO60: CMI_Trend_56 | BP60: CMI_Trend_20 | BQ60: CMI_Trend_56 | BR60: CMI_Trend_38 | BS60: CMI_Trend_60 | BT60: CMI_Trend_60 | BU60: CMI_Trend_56 | BV60: CMI_Trend_56 | BW60: CMI_Trend_46 | BX60: CMI_Trend_52 | BY60: CMI_Trend_46 | BZ60: CMI_Trend_46 | CA60: CMI_Trend_52 | CB60: CMI_Trend_56 | CC60: CMI_Trend_56 | CD60: CMI_Trend_52 | CE60: CMI_Trend_25 | CF60: CMI_Trend_60
B61: Thermal management | C61: 0.238 | D61: 0.2343 | E61: 0.2385 | F61: 0.2242 | G61: 0.2327 | H61: 0.2381 | I61: 0.237 | J61: 0.214 | K61: 0.2361 | L61: 0.2412 | M61: 0.2425 | N61: 0.2315 | O61: 0.2164 | P61: 0.2405 | Q61: 0.2365 | R61: 0.245 | S61: 0.226 | T61: 0.2202 | U61: 0.2317 | V61: 0.2369 | W61: 0.2235 | X61: 0.2407 | Y61: 0.2159 | Z61: 0.2451 | AA61: 0.2452 | AB61: 0.2245 | AD61: Thermal management | AE61: 0.066869553 | AF61: 0.053585378 | AG61: 0.056630724 | AH61: 0.065802309 | AI61: 0.060033204 | AJ61: 0.053715524 | AK61: 0.069039665 | AL61: 0.05087552 | AM61: 0.063596571 | AN61: 0.078957584 | AO61: 0.10956985 | AP61: 0.060725366 | AQ61: 0.073494476 | AR61: 0.094119278 | AS61: 0.068540747 | AT61: 0.087866111 | AU61: 0.067320852 | AV61: 0.074928013 | AW61: 0.054671014 | AX61: 0.062200472 | AY61: 0.066073815 | AZ61: 0.077561502 | BA61: 0.07100384 | BB61: 0.075701081 | BC61: 0.081709732 | BD61: 0.0662257 | BF61: Thermal management | BG61: CMI_Trend_56 | BH61: CMI_Trend_46 | BI61: CMI_Trend_46 | BJ61: CMI_Trend_38 | BK61: CMI_Trend_60 | BL61: CMI_Trend_56 | BM61: CMI_Trend_60 | BN61: CMI_Trend_52 | BO61: CMI_Trend_52 | BP61: CMI_Trend_46 | BQ61: CMI_Trend_60 | BR61: CMI_Trend_60 | BS61: CMI_Trend_46 | BT61: CMI_Trend_46 | BU61: CMI_Trend_25 | BV61: CMI_Trend_25 | BW61: CMI_Trend_25 | BX61: CMI_Trend_46 | BY61: CMI_Trend_25 | BZ61: CMI_Trend_20 | CA61: CMI_Trend_38 | CB61: CMI_Trend_20 | CC61: CMI_Trend_60 | CD61: CMI_Trend_25 | CE61: CMI_Trend_46 | CF61: CMI_Trend_56
B62: EMI / ESD protection | C62: 0.1918 | D62: 0.2108 | E62: 0.2153 | F62: 0.1878 | G62: 0.1911 | H62: 0.191 | I62: 0.2137 | J62: 0.2068 | K62: 0.1842 | L62: 0.2109 | M62: 0.193 | N62: 0.1944 | O62: 0.2009 | P62: 0.1868 | Q62: 0.2002 | R62: 0.2029 | S62: 0.2036 | T62: 0.1875 | U62: 0.2114 | V62: 0.192 | W62: 0.1921 | X62: 0.2004 | Y62: 0.2156 | Z62: 0.211 | AA62: 0.1842 | AB62: 0.2024 | AD62: EMI / ESD protection | AE62: 0.05956922 | AF62: 0.046285045 | AG62: 0.049330391 | AH62: 0.058501976 | AI62: 0.052732871 | AJ62: 0.046415191 | AK62: 0.061739332 | AL62: 0.043575187 | AM62: 0.056296237 | AN62: 0.071657251 | AO62: 0.10226951 | AP62: 0.053425033 | AQ62: 0.066194143 | AR62: 0.086818945 | AS62: 0.061240414 | AT62: 0.080565778 | AU62: 0.060020518 | AV62: 0.06762768 | AW62: 0.047370681 | AX62: 0.054900139 | AY62: 0.058773482 | AZ62: 0.070261169 | BA62: 0.063703507 | BB62: 0.068400748 | BC62: 0.074409399 | BD62: 0.058925367 | BF62: EMI / ESD protection | BG62: CMI_Trend_20 | BH62: CMI_Trend_20 | BI62: CMI_Trend_52 | BJ62: CMI_Trend_46 | BK62: CMI_Trend_20 | BL62: CMI_Trend_20 | BM62: CMI_Trend_25 | BN62: CMI_Trend_25 | BO62: CMI_Trend_38 | BP62: CMI_Trend_60 | BQ62: CMI_Trend_46 | BR62: CMI_Trend_38 | BS62: CMI_Trend_56 | BT62: CMI_Trend_20 | BU62: CMI_Trend_52 | BV62: CMI_Trend_38 | BW62: CMI_Trend_25 | BX62: CMI_Trend_38 | BY62: CMI_Trend_56 | BZ62: CMI_Trend_46 | CA62: CMI_Trend_25 | CB62: CMI_Trend_52 | CC62: CMI_Trend_20 | CD62: CMI_Trend_60 | CE62: CMI_Trend_38 | CF62: CMI_Trend_46
B63: Others (Display Protection Pads, Battery Cushioning) | C63: 0.1064 | D63: 0.0938 | E63: 0.0983 | F63: 0.1103 | G63: 0.0867 | H63: 0.109 | I63: 0.089 | J63: 0.1111 | K63: 0.0856 | L63: 0.1076 | M63: 0.1151 | N63: 0.099 | O63: 0.0972 | P63: 0.1098 | Q63: 0.0951 | R63: 0.1066 | S63: 0.1086 | T63: 0.0958 | U63: 0.0838 | V63: 0.0841 | W63: 0.0914 | X63: 0.1049 | Y63: 0.1088 | Z63: 0.0994 | AA63: 0.0838 | AB63: 0.0877 | AD63: Others (Display Protection Pads, Battery Cushioning) | AE63: 0.045450298 | AF63: 0.032166124 | AG63: 0.035211469 | AH63: 0.044383055 | AI63: 0.038613949 | AJ63: 0.03229627 | AK63: 0.047620411 | AL63: 0.029456265 | AM63: 0.042177316 | AN63: 0.057538329 | AO63: 0.088150593 | AP63: 0.039306112 | AQ63: 0.052075222 | AR63: 0.072700024 | AS63: 0.047121492 | AT63: 0.066446857 | AU63: 0.045901597 | AV63: 0.053508759 | AW63: 0.03325176 | AX63: 0.040781218 | AY63: 0.044654561 | AZ63: 0.056142248 | BA63: 0.049584586 | BB63: 0.054281827 | BC63: 0.060290478 | BD63: 0.044806446 | BF63: Others (Display Protection Pads, Battery Cushioning) | BG63: CMI_Trend_20 | BH63: CMI_Trend_46 | BI63: CMI_Trend_52 | BJ63: CMI_Trend_38 | BK63: CMI_Trend_56 | BL63: CMI_Trend_20 | BM63: CMI_Trend_52 | BN63: CMI_Trend_38 | BO63: CMI_Trend_20 | BP63: CMI_Trend_20 | BQ63: CMI_Trend_38 | BR63: CMI_Trend_60 | BS63: CMI_Trend_25 | BT63: CMI_Trend_20 | BU63: CMI_Trend_20 | BV63: CMI_Trend_38 | BW63: CMI_Trend_20 | BX63: CMI_Trend_38 | BY63: CMI_Trend_56 | BZ63: CMI_Trend_56 | CA63: CMI_Trend_20 | CB63: CMI_Trend_38 | CC63: CMI_Trend_46 | CD63: CMI_Trend_60 | CE63: CMI_Trend_52 | CF63: CMI_Trend_46
B64: Medical & Healthcare | C64: 0.1151 | D64: 0.1261 | E64: 0.1098 | F64: 0.1171 | G64: 0.0947 | H64: 0.0943 | I64: 0.1152 | J64: 0.1205 | K64: 0.1074 | L64: 0.1094 | M64: 0.1149 | N64: 0.1115 | O64: 0.1162 | P64: 0.1048 | Q64: 0.0946 | R64: 0.1237 | S64: 0.1065 | T64: 0.0997 | U64: 0.1118 | V64: 0.1054 | W64: 0.125 | X64: 0.1089 | Y64: 0.1071 | Z64: 0.1094 | AA64: 0.1131 | AB64: 0.1014 | AD64: Medical & Healthcare | AE64: =SUMPRODUCT(AE65:AE67,C65:C67) -> 0.044402062 | AF64: =SUMPRODUCT(AF65:AF67,D65:D67) -> 0.031410704 | AG64: =SUMPRODUCT(AG65:AG67,E65:E67) -> 0.034433987 | AH64: =SUMPRODUCT(AH65:AH67,F65:F67) -> 0.0432338 | AI64: =SUMPRODUCT(AI65:AI67,G65:G67) -> 0.037649622 | AJ64: =SUMPRODUCT(AJ65:AJ67,H65:H67) -> 0.031117637 | AK64: =SUMPRODUCT(AK65:AK67,I65:I67) -> 0.046680394 | AL64: =SUMPRODUCT(AL65:AL67,J65:J67) -> 0.028537773 | ... BD64: =SUMPRODUCT(BD65:BD67,AB65:AB67) -> 0.043800842 | BF64: Medical & Healthcare | BG64: CMI_Trend_38 | BH64: CMI_Trend_60 | BI64: CMI_Trend_56 | BJ64: CMI_Trend_56 | BK64: CMI_Trend_38 | BL64: CMI_Trend_60 | BM64: CMI_Trend_38 | BN64: CMI_Trend_60 | BO64: CMI_Trend_25 | BP64: CMI_Trend_56 | BQ64: CMI_Trend_52 | BR64: CMI_Trend_46 | BS64: CMI_Trend_60 | BT64: CMI_Trend_46 | BU64: CMI_Trend_52 | BV64: CMI_Trend_25 | BW64: CMI_Trend_20 | BX64: CMI_Trend_56 | BY64: CMI_Trend_52 | BZ64: CMI_Trend_60 | CA64: CMI_Trend_20 | CB64: CMI_Trend_25 | CC64: CMI_Trend_20 | CD64: CMI_Trend_25 | CE64: CMI_Trend_60 | CF64: CMI_Trend_25
B65: Medical Supports | C65: =1-SUM(C66:C67) -> 0.5245 | D65: =1-SUM(D66:D67) -> 0.5504 | E65: =1-SUM(E66:E67) -> 0.5413 | F65: =1-SUM(F66:F67) -> 0.5182 | G65: =1-SUM(G66:G67) -> 0.5307 | H65: =1-SUM(H66:H67) -> 0.5107 | I65: =1-SUM(I66:I67) -> 0.5439 | J65: =1-SUM(J66:J67) -> 0.5358 | ... AB65: =1-SUM(AB66:AB67) -> 0.5312 | AD65: Medical Supports | AE65: 0.04853483 | AF65: 0.035250655 | AG65: 0.038296001 | AH65: 0.047467586 | AI65: 0.041698481 | AJ65: 0.035380801 | AK65: 0.050704942 | AL65: 0.032540797 | AM65: 0.045261847 | AN65: 0.060622861 | AO65: 0.091235125 | AP65: 0.042390643 | AQ65: 0.055159753 | AR65: 0.075784555 | AS65: 0.050206024 | AT65: 0.069531388 | AU65: 0.048986128 | AV65: 0.05659329 | AW65: 0.036336291 | AX65: 0.043865749 | AY65: 0.047739092 | AZ65: 0.059226779 | BA65: 0.052669117 | BB65: 0.057366358 | BC65: 0.063375009 | BD65: 0.047890977 | BF65: Medical Supports | BG65: CMI_Trend_56 | BH65: CMI_Trend_20 | BI65: CMI_Trend_52 | BJ65: CMI_Trend_20 | BK65: CMI_Trend_52 | BL65: CMI_Trend_46 | BM65: CMI_Trend_25 | BN65: CMI_Trend_20 | BO65: CMI_Trend_20 | BP65: CMI_Trend_20 | BQ65: CMI_Trend_25 | BR65: CMI_Trend_20 | BS65: CMI_Trend_20 | BT65: CMI_Trend_46 | BU65: CMI_Trend_20 | BV65: CMI_Trend_38 | BW65: CMI_Trend_52 | BX65: CMI_Trend_60 | BY65: CMI_Trend_56 | BZ65: CMI_Trend_20 | CA65: CMI_Trend_46 | CB65: CMI_Trend_25 | CC65: CMI_Trend_20 | CD65: CMI_Trend_25 | CE65: CMI_Trend_46 | CF65: CMI_Trend_56
B66: Orthotics & prosthetics | C66: 0.3282 | D66: 0.3202 | E66: 0.3348 | F66: 0.3258 | G66: 0.3283 | H66: 0.3362 | I66: 0.306 | J66: 0.325 | K66: 0.3191 | L66: 0.3045 | M66: 0.3215 | N66: 0.3288 | O66: 0.3169 | P66: 0.3209 | Q66: 0.3039 | R66: 0.3076 | S66: 0.3114 | T66: 0.3251 | U66: 0.3317 | V66: 0.3256 | W66: 0.334 | X66: 0.3247 | Y66: 0.3269 | Z66: 0.329 | AA66: 0.3052 | AB66: 0.3213 | AD66: Orthotics & prosthetics | AE66: 0.041967067 | AF66: 0.028682893 | AG66: 0.031728238 | AH66: 0.040899824 | AI66: 0.035130718 | AJ66: 0.028813038 | AK66: 0.044137179 | AL66: 0.025973034 | AM66: 0.038694085 | AN66: 0.054055098 | AO66: 0.084667362 | AP66: 0.03582288 | AQ66: 0.04859199 | AR66: 0.069216793 | AS66: 0.043638261 | AT66: 0.062963625 | AU66: 0.042418366 | AV66: 0.050025528 | AW66: 0.029768529 | AX66: 0.037297986 | AY66: 0.04117133 | AZ66: 0.052659016 | BA66: 0.046101354 | BB66: 0.050798596 | BC66: 0.056807246 | BD66: 0.041323214 | BF66: Orthotics & prosthetics | BG66: CMI_Trend_46 | BH66: CMI_Trend_38 | BI66: CMI_Trend_38 | BJ66: CMI_Trend_56 | BK66: CMI_Trend_25 | BL66: CMI_Trend_46 | BM66: CMI_Trend_38 | BN66: CMI_Trend_52 | BO66: CMI_Trend_38 | BP66: CMI_Trend_25 | BQ66: CMI_Trend_56 | BR66: CMI_Trend_56 | BS66: CMI_Trend_60 | BT66: CMI_Trend_20 | BU66: CMI_Trend_52 | BV66: CMI_Trend_60 | BW66: CMI_Trend_38 | BX66: CMI_Trend_25 | BY66: CMI_Trend_38 | BZ66: CMI_Trend_46 | CA66: CMI_Trend_56 | CB66: CMI_Trend_56 | CC66: CMI_Trend_38 | CD66: CMI_Trend_25 | CE66: CMI_Trend_52 | CF66: CMI_Trend_52
B67: Others (Surgical Kit, etc) | C67: 0.1473 | D67: 0.1294 | E67: 0.1239 | F67: 0.156 | G67: 0.141 | H67: 0.1531 | I67: 0.1501 | J67: 0.1392 | K67: 0.1295 | L67: 0.1465 | M67: 0.126 | N67: 0.1277 | O67: 0.1465 | P67: 0.1273 | Q67: 0.1344 | R67: 0.1432 | S67: 0.1471 | T67: 0.1561 | U67: 0.1254 | V67: 0.1345 | W67: 0.1483 | X67: 0.1476 | Y67: 0.1422 | Z67: 0.1361 | AA67: 0.1342 | AB67: 0.1475 | AD67: Others (Surgical Kit, etc) | AE67: 0.035111695 | AF67: 0.021827521 | AG67: 0.024872866 | AH67: 0.034044452 | AI67: 0.028275346 | AJ67: 0.021957666 | AK67: 0.037281807 | AL67: 0.019117662 | AM67: 0.031838713 | AN67: 0.047199726 | AO67: 0.07781199 | AP67: 0.028967508 | AQ67: 0.041736618 | AR67: 0.062361421 | AS67: 0.036782889 | AT67: 0.056108253 | AU67: 0.035562994 | AV67: 0.043170156 | AW67: 0.022913157 | AX67: 0.030442614 | AY67: 0.034315958 | AZ67: 0.045803644 | BA67: 0.039245982 | BB67: 0.043943224 | BC67: 0.049951874 | BD67: 0.034467842 | BF67: Others (Surgical Kit, etc) | BG67: CMI_Trend_60 | BH67: CMI_Trend_38 | BI67: CMI_Trend_60 | BJ67: CMI_Trend_52 | BK67: CMI_Trend_46 | BL67: CMI_Trend_60 | BM67: CMI_Trend_56 | BN67: CMI_Trend_25 | BO67: CMI_Trend_38 | BP67: CMI_Trend_46 | BQ67: CMI_Trend_60 | BR67: CMI_Trend_25 | BS67: CMI_Trend_52 | BT67: CMI_Trend_52 | BU67: CMI_Trend_38 | BV67: CMI_Trend_56 | BW67: CMI_Trend_52 | BX67: CMI_Trend_38 | BY67: CMI_Trend_60 | BZ67: CMI_Trend_46 | CA67: CMI_Trend_46 | CB67: CMI_Trend_52 | CC67: CMI_Trend_25 | CD67: CMI_Trend_52 | CE67: CMI_Trend_60 | CF67: CMI_Trend_56
B68: Others (Furniture & Bedding) | C68: 0.0848 | D68: 0.074835048 | E68: 0.0816 | F68: 0.0862 | G68: 0.0806 | H68: 0.0881 | I68: 0.0694 | J68: 0.0904 | K68: 0.0831 | L68: 0.0903 | M68: 0.0761 | N68: 0.0719 | O68: 0.0787 | P68: 0.0897 | Q68: 0.0839 | R68: 0.069 | S68: 0.0727 | T68: 0.0738 | U68: 0.0906 | V68: 0.0753 | W68: 0.07 | X68: 0.0775 | Y68: 0.0831 | Z68: 0.087 | AA68: 0.0726 | AB68: 0.085 | AD68: Others (Furniture & Bedding) | AE68: 0.032704068 | AF68: 0.019419894 | AG68: 0.022465239 | AH68: 0.031636825 | AI68: 0.025867719 | AJ68: 0.019550039 | AK68: 0.034874181 | AL68: 0.016710035 | AM68: 0.029431086 | AN68: 0.044792099 | AO68: 0.075404363 | AP68: 0.026559882 | AQ68: 0.039328991 | AR68: 0.059953794 | AS68: 0.034375262 | AT68: 0.053700627 | AU68: 0.033155367 | AV68: 0.040762529 | AW68: 0.02050553 | AX68: 0.028034987 | AY68: 0.031908331 | AZ68: 0.043396017 | BA68: 0.036838356 | BB68: 0.041535597 | BC68: 0.047544248 | BD68: 0.032060215 | BF68: Others (Furniture & Bedding) | BG68: CMI_Trend_25 | BH68: CMI_Trend_46 | BI68: CMI_Trend_20 | BJ68: CMI_Trend_38 | BK68: CMI_Trend_60 | BL68: CMI_Trend_46 | BM68: CMI_Trend_60 | BN68: CMI_Trend_56 | BO68: CMI_Trend_38 | BP68: CMI_Trend_20 | BQ68: CMI_Trend_46 | BR68: CMI_Trend_25 | BS68: CMI_Trend_38 | BT68: CMI_Trend_38 | BU68: CMI_Trend_52 | BV68: CMI_Trend_38 | BW68: CMI_Trend_25 | BX68: CMI_Trend_20 | BY68: CMI_Trend_25 | BZ68: CMI_Trend_52 | CA68: CMI_Trend_38 | CB68: CMI_Trend_46 | CC68: CMI_Trend_46 | CD68: CMI_Trend_52 | CE68: CMI_Trend_25 | CF68: CMI_Trend_56
B70: By Distribution Channel | AD70: By Distribution Channel | BF70: By Distribution Channel
B71: Direct OEM Supplies | C71: =1-C72 -> 0.6553 | D71: =1-D72 -> 0.6452 | E71: =1-E72 -> 0.6341 | F71: =1-F72 -> 0.6375 | G71: =1-G72 -> 0.6339 | H71: =1-H72 -> 0.6487 | I71: =1-I72 -> 0.6265 | J71: =1-J72 -> 0.6486 | ... AB71: =1-AB72 -> 0.6418 | AD71: Direct OEM Supplies | AE71: 0.045443304 | AF71: 0.03277775 | AG71: 0.03603763 | AH71: 0.045175723 | AI71: 0.039346541 | AJ71: 0.032878405 | AK71: 0.048861471 | AL71: 0.029996168 | AM71: 0.042767411 | AN71: 0.058019389 | AO71: 0.089155634 | AP71: 0.040506394 | AQ71: 0.053291847 | AR71: 0.073392275 | AS71: 0.047532805 | AT71: 0.067313302 | AU71: 0.046967513 | AV71: 0.053999977 | AW71: 0.034038791 | AX71: 0.041291503 | AY71: 0.045170941 | AZ71: 0.056449463 | BA71: 0.050555736 | BB71: 0.054564305 | BC71: 0.061488036 | BD71: 0.045217171 | BF71: Direct OEM Supplies | BG71: CMI_Trend_60 | BH71: CMI_Trend_20 | BI71: CMI_Trend_46 | BJ71: CMI_Trend_60 | BK71: CMI_Trend_20 | BL71: CMI_Trend_38 | BM71: CMI_Trend_52 | BN71: CMI_Trend_25 | BO71: CMI_Trend_20 | BP71: CMI_Trend_60 | BQ71: CMI_Trend_46 | BR71: CMI_Trend_60 | BS71: CMI_Trend_60 | BT71: CMI_Trend_60 | BU71: CMI_Trend_25 | BV71: CMI_Trend_46 | BW71: CMI_Trend_56 | BX71: CMI_Trend_46 | BY71: CMI_Trend_56 | BZ71: CMI_Trend_38 | CA71: CMI_Trend_56 | CB71: CMI_Trend_25 | CC71: CMI_Trend_56 | CD71: CMI_Trend_46 | CE71: CMI_Trend_56 | CF71: CMI_Trend_25
B72: Indirect (via Distributors / Traders) | C72: 0.3447 | D72: 0.3548 | E72: 0.3659 | F72: 0.3625 | G72: 0.3661 | H72: 0.3513 | I72: 0.3735 | J72: 0.3514 | K72: 0.3724 | L72: 0.3512 | M72: 0.3742 | N72: 0.3765 | O72: 0.3605 | P72: 0.3614 | Q72: 0.3603 | R72: 0.3621 | S72: 0.373 | T72: 0.3668 | U72: 0.3504 | V72: 0.3435 | W72: 0.3695 | X72: 0.35 | Y72: 0.3624 | Z72: 0.3467 | AA72: 0.3784 | AB72: 0.3582 | AD72: Indirect (via Distributors / Traders) | AE72: 0.03203414 | AF72: 0.019368586 | AG72: 0.022628466 | AH72: 0.031766559 | AI72: 0.025937377 | AJ72: 0.019469241 | AK72: 0.035452307 | AL72: 0.016587004 | AM72: 0.029358247 | AN72: 0.044610225 | AO72: 0.07574647 | AP72: 0.02709723 | AQ72: 0.039882683 | AR72: 0.059983111 | AS72: 0.034123641 | AT72: 0.053904138 | AU72: 0.033558349 | AV72: 0.040590813 | AW72: 0.020629627 | AX72: 0.027882339 | AY72: 0.031761777 | AZ72: 0.043040299 | BA72: 0.037146572 | BB72: 0.041155141 | BC72: 0.048078872 | BD72: 0.031808007 | BF72: Indirect (via Distributors / Traders) | BG72: CMI_Trend_38 | BH72: CMI_Trend_52 | BI72: CMI_Trend_46 | BJ72: CMI_Trend_56 | BK72: CMI_Trend_25 | BL72: CMI_Trend_60 | BM72: CMI_Trend_46 | BN72: CMI_Trend_38 | BO72: CMI_Trend_60 | BP72: CMI_Trend_25 | BQ72: CMI_Trend_60 | BR72: CMI_Trend_20 | BS72: CMI_Trend_60 | BT72: CMI_Trend_38 | BU72: CMI_Trend_56 | BV72: CMI_Trend_56 | BW72: CMI_Trend_46 | BX72: CMI_Trend_38 | BY72: CMI_Trend_25 | BZ72: CMI_Trend_46 | CA72: CMI_Trend_60 | CB72: CMI_Trend_20 | CC72: CMI_Trend_52 | CD72: CMI_Trend_38 | CE72: CMI_Trend_38 | CF72: CMI_Trend_46
E75: Volume
B76: North America | C76: 0.3773377 | D76: 0.039426535 | E76: 10967.454
B77: U.S. | C77: 0.89105296 | D77: 0.040821165 | E77: 9772.5819
B78: Canada | C78: 0.10894704 | D78: 0.028020179 | E78: 1194.8716
B79: Europe | C79: 0.13776477 | D79: 0.033454306 | E79: 4004.1816
B80: Germany | C80: 0.164 | D80: 0.031131217 | E80: 650.18395
B81: UK | C81: 0.06625 | D81: 0.040314901 | E81: 262.65053
B82: France | C82: 0.08375 | D82: 0.034437446 | E82: 332.02991
B83: Italy | C83: 0.05525 | D83: 0.028167766 | E83: 219.04063
B84: Spain | C84: 0.04625 | D84: 0.043853148 | E84: 183.3598
B85: Russia | C85: 0.22975 | D85: 0.025284187 | E85: 910.85221
B86: Rest of Europe | C86: 0.35475 | D86: 0.037773838 | E86: 1446.0646
B87: Asia Pacific | C87: 0.3409678 | D87: 0.056894999 | E87: 9910.3496
... B107: South Africa | C107: 0.18421053 | D107: 0.040414009 | E107: 365.72847

Sheet ASP 
B1: =B88 -> 47.25125 | C1: =C88 -> 17.712642 | D1: =D88 -> 2.0839555 | E1: =E88 -> 1.1068616 | F1: =F88 -> 0.44920147 | G1: =G88 -> 0.57662412 | H1: =H88 -> 0.38513451 | I1: =I88 -> 0.34568872 | ... AB1: =AB88 -> 0.614334
B2: 60 | C2: ASP | D2: =#REF! -> #REF!
C3: U.S. | D3: Canada | E3: Germany | F3: UK | G3: France | H3: Italy | I3: Spain | J3: Russia | K3: Rest of Europe | L3: China | M3: India | N3: Japan | O3: South Korea | P3: ASEAN | Q3: Australia | R3: Rest of Asia Pacific | S3: Brazil | T3: Mexico | U3: Argentina | V3: Rest of Latin America | W3: Israel | X3: GCC | Y3: Rest of Middle East | Z3: North Africa | AA3: Central Africa | AB3: South Africa | AE3: U.S. | AF3: Canada | AG3: Germany | AH3: UK | AI3: France | AJ3: Italy | AK3: Spain | AL3: Russia | AM3: Rest of Europe | AN3: China | AO3: India | AP3: Japan | AQ3: South Korea | AR3: ASEAN | AS3: Australia | AT3: Rest of Asia Pacific | AU3: Brazil | AV3: Mexico | AW3: Argentina | AX3: Rest of Latin America | AY3: Israel | AZ3: GCC | BA3: Rest of Middle East | BB3: North Africa | BC3: Central Africa | BD3: South Africa
A4: 0.99 | B4: By Product Type | AD4: By Product Type
B5: Polyurethane (PU) Foams | C5: 1125.3798 | D5: 1143.8605 | E5: 1187.6307 | F5: 1167.2046 | G5: 1183.74 | H5: 1188.6034 | I5: 1191.5214 | J5: 1166.2319 | K5: 1183.74 | L5: 944.46306 | M5: 944.46306 | N5: 916.25562 | O5: 910.41959 | P5: 910.41959 | Q5: 945.43573 | R5: 927.92766 | S5: 990.17858 | T5: 960.02579 | U5: 972.67051 | V5: 978.50653 | W5: 1017.4134 | X5: 1049.5115 | Y5: 1039.7848 | Z5: 1088.4183 | AA5: 1092.309 | AB5: 1070.9102 | AD5: Polyurethane (PU) Foams | AE5: ASP2 | AF5: ASP9 | AG5: ASP9 | AH5: ASP7 | AI5: ASP7 | AJ5: ASP9 | AK5: ASP5 | AL5: ASP7 | AM5: ASP2 | AN5: ASP9 | AO5: ASP2 | AP5: ASP8 | AQ5: ASP8 | AR5: ASP5 | AS5: ASP3 | AT5: ASP7 | AU5: ASP2 | AV5: ASP5 | AW5: ASP2 | AX5: ASP2 | AY5: ASP1 | AZ5: ASP7 | BA5: ASP5 | BB5: ASP4 | BC5: ASP3 | BD5: ASP2
B6: Flexible PU | C6: 1002.5801 | D6: 1004.2823 | E6: 1042.5812 | F6: 1036.6236 | G6: 1041.7301 | H6: 1028.1127 | I6: 1016.1975 | J6: 1016.1975 | K6: 1019.6019 | L6: 834.91605 | M6: 794.06389 | N6: 809.38345 | O6: 799.17041 | P6: 814.48997 | Q6: 828.10735 | R6: 824.70301 | S6: 853.63995 | T6: 840.87365 | U6: 842.57583 | V6: 880.87473 | W6: 929.38667 | X6: 889.3856 | Y6: 902.1519 | Z6: 954.06818 | AA6: 951.51492 | AB6: 958.32362 | AD6: Flexible PU | AE6: ASP1 | AF6: ASP7 | AG6: ASP3 | AH6: ASP7 | AI6: ASP7 | AJ6: ASP9 | AK6: ASP5 | AL6: ASP1 | AM6: ASP4 | AN6: ASP2 | AO6: ASP2 | AP6: ASP1 | AQ6: ASP5 | AR6: ASP8 | AS6: ASP6 | AT6: ASP1 | AU6: ASP7 | AV6: ASP6 | AW6: ASP6 | AX6: ASP7 | AY6: ASP1 | AZ6: ASP5 | BA6: ASP6 | BB6: ASP8 | BC6: ASP4 | BD6: ASP1
B7: Rigid PU | C7: 1200.6402 | D7: 1200.6402 | E7: 1211.7853 | F7: 1260.4189 | G7: 1249.2737 | H7: 1233.0625 | I7: 1214.8249 | J7: 1233.0625 | K7: 1237.1153 | L7: 958.48573 | M7: 993.94767 | N7: 993.94767 | O7: 951.39334 | P7: 958.48573 | Q7: 945.31415 | R7: 993.94767 | S7: 1020.2908 | T7: 1038.5284 | U7: 995.97407 | V7: 1002.0533 | W7: 1056.766 | X7: 1103.3731 | Y7: 1089.1883 | Z7: 1109.4523 | AA7: 1150.9934 | AB7: 1107.4259 | AD7: Rigid PU | AE7: ASP7 | AF7: ASP8 | AG7: ASP1 | AH7: ASP8 | AI7: ASP4 | AJ7: ASP6 | AK7: ASP3 | AL7: ASP6 | AM7: ASP5 | AN7: ASP7 | AO7: ASP5 | AP7: ASP7 | AQ7: ASP6 | AR7: ASP6 | AS7: ASP3 | AT7: ASP4 | AU7: ASP4 | AV7: ASP6 | AW7: ASP7 | AX7: ASP6 | AY7: ASP7 | AZ7: ASP1 | BA7: ASP1 | BB7: ASP3 | BC7: ASP4 | BD7: ASP7
B8: Semi-Rigid PU | C8: 1341.3126 | D8: 1341.3126 | E8: 1385.5691 | F8: 1405.9952 | G8: 1407.13 | H8: 1410.5343 | I8: 1402.5909 | J8: 1394.6474 | K8: 1362.8735 | L8: 1088.2562 | M8: 1095.0649 | N8: 1065.5605 | O8: 1099.604 | P8: 1057.6171 | Q8: 1097.3344 | R8: 1107.5475 | S8: 1169.9605 | T8: 1176.7692 | U8: 1168.8257 | V8: 1149.5344 | W8: 1208.5431 | X8: 1232.3735 | Y8: 1191.5214 | Z8: 1257.3387 | AA8: 1249.3953 | AB8: 1278.8996 | AD8: Semi-Rigid PU | AE8: ASP7 | AF8: ASP2 | AG8: ASP1 | AH8: ASP1 | AI8: ASP6 | AJ8: ASP7 | AK8: ASP1 | AL8: ASP6 | AM8: ASP3 | AN8: ASP5 | AO8: ASP1 | AP8: ASP4 | AQ8: ASP2 | AR8: ASP1 | AS8: ASP2 | AT8: ASP8 | AU8: ASP1 | AV8: ASP8 | AW8: ASP3 | AX8: ASP8 | AY8: ASP8 | AZ8: ASP7 | BA8: ASP7 | BB8: ASP7 | BC8: ASP4 | BD8: ASP2
B9: Integral Skin PU | C9: 1903.192 | D9: 1877.2541 | E9: 1984.2478 | F9: 1964.7944 | G9: 1937.2354 | H9: 1961.5522 | I9: 1959.9311 | J9: 1942.0988 | K9: 2011.8068 | L9: 1556.2728 | M9: 1575.7262 | N9: 1567.6206 | O9: 1538.4405 | P9: 1557.8939 | Q9: 1514.1238 | R9: 1583.8318 | S9: 1669.751 | T9: 1611.3908 | U9: 1681.0989 | V9: 1679.4777 | W9: 1744.3224 | X9: 1698.9312 | Y9: 1757.2914 | Z9: 1836.7261 | AA9: 1818.8938 | AB9: 1771.8814 | AD9: Integral Skin PU | AE9: ASP2 | AF9: ASP5 | AG9: ASP4 | AH9: ASP7 | AI9: ASP5 | AJ9: ASP5 | AK9: ASP7 | AL9: ASP8 | AM9: ASP3 | AN9: ASP1 | AO9: ASP6 | AP9: ASP3 | AQ9: ASP4 | AR9: ASP5 | AS9: ASP5 | AT9: ASP9 | AU9: ASP2 | AV9: ASP3 | AW9: ASP4 | AX9: ASP3 | AY9: ASP6 | AZ9: ASP6 | BA9: ASP8 | BB9: ASP1 | BC9: ASP8 | BD9: ASP8
B10: Microcellular PU | C10: 2645.8664 | D10: 2607.9728 | E10: 2730.5698 | F10: 2719.4246 | G10: 2701.5923 | H10: 2717.1956 | I10: 2699.3633 | J10: 2741.715 | K10: 2665.9277 | L10: 2084.1492 | M10: 2093.0653 | N10: 2182.2268 | O10: 2081.9202 | P10: 2088.6073 | Q10: 2079.6911 | R10: 2126.5009 | S10: 2206.7462 | T10: 2291.4496 | U10: 2289.2206 | V10: 2311.5109 | W10: 2360.5497 | X10: 2436.337 | Y10: 2369.4659 | Z10: 2465.3145 | AA10: 2487.6048 | AB10: 2451.9402 | AD10: Microcellular PU | AE10: ASP5 | AF10: ASP7 | AG10: ASP3 | AH10: ASP5 | AI10: ASP9 | AJ10: ASP9 | AK10: ASP3 | AL10: ASP8 | AM10: ASP9 | AN10: ASP3 | AO10: ASP3 | AP10: ASP7 | AQ10: ASP2 | AR10: ASP3 | AS10: ASP7 | AT10: ASP1 | AU10: ASP4 | AV10: ASP1 | AW10: ASP7 | AX10: ASP6 | AY10: ASP8 | AZ10: ASP5 | BA10: ASP2 | BB10: ASP8 | BC10: ASP4 | BD10: ASP2
B11: Polystyrene (PS) Foams | C11: 840.44811 | D11: 814.20627 | E11: 851.79593 | F11: 858.88832 | G11: 858.88832 | H11: 872.36386 | I11: 873.78234 | J11: 875.20082 | K11: 872.36386 | L11: 687.96174 | M11: 669.52153 | N11: 677.32316 | O11: 669.52153 | P11: 697.18185 | Q11: 693.63566 | R11: 664.55686 | S11: 737.60847 | T11: 731.93456 | U11: 709.23891 | V11: 735.48075 | W11: 772.36117 | X11: 745.4101 | Y11: 757.46716 | Z11: 786.54595 | AA11: 777.32585 | AB11: 807.11388 | AD11: Polystyrene (PS) Foams | AE11: ASP7 | AF11: ASP3 | AG11: ASP8 | AH11: ASP8 | AI11: ASP7 | AJ11: ASP7 | AK11: ASP3 | AL11: ASP9 | AM11: ASP9 | AN11: ASP2 | AO11: ASP5 | AP11: ASP2 | AQ11: ASP1 | AR11: ASP5 | AS11: ASP6 | AT11: ASP6 | AU11: ASP8 | AV11: ASP1 | AW11: ASP7 | AX11: ASP3 | AY11: ASP9 | AZ11: ASP7 | BA11: ASP8 | BB11: ASP9 | BC11: ASP4 | BD11: ASP7
B12: Expanded Polystyrene (EPS) | C12: 697.89109 | D12: 715.52074 | E12: 752.60381 | F12: 754.42756 | G12: 730.1108 | H12: 731.32664 | I12: 725.24745 | J12: 755.03548 | K12: 742.26918 | L12: 567.18849 | M12: 595.15277 | N12: 570.22808 | O12: 576.91519 | P12: 582.99439 | Q12: 593.32901 | R12: 566.58057 | S12: 612.1745 | T12: 605.48739 | U12: 630.41207 | V12: 612.78242 | W12: 645.00213 | X12: 636.49126 | Y12: 646.21797 | Z12: 688.16438 | AA12: 685.73271 | AB12: 691.20398 | AD12: Expanded Polystyrene (EPS) | AE12: ASP7 | AF12: ASP2 | AG12: ASP6 | AH12: ASP8 | AI12: ASP8 | AJ12: ASP5 | AK12: ASP8 | AL12: ASP1 | AM12: ASP6 | AN12: ASP5 | AO12: ASP6 | AP12: ASP9 | AQ12: ASP6 | AR12: ASP8 | AS12: ASP3 | AT12: ASP1 | AU12: ASP6 | AV12: ASP2 | AW12: ASP9 | AX12: ASP7 | AY12: ASP6 | AZ12: ASP7 | BA12: ASP6 | BB12: ASP3 | BC12: ASP9 | BD12: ASP4
B13: Extruded Polystyrene (XPS) | C13: 1076.9286 | D13: 1055.0435 | E13: 1095.1662 | F13: 1094.2543 | G13: 1098.8137 | H13: 1102.4612 | I13: 1129.8176 | J13: 1098.8137 | K13: 1104.285 | L13: 865.37279 | M13: 850.78273 | N13: 879.96285 | O13: 895.46479 | P13: 895.46479 | Q13: 894.55291 | R13: 892.72915 | S13: 917.34987 | T13: 930.11617 | U13: 909.14296 | V13: 929.20429 | W13: 989.38828 | X13: 979.35762 | Y13: 971.15071 | Z13: 1015.8328 | AA13: 1030.4228 | AB13: 1007.6259 | AD13: Extruded Polystyrene (XPS) | AE13: ASP6 | AF13: ASP2 | AG13: ASP4 | AH13: ASP3 | AI13: ASP7 | AJ13: ASP3 | AK13: ASP5 | AL13: ASP6 | AM13: ASP1 | AN13: ASP1 | AO13: ASP3 | AP13: ASP3 | AQ13: ASP9 | AR13: ASP7 | AS13: ASP2 | AT13: ASP1 | AU13: ASP3 | AV13: ASP6 | AW13: ASP9 | AX13: ASP9 | AY13: ASP9 | AZ13: ASP1 | BA13: ASP2 | BB13: ASP9 | BC13: ASP8 | BD13: ASP5
B14: Polyolefin Foams | C14: 1443.1999 | D14: 1426.1781 | E14: 1482.1067 | F14: 1459.0058 | G14: 1513.7185 | H14: 1491.8334 | I14: 1499.1284 | J14: 1512.5026 | K14: 1477.2433 | L14: 1168.4204 | M14: 1135.5928 | N14: 1142.8878 | O14: 1178.1472 | P14: 1146.5354 | Q14: 1145.3195 | R14: 1165.9888 | S14: 1227.9965 | T14: 1204.8956 | U14: 1208.5431 | V14: 1264.4717 | W14: 1320.4002 | X14: 1286.3567 | Y14: 1272.9825 | Z14: 1347.1487 | AA14: 1387.2713 | AB14: 1356.8754 | AD14: Polyolefin Foams | AE14: ASP1 | AF14: ASP9 | AG14: ASP3 | AH14: ASP8 | AI14: ASP4 | AJ14: ASP8 | AK14: ASP9 | AL14: ASP7 | AM14: ASP8 | AN14: ASP5 | AO14: ASP4 | AP14: ASP5 | AQ14: ASP2 | AR14: ASP9 | AS14: ASP2 | AT14: ASP5 | AU14: ASP4 | AV14: ASP5 | AW14: ASP8 | AX14: ASP3 | AY14: ASP8 | AZ14: ASP8 | BA14: ASP1 | BB14: ASP6 | BC14: ASP9 | BD14: ASP9
B15: Polyethylene (PE) Foams | C15: 1251.8269 | D15: 1264.958 | E15: 1338.273 | F15: 1330.6133 | G15: 1350.3098 | H15: 1348.1213 | I15: 1359.0639 | J15: 1342.6501 | K15: 1331.7075 | L15: 1050.4841 | M15: 1057.0497 | N15: 1024.222 | O15: 1050.4841 | P15: 1039.5416 | Q15: 1051.5784 | R15: 1046.1071 | S15: 1085.5003 | T15: 1123.7992 | U15: 1141.3073 | V15: 1113.9509 | W15: 1151.1555 | X15: 1162.0981 | Y15: 1142.4015 | Z15: 1223.3763 | AA15: 1250.7327 | AB15: 1211.3395 | AD15: Polyethylene (PE) Foams | AE15: ASP9 | AF15: ASP6 | AG15: ASP3 | AH15: ASP2 | AI15: ASP7 | AJ15: ASP3 | AK15: ASP1 | AL15: ASP2 | AM15: ASP6 | AN15: ASP2 | AO15: ASP9 | AP15: ASP1 | AQ15: ASP4 | AR15: ASP8 | AS15: ASP8 | AT15: ASP6 | AU15: ASP4 | AV15: ASP2 | AW15: ASP3 | AX15: ASP7 | AY15: ASP9 | AZ15: ASP9 | BA15: ASP6 | BB15: ASP1 | BC15: ASP2 | BD15: ASP2
B16: Polypropylene (PP) Foams | C16: 1626.9941 | D16: 1676.6408 | E16: 1700.7549 | F16: 1707.8473 | G16: 1720.6136 | H16: 1766.0049 | I16: 1706.4288 | J16: 1713.5212 | K16: 1703.5919 | L16: 1330.5322 | M16: 1354.6463 | N16: 1384.4344 | O16: 1370.2496 | P16: 1384.4344 | Q16: 1384.4344 | R16: 1385.8528 | S16: 1461.0322 | T16: 1479.4724 | U16: 1411.3854 | V16: 1439.755 | W16: 1509.2604 | X16: 1482.3093 | Y16: 1490.8202 | Z16: 1597.206 | AA16: 1561.7441 | AB16: 1597.206 | AD16: Polypropylene (PP) Foams | AE16: ASP7 | AF16: ASP4 | AG16: ASP2 | AH16: ASP3 | AI16: ASP7 | AJ16: ASP2 | AK16: ASP7 | AL16: ASP6 | AM16: ASP2 | AN16: ASP1 | AO16: ASP8 | AP16: ASP3 | AQ16: ASP2 | AR16: ASP4 | AS16: ASP9 | AT16: ASP5 | AU16: ASP9 | AV16: ASP1 | AW16: ASP2 | AX16: ASP7 | AY16: ASP6 | AZ16: ASP6 | BA16: ASP9 | BB16: ASP8 | BC16: ASP3 | BD16: ASP4
... B27: Bio-Based & Sustainable Foams | C27: 1795.7119 | D27: 1811.1125 | E27: 1866.5547 | F27: 1886.5755 | G27: 1843.4538 | H27: 1877.3351 | I27: 1841.9137 | J27: 1889.6556 | K27: 1865.0146 | L27: 1513.8806 | M27: 1487.6995 | N27: 1450.7381 | O27: 1504.6402 | P27: 1449.198 | Q27: 1493.8598 | R27: 1507.7203 | S27: 1604.7442 | T27: 1592.4237 | U27: 1601.6641 | V27: 1561.6225 | W27: 1669.4268 | X27: 1650.9461 | Y27: 1609.3644 | Z27: 1717.1687 | AA27: 1743.3498 | AB27: 1721.7889 | AD27: Bio-Based & Sustainable Foams | AE27: ASP6 | AF27: ASP5 | AG27: ASP9 | AH27: ASP8 | AI27: ASP7 | AJ27: ASP7 | AK27: ASP6 | AL27: ASP4 | AM27: ASP3 | AN27: ASP5 | AO27: ASP6 | AP27: ASP2 | AQ27: ASP3 | AR27: ASP3 | AS27: ASP2 | AT27: ASP7 | AU27: ASP2 | AV27: ASP5 | AW27: ASP7 | AX27: ASP3 | AY27: ASP6 | AZ27: ASP2 | BA27: ASP3 | BB27: ASP1 | BC27: ASP6 | BD27: ASP7
C31: U.S. | D31: Canada | E31: Germany | F31: UK | G31: France | H31: Italy | I31: Spain | J31: Russia | K31: Rest of Europe | L31: China | M31: India | N31: Japan | O31: South Korea | P31: ASEAN | Q31: Australia | R31: Rest of Asia Pacific | S31: Brazil | T31: Mexico | U31: Argentina | V31: Rest of Latin America | W31: Israel | X31: GCC | Y31: Rest of Middle East | Z31: North Africa | AA31: Central Africa | AB31: South Africa
B32: By Product Type
B33: Polyurethane (PU) Foams | C33: =1-SUM(C39,C42,C45,C49,C53:C55) -> 0.4216 | D33: =1-SUM(D39,D42,D45,D49,D53:D55) -> 0.4571 | E33: =1-SUM(E39,E42,E45,E49,E53:E55) -> 0.4646 | F33: =1-SUM(F39,F42,F45,F49,F53:F55) -> 0.4524 | G33: =1-SUM(G39,G42,G45,G49,G53:G55) -> 0.497 | H33: =1-SUM(H39,H42,H45,H49,H53:H55) -> 0.4702 | I33: =1-SUM(I39,I42,I45,I49,I53:I55) -> 0.4301 | J33: =1-SUM(J39,J42,J45,J49,J53:J55) -> 0.467 | ... AB33: =1-SUM(AB39,AB42,AB45,AB49,AB53:AB55) -> 0.4293
B34: Flexible PU | C34: =1-SUM(C35:C38) -> 0.5811 | D34: =1-SUM(D35:D38) -> 0.5537 | E34: =1-SUM(E35:E38) -> 0.523 | F34: =1-SUM(F35:F38) -> 0.5549 | G34: =1-SUM(G35:G38) -> 0.5414 | H34: =1-SUM(H35:H38) -> 0.5685 | I34: =1-SUM(I35:I38) -> 0.5307 | J34: =1-SUM(J35:J38) -> 0.5389 | ... AB34: =1-SUM(AB35:AB38) -> 0.5185
B35: Rigid PU | C35: 0.2368 | D35: 0.2397 | E35: 0.2654 | F35: 0.2481 | G35: 0.2552 | H35: 0.2364 | I35: 0.2558 | J35: 0.2493 | K35: 0.2423 | L35: 0.2345 | M35: 0.254 | N35: 0.247 | O35: 0.2541 | P35: 0.2602 | Q35: 0.2566 | R35: 0.2389 | S35: 0.2488 | T35: 0.2417 | U35: 0.2402 | V35: 0.2673 | W35: 0.2341 | X35: 0.238 | Y35: 0.2663 | Z35: 0.2646 | AA35: 0.2608 | AB35: 0.2677
B36: Semi-Rigid PU | C36: 0.0608 | D36: 0.0679 | E36: 0.0792 | F36: 0.0753 | G36: 0.0651 | H36: 0.0636 | I36: 0.0602 | J36: 0.073 | K36: 0.0638 | L36: 0.0658 | M36: 0.0701 | N36: 0.071 | O36: 0.0663 | P36: 0.0643 | Q36: 0.0714 | R36: 0.0655 | S36: 0.0649 | T36: 0.0636 | U36: 0.0665 | V36: 0.0787 | W36: 0.068 | X36: 0.0751 | Y36: 0.0706 | Z36: 0.0756 | AA36: 0.079 | AB36: 0.0685
B37: Integral Skin PU | C37: 0.0413 | D37: 0.0592 | E37: 0.0424 | F37: 0.0463 | G37: 0.0544 | H37: 0.0467 | I37: 0.0553 | J37: 0.0502 | K37: 0.0428 | L37: 0.0581 | M37: 0.0591 | N37: 0.0402 | O37: 0.0416 | P37: 0.0538 | Q37: 0.0425 | R37: 0.0578 | S37: 0.0428 | T37: 0.0469 | U37: 0.045 | V37: 0.0406 | W37: 0.0536 | X37: 0.0494 | Y37: 0.0575 | Z37: 0.0418 | AA37: 0.0581 | AB37: 0.0505
B38: Microcellular PU | C38: 0.08 | D38: 0.0795 | E38: 0.09 | F38: 0.0754 | G38: 0.0839 | H38: 0.0848 | I38: 0.098 | J38: 0.0886 | K38: 0.0882 | L38: 0.0797 | M38: 0.0902 | N38: 0.0701 | O38: 0.0639 | P38: 0.0877 | Q38: 0.0897 | R38: 0.0765 | S38: 0.083 | T38: 0.0731 | U38: 0.0688 | V38: 0.0662 | W38: 0.095 | X38: 0.0843 | Y38: 0.0795 | Z38: 0.0954 | AA38: 0.0706 | AB38: 0.0948
B39: Polystyrene (PS) Foams | C39: 0.2346 | D39: 0.2417 | E39: 0.2454 | F39: 0.2324 | G39: 0.2204 | H39: 0.2138 | I39: 0.222 | J39: 0.23 | K39: 0.2284 | L39: 0.2394 | M39: 0.2203 | N39: 0.2239 | O39: 0.2432 | P39: 0.2278 | Q39: 0.235 | R39: 0.2221 | S39: 0.2475 | T39: 0.2148 | U39: 0.2419 | V39: 0.242 | W39: 0.2414 | X39: 0.2249 | Y39: 0.2331 | Z39: 0.2261 | AA39: 0.2393 | AB39: 0.2406
B40: Expanded Polystyrene (EPS) | C40: =1-C41 -> 0.7316 | D40: =1-D41 -> 0.7047 | E40: =1-E41 -> 0.7088 | F40: =1-F41 -> 0.7212 | G40: =1-G41 -> 0.7048 | H40: =1-H41 -> 0.7222 | I40: =1-I41 -> 0.7247 | J40: =1-J41 -> 0.736 | ... AB40: =1-AB41 -> 0.7043
B41: Extruded Polystyrene (XPS) | C41: 0.2684 | D41: 0.2953 | E41: 0.2912 | F41: 0.2788 | G41: 0.2952 | H41: 0.2778 | I41: 0.2753 | J41: 0.264 | K41: 0.277 | L41: 0.2684 | M41: 0.2695 | N41: 0.2721 | O41: 0.2872 | P41: 0.2889 | Q41: 0.2906 | R41: 0.2961 | S41: 0.2652 | T41: 0.2922 | U41: 0.2772 | V41: 0.2911 | W41: 0.2744 | X41: 0.2767 | Y41: 0.2664 | Z41: 0.2801 | AA41: 0.2956 | AB41: 0.2957
B42: Polyolefin Foams | C42: 0.1007 | D42: 0.0796 | E42: 0.1029 | F42: 0.1013 | G42: 0.0913 | H42: 0.1026 | I42: 0.0979 | J42: 0.0847 | K42: 0.079 | L42: 0.0912 | M42: 0.1021 | N42: 0.0976 | O42: 0.0965 | P42: 0.0862 | Q42: 0.0784 | R42: 0.0799 | S42: 0.0879 | T42: 0.0835 | U42: 0.1018 | V42: 0.0946 | W42: 0.0819 | X42: 0.1028 | Y42: 0.0822 | Z42: 0.0814 | AA42: 0.0952 | AB42: 0.1027
B43: Polyethylene (PE) Foams | C43: =1-C44 -> 0.6122 | D43: =1-D44 -> 0.6369 | E43: =1-E44 -> 0.6153 | F43: =1-F44 -> 0.63 | G43: =1-G44 -> 0.6363 | H43: =1-H44 -> 0.6208 | I43: =1-I44 -> 0.6234 | J43: =1-J44 -> 0.6245 | ... AB43: =1-AB44 -> 0.6178
B44: Polypropylene (PP) Foams | C44: 0.3878 | D44: 0.3631 | E44: 0.3847 | F44: 0.37 | G44: 0.3637 | H44: 0.3792 | I44: 0.3766 | J44: 0.3755 | K44: 0.381 | L44: 0.3834 | M44: 0.3859 | N44: 0.3742 | O44: 0.3715 | P44: 0.3942 | Q44: 0.367 | R44: 0.3845 | S44: 0.3918 | T44: 0.3821 | U44: 0.3764 | V44: 0.38 | W44: 0.3702 | X44: 0.3796 | Y44: 0.3761 | Z44: 0.3972 | AA44: 0.3717 | AB44: 0.3822
B45: PVC Foams | C45: 0.0392 | D45: 0.0471 | E45: 0.0336 | F45: 0.0377 | G45: 0.037 | H45: 0.0358 | I45: 0.049 | J45: 0.0349 | K45: 0.0465 | L45: 0.0498 | M45: 0.0367 | N45: 0.0453 | O45: 0.0495 | P45: 0.0325 | Q45: 0.0353 | R45: 0.0491 | S45: 0.0358 | T45: 0.035 | U45: 0.0409 | V45: 0.047 | W45: 0.044 | X45: 0.0361 | Y45: 0.0491 | Z45: 0.0331 | AA45: 0.0492 | AB45: 0.0367
B46: Rigid PVC Foam | C46: =1-SUM(C47:C48) -> 0.4776 | D46: =1-SUM(D47:D48) -> 0.4519 | E46: =1-SUM(E47:E48) -> 0.4776 | F46: =1-SUM(F47:F48) -> 0.4968 | G46: =1-SUM(G47:G48) -> 0.4848 | H46: =1-SUM(H47:H48) -> 0.4648 | I46: =1-SUM(I47:I48) -> 0.4693 | J46: =1-SUM(J47:J48) -> 0.4823 | ... AB46: =1-SUM(AB47:AB48) -> 0.4821
B47: Semi-Rigid PVC Foam | C47: 0.2323 | D47: 0.2373 | E47: 0.2382 | F47: 0.2079 | G47: 0.2281 | H47: 0.2211 | I47: 0.2181 | J47: 0.2221 | K47: 0.2035 | L47: 0.2173 | M47: 0.2077 | N47: 0.2206 | O47: 0.2383 | P47: 0.2153 | Q47: 0.204 | R47: 0.2241 | S47: 0.2153 | T47: 0.2143 | U47: 0.2273 | V47: 0.2376 | W47: 0.2221 | X47: 0.2091 | Y47: 0.2377 | Z47: 0.2127 | AA47: 0.2105 | AB47: 0.2223
B48: Closed-Cell PVC Structural Foam | C48: 0.2901 | D48: 0.3108 | E48: 0.2842 | F48: 0.2953 | G48: 0.2871 | H48: 0.3141 | I48: 0.3126 | J48: 0.2956 | K48: 0.3111 | L48: 0.2895 | M48: 0.3085 | N48: 0.2969 | O48: 0.2841 | P48: 0.3034 | Q48: 0.2938 | R48: 0.2927 | S48: 0.3178 | T48: 0.3104 | U48: 0.3133 | V48: 0.2887 | W48: 0.314 | X48: 0.2854 | Y48: 0.2981 | Z48: 0.3181 | AA48: 0.3165 | AB48: 0.2956
B49: High-Performance Engineering Polymer Foams | C49: 0.0593 | D49: 0.0531 | E49: 0.0413 | F49: 0.0413 | G49: 0.0464 | H49: 0.041 | I49: 0.0594 | J49: 0.045 | K49: 0.0425 | L49: 0.0498 | M49: 0.044 | N49: 0.06 | O49: 0.0499 | P49: 0.0558 | Q49: 0.0579 | R49: 0.0407 | S49: 0.0559 | T49: 0.0499 | U49: 0.0426 | V49: 0.0514 | W49: 0.0593 | X49: 0.0575 | Y49: 0.0522 | Z49: 0.0576 | AA49: 0.0424 | AB49: 0.0544
B50: Polyimide (PI) Foams | C50: 0.3174 | D50: 0.3047 | E50: 0.2997 | F50: 0.2864 | G50: 0.3041 | H50: 0.318 | I50: 0.3126 | J50: 0.2993 | K50: 0.2878 | L50: 0.3083 | M50: 0.2894 | N50: 0.2844 | O50: 0.2926 | P50: 0.2913 | Q50: 0.2933 | R50: 0.2911 | S50: 0.2989 | T50: 0.3076 | U50: 0.2915 | V50: 0.3056 | W50: 0.3062 | X50: 0.287 | Y50: 0.2875 | Z50: 0.3064 | AA50: 0.3066 | AB50: 0.3033
B51: Phenolic Foams | C51: 0.3376 | D51: 0.3357 | E51: 0.3637 | F51: 0.3668 | G51: 0.3545 | H51: 0.3472 | I51: 0.3633 | J51: 0.3419 | K51: 0.333 | L51: 0.3639 | M51: 0.3334 | N51: 0.3553 | O51: 0.3568 | P51: 0.3377 | Q51: 0.3661 | R51: 0.3361 | S51: 0.3626 | T51: 0.3446 | U51: 0.3332 | V51: 0.3511 | W51: 0.3445 | X51: 0.3419 | Y51: 0.3562 | Z51: 0.3651 | AA51: 0.3455 | AB51: 0.336
B52: Advanced Thermoplastic Foams | C52: =1-SUM(C50:C51) -> 0.345 | D52: =1-SUM(D50:D51) -> 0.3596 | E52: =1-SUM(E50:E51) -> 0.3366 | F52: =1-SUM(F50:F51) -> 0.3468 | G52: =1-SUM(G50:G51) -> 0.3414 | H52: =1-SUM(H50:H51) -> 0.3348 | I52: =1-SUM(I50:I51) -> 0.3241 | J52: =1-SUM(J50:J51) -> 0.3588 | ... AB52: =1-SUM(AB50:AB51) -> 0.3607
B53: Melamine Foams | C53: 0.022 | D53: 0.0193 | E53: 0.0212 | F53: 0.0204 | G53: 0.0168 | H53: 0.0228 | I53: 0.0187 | J53: 0.0191 | K53: 0.0219 | L53: 0.0151 | M53: 0.0216 | N53: 0.0198 | O53: 0.0165 | P53: 0.0223 | Q53: 0.0127 | R53: 0.0219 | S53: 0.0198 | T53: 0.0172 | U53: 0.0184 | V53: 0.0213 | W53: 0.0124 | X53: 0.0202 | Y53: 0.0189 | Z53: 0.0161 | AA53: 0.0216 | AB53: 0.0161
B54: Elastomeric & Specialty Foams | C54: 0.0688 | D54: 0.0582 | E54: 0.0515 | F54: 0.0614 | G54: 0.0512 | H54: 0.0591 | I54: 0.0684 | J54: 0.0681 | K54: 0.0517 | L54: 0.0565 | M54: 0.064 | N54: 0.0653 | O54: 0.0676 | P54: 0.059 | Q54: 0.051 | R54: 0.0547 | S54: 0.0685 | T54: 0.0633 | U54: 0.0533 | V54: 0.0698 | W54: 0.0598 | X54: 0.0576 | Y54: 0.063 | Z54: 0.0563 | AA54: 0.0514 | AB54: 0.0674
B55: Bio-Based & Sustainable Foams | C55: 0.0538 | D55: 0.0439 | E55: 0.0395 | F55: 0.0531 | G55: 0.0399 | H55: 0.0547 | I55: 0.0545 | J55: 0.0512 | K55: 0.0491 | L55: 0.0535 | M55: 0.0489 | N55: 0.0538 | O55: 0.0396 | P55: 0.0375 | Q55: 0.0388 | R55: 0.0402 | S55: 0.0486 | T55: 0.0535 | U55: 0.0488 | V55: 0.0523 | W55: 0.0546 | X55: 0.048 | Y55: 0.04 | Z55: 0.05 | AA55: 0.0532 | AB55: 0.0528
C59: =VLOOKUP(C60,Data!$B$76:$E$107,4,0) -> 9772.5819 | D59: =VLOOKUP(D60,Data!$B$76:$E$107,4,0) -> 1194.8716 | E59: =VLOOKUP(E60,Data!$B$76:$E$107,4,0) -> 650.18395 | F59: =VLOOKUP(F60,Data!$B$76:$E$107,4,0) -> 262.65053 | G59: =VLOOKUP(G60,Data!$B$76:$E$107,4,0) -> 332.02991 | H59: =VLOOKUP(H60,Data!$B$76:$E$107,4,0) -> 219.04063 | I59: =VLOOKUP(I60,Data!$B$76:$E$107,4,0) -> 183.3598 | J59: =VLOOKUP(J60,Data!$B$76:$E$107,4,0) -> 910.85221 | ... AB59: =VLOOKUP(AB60,Data!$B$76:$E$107,4,0) -> 365.72847
C60: U.S. | D60: Canada | E60: Germany | F60: UK | G60: France | H60: Italy | I60: Spain | J60: Russia | K60: Rest of Europe | L60: China | M60: India | N60: Japan | O60: South Korea | P60: ASEAN | Q60: Australia | R60: Rest of Asia Pacific | S60: Brazil | T60: Mexico | U60: Argentina | V60: Rest of Latin America | W60: Israel | X60: GCC | Y60: Rest of Middle East | Z60: North Africa | AA60: Central Africa | AB60: South Africa
B61: By Product Type
B62: Polyurethane (PU) Foams | C62: =C33*C$59 -> 4120.1205 | D62: =D33*D$59 -> 546.1758 | E62: =E33*E$59 -> 302.07546 | F62: =F33*F$59 -> 118.8231 | G62: =G33*G$59 -> 165.01887 | H62: =H33*H$59 -> 102.9929 | I62: =I33*I$59 -> 78.863051 | J62: =J33*J$59 -> 425.36798 | ... AB62: =AB33*AB$59 -> 157.00723
B63: Flexible PU | C63: =C34*C$62 -> 2394.202 | D63: =D34*D$62 -> 302.41754 | E63: =E34*E$62 -> 157.98547 | F63: =F34*F$62 -> 65.934938 | G63: =G34*G$62 -> 89.341214 | H63: =H34*H$62 -> 58.551466 | I63: =I34*I$62 -> 41.852621 | J63: =J34*J$62 -> 229.23081 | ... AB63: =AB34*AB$62 -> 81.40825
B64: Rigid PU | C64: =C35*C$62 -> 975.64454 | D64: =D35*D$62 -> 130.91834 | E64: =E35*E$62 -> 80.170828 | F64: =F35*F$62 -> 29.480011 | G64: =G35*G$62 -> 42.112815 | H64: =H35*H$62 -> 24.347522 | I64: =I35*I$62 -> 20.173168 | J64: =J35*J$62 -> 106.04424 | ... AB64: =AB35*AB$62 -> 42.030836
B65: Semi-Rigid PU | C65: =C36*C$62 -> 250.50333 | D65: =D36*D$62 -> 37.085337 | E65: =E36*E$62 -> 23.924377 | F65: =F36*F$62 -> 8.9473794 | G65: =G36*G$62 -> 10.742728 | H65: =H36*H$62 -> 6.5503487 | I65: =I36*I$62 -> 4.7475557 | J65: =J36*J$62 -> 31.051863 | ... AB65: =AB36*AB$62 -> 10.754995
B66: Integral Skin PU | C66: =C37*C$62 -> 170.16098 | D66: =D37*D$62 -> 32.333608 | E66: =E37*E$62 -> 12.808 | F66: =F37*F$62 -> 5.5015095 | G66: =G37*G$62 -> 8.9770264 | H66: =H37*H$62 -> 4.8097686 | I66: =I37*I$62 -> 4.3611267 | J66: =J37*J$62 -> 21.353473 | ... AB66: =AB37*AB$62 -> 7.9288653
B67: Microcellular PU | C67: =C38*C$62 -> 329.60964 | D67: =D38*D$62 -> 43.420976 | E67: =E38*E$62 -> 27.186792 | F67: =F38*F$62 -> 8.9592617 | G67: =G38*G$62 -> 13.845083 | H67: =H38*H$62 -> 8.7337982 | I67: =I38*I$62 -> 7.728579 | J67: =J38*J$62 -> 37.687603 | ... AB67: =AB38*AB$62 -> 14.884286
B68: Polystyrene (PS) Foams | C68: =C39*C$59 -> 2292.6477 | D68: =D39*D$59 -> 288.80046 | E68: =E39*E$59 -> 159.55514 | F68: =F39*F$59 -> 61.039983 | G68: =G39*G$59 -> 73.179393 | H68: =H39*H$59 -> 46.830887 | I68: =I39*I$59 -> 40.705876 | J68: =J39*J$59 -> 209.49601 | ... AB68: =AB39*AB$59 -> 87.99427
B69: Expanded Polystyrene (EPS) | C69: =C40*C$68 -> 1677.3011 | D69: =D40*D$68 -> 203.51769 | E69: =E40*E$68 -> 113.09268 | F69: =F40*F$68 -> 44.022036 | G69: =G40*G$68 -> 51.576836 | H69: =H40*H$68 -> 33.821266 | I69: =I40*I$68 -> 29.499548 | J69: =J40*J$68 -> 154.18906 | ... AB69: =AB40*AB$68 -> 61.974365
B70: Extruded Polystyrene (XPS) | C70: =C41*C$68 -> 615.34665 | D70: =D41*D$68 -> 85.282777 | E70: =E41*E$68 -> 46.462457 | F70: =F41*F$68 -> 17.017947 | G70: =G41*G$68 -> 21.602557 | H70: =H41*H$68 -> 13.00962 | I70: =I41*I$68 -> 11.206328 | J70: =J41*J$68 -> 55.306946 | ... AB70: =AB41*AB$68 -> 26.019906
B71: Polyolefin Foams | C71: =C42*C$59 -> 984.099 | D71: =D42*D$59 -> 95.111778 | E71: =E42*E$59 -> 66.903928 | F71: =F42*F$59 -> 26.606499 | G71: =G42*G$59 -> 30.314331 | H71: =H42*H$59 -> 22.473569 | I71: =I42*I$59 -> 17.950925 | J71: =J42*J$59 -> 77.149182 | ... AB71: =AB42*AB$59 -> 37.560314
B72: Polyethylene (PE) Foams | C72: =C43*C$71 -> 602.46541 | D72: =D43*D$71 -> 60.576692 | E72: =E43*E$71 -> 41.165987 | F72: =F43*F$71 -> 16.762094 | G72: =G43*G$71 -> 19.289009 | H72: =H43*H$71 -> 13.951591 | I72: =I43*I$71 -> 11.190606 | J72: =J43*J$71 -> 48.179664 | ... AB72: =AB43*AB$71 -> 23.204762
B73: Polypropylene (PP) Foams | C73: =C44*C$71 -> 381.63359 | D73: =D44*D$71 -> 34.535087 | E73: =E44*E$71 -> 25.737941 | F73: =F44*F$71 -> 9.8444045 | G73: =G44*G$71 -> 11.025322 | H73: =H44*H$71 -> 8.5219772 | I73: =I44*I$71 -> 6.7603182 | J73: =J44*J$71 -> 28.969518 | ... AB73: =AB44*AB$71 -> 14.355552
B74: PVC Foams | C74: =C45*C$59 -> 383.08521 | D74: =D45*D$59 -> 56.278452 | E74: =E45*E$59 -> 21.846181 | F74: =F45*F$59 -> 9.9019249 | G74: =G45*G$59 -> 12.285107 | H74: =H45*H$59 -> 7.8416545 | I74: =I45*I$59 -> 8.9846303 | J74: =J45*J$59 -> 31.788742 | ... AB74: =AB45*AB$59 -> 13.422235
B75: Rigid PVC Foam | C75: =C46*C$74 -> 182.9615 | D75: =D46*D$74 -> 25.432232 | E75: =E46*E$74 -> 10.433736 | F75: =F46*F$74 -> 4.9192763 | G75: =G46*G$74 -> 5.9558198 | H75: =H46*H$74 -> 3.644801 | I75: =I46*I$74 -> 4.216487 | J75: =J46*J$74 -> 15.33171 | ... AB75: =AB46*AB$74 -> 6.4708594
B76: Semi-Rigid PVC Foam | C76: =C47*C$74 -> 88.990695 | D76: =D47*D$74 -> 13.354877 | E76: =E47*E$74 -> 5.2037602 | F76: =F47*F$74 -> 2.0586102 | G76: =G47*G$74 -> 2.8022329 | H76: =H47*H$74 -> 1.7337898 | I76: =I47*I$74 -> 1.9595479 | J76: =J47*J$74 -> 7.0602796 | ... AB76: =AB47*AB$74 -> 2.9837628
B77: Closed-Cell PVC Structural Foam | C77: =C48*C$74 -> 111.13302 | D77: =D48*D$74 -> 17.491343 | E77: =E48*E$74 -> 6.2086846 | F77: =F48*F$74 -> 2.9240384 | G77: =G48*G$74 -> 3.5270542 | H77: =H48*H$74 -> 2.4630637 | I77: =I48*I$74 -> 2.8085954 | J77: =J48*J$74 -> 9.3967522 | ... AB77: =AB48*AB$74 -> 3.9676126
B78: High-Performance Engineering Polymer Foams | C78: =C49*C$59 -> 579.51411 | D78: =D49*D$59 -> 63.447681 | E78: =E49*E$59 -> 26.852597 | F78: =F49*F$59 -> 10.847467 | G78: =G49*G$59 -> 15.406188 | H78: =H49*H$59 -> 8.9806658 | I78: =I49*I$59 -> 10.891572 | J78: =J49*J$59 -> 40.988349 | ... AB78: =AB49*AB$59 -> 19.895629
B79: Polyimide (PI) Foams | C79: =C50*C$78 -> 183.93778 | D79: =D50*D$78 -> 19.332509 | E79: =E50*E$78 -> 8.0477234 | F79: =F50*F$78 -> 3.1067145 | G79: =G50*G$78 -> 4.6850218 | H79: =H50*H$78 -> 2.8558517 | I79: =I50*I$78 -> 3.4047055 | J79: =J50*J$78 -> 12.267813 | ... AB79: =AB50*AB$78 -> 6.0343442
B80: Phenolic Foams | C80: =C51*C$78 -> 195.64396 | D80: =D51*D$78 -> 21.299387 | E80: =E51*E$78 -> 9.7662896 | F80: =F51*F$78 -> 3.9788508 | G80: =G51*G$78 -> 5.4614936 | H80: =H51*H$78 -> 3.1180872 | I80: =I51*I$78 -> 3.9569082 | J80: =J51*J$78 -> 14.013917 | ... AB80: =AB51*AB$78 -> 6.6849313
B81: Advanced Thermoplastic Foams | C81: =C52*C$78 -> 199.93237 | D81: =D52*D$78 -> 22.815786 | E81: =E52*E$78 -> 9.0385842 | F81: =F52*F$78 -> 3.7619015 | G81: =G52*G$78 -> 5.2596726 | H81: =H52*H$78 -> 3.0067269 | I81: =I52*I$78 -> 3.5299586 | J81: =J52*J$78 -> 14.70662 | ... AB81: =AB52*AB$78 -> 7.1763533
B82: Melamine Foams | C82: =C53*C$59 -> 214.9968 | D82: =D53*D$59 -> 23.061022 | E82: =E53*E$59 -> 13.7839 | F82: =F53*F$59 -> 5.3580708 | G82: =G53*G$59 -> 5.5781025 | H82: =H53*H$59 -> 4.9941263 | I82: =I53*I$59 -> 3.4288283 | J82: =J53*J$59 -> 17.397277 | ... AB82: =AB53*AB$59 -> 5.8882284
B83: Elastomeric & Specialty Foams | C83: =C54*C$59 -> 672.35364 | D83: =D54*D$59 -> 69.541526 | E83: =E54*E$59 -> 33.484473 | F83: =F54*F$59 -> 16.126742 | G83: =G54*G$59 -> 16.999932 | H83: =H54*H$59 -> 12.945301 | I83: =I54*I$59 -> 12.541811 | J83: =J54*J$59 -> 62.029035 | ... AB83: =AB54*AB$59 -> 24.650099
B84: Bio-Based & Sustainable Foams | C84: =C55*C$59 -> 525.76491 | D84: =D55*D$59 -> 52.454863 | E84: =E55*E$59 -> 25.682266 | F84: =F55*F$59 -> 13.946743 | G84: =G55*G$59 -> 13.247994 | H84: =H55*H$59 -> 11.981522 | I84: =I55*I$59 -> 9.9931093 | J84: =J55*J$59 -> 46.635633 | ... AB84: =AB55*AB$59 -> 19.310463
B88: =SUM(C88:AB88) -> 47.25125 | C88: =SUM(C91,C97,C100,C103,C107,C111:C113) -> 17.712642 | D88: =SUM(D91,D97,D100,D103,D107,D111:D113) -> 2.0839555 | E88: =SUM(E91,E97,E100,E103,E107,E111:E113) -> 1.1068616 | F88: =SUM(F91,F97,F100,F103,F107,F111:F113) -> 0.44920147 | G88: =SUM(G91,G97,G100,G103,G107,G111:G113) -> 0.57662412 | H88: =SUM(H91,H97,H100,H103,H107,H111:H113) -> 0.38513451 | I88: =SUM(I91,I97,I100,I103,I107,I111:I113) -> 0.34568872 | J88: =SUM(J91,J97,J100,J103,J107,J111:J113) -> 1.6119896 | ... AB88: =SUM(AB91,AB97,AB100,AB103,AB107,AB111:AB113) -> 0.614334
C89: U.S. | D89: Canada | E89: Germany | F89: UK | G89: France | H89: Italy | I89: Spain | J89: Russia | K89: Rest of Europe | L89: China | M89: India | N89: Japan | O89: South Korea | P89: ASEAN | Q89: Australia | R89: Rest of Asia Pacific | S89: Brazil | T89: Mexico | U89: Argentina | V89: Rest of Latin America | W89: Israel | X89: GCC | Y89: Rest of Middle East | Z89: North Africa | AA89: Central Africa | AB89: South Africa
B90: By Product Type
B91: Polyurethane (PU) Foams | C91: =SUM(C92:C96) -> 5.1037328 | D91: =SUM(D92:D96) -> 0.68458055 | E91: =SUM(E92:E96) -> 0.39466107 | F91: =SUM(F92:F96) -> 0.15326022 | G91: =SUM(G92:G96) -> 0.21559066 | H91: =SUM(H92:H96) -> 0.13262507 | I91: =SUM(I92:I96) -> 0.10310603 | J91: =SUM(J92:J96) -> 0.55180857 | ... AB91: =SUM(AB92:AB96) -> 0.18886043
B92: Flexible PU | C92: =C63*C6/10^6 -> 2.4003794 | D92: =D63*D6/10^6 -> 0.30371258 | E92: =E63*E6/10^6 -> 0.16471268 | F92: =F63*F6/10^6 -> 0.068349712 | G92: =G63*G6/10^6 -> 0.093069434 | H92: =H63*H6/10^6 -> 0.060197507 | I92: =I63*I6/10^6 -> 0.04253053 | J92: =J63*J6/10^6 -> 0.23294377 | ... AB92: =AB63*AB6/10^6 -> 0.078015449
B93: Rigid PU | C93: =C64*C7/10^6 -> 1.171398 | D93: =D64*D7/10^6 -> 0.15718582 | E93: =E64*E7/10^6 -> 0.097149834 | F93: =F64*F7/10^6 -> 0.037157162 | G93: =G64*G7/10^6 -> 0.052610431 | H93: =H64*H7/10^6 -> 0.030022017 | I93: =I64*I7/10^6 -> 0.024506868 | J93: =J64*J7/10^6 -> 0.13075917 | ... AB93: =AB64*AB7/10^6 -> 0.046546037
B94: Semi-Rigid PU | C94: =C65*C8/10^6 -> 0.33600328 | D94: =D65*D8/10^6 -> 0.049743031 | E94: =E65*E8/10^6 -> 0.033148878 | F94: =F65*F8/10^6 -> 0.012579973 | G94: =G65*G8/10^6 -> 0.015116415 | H94: =H65*H8/10^6 -> 0.0092394918 | I94: =I65*I8/10^6 -> 0.0066588783 | J94: =J65*J8/10^6 -> 0.043306399 | ... AB94: =AB65*AB8/10^6 -> 0.013754559
B95: Integral Skin PU | C95: =C66*C9/10^6 -> 0.32384901 | D95: =D66*D9/10^6 -> 0.060698397 | E95: =E66*E9/10^6 -> 0.025414246 | F95: =F66*F9/10^6 -> 0.010809335 | G95: =G66*G9/10^6 -> 0.017390613 | H95: =H66*H9/10^6 -> 0.0094346122 | I95: =I66*I9/10^6 -> 0.0085475078 | J95: =J66*J9/10^6 -> 0.041470553 | ... AB95: =AB66*AB9/10^6 -> 0.014049009
B96: Microcellular PU | C96: =C67*C10/10^6 -> 0.87210309 | D96: =D67*D10/10^6 -> 0.11324073 | E96: =E67*E10/10^6 -> 0.074235433 | F96: =F67*F10/10^6 -> 0.024364037 | G96: =G67*G10/10^6 -> 0.03740377 | H96: =H67*H10/10^6 -> 0.023731438 | I96: =I67*I10/10^6 -> 0.020862243 | J96: =J67*J10/10^6 -> 0.10332867 | ... AB96: =AB67*AB10/10^6 -> 0.036495379
B97: Polystyrene (PS) Foams | C97: =SUM(C98:C99) -> 1.8332579 | D97: =SUM(D98:D99) -> 0.23559817 | E97: =SUM(E98:E99) -> 0.1359981 | F97: =SUM(F98:F99) -> 0.051833399 | G97: =SUM(G98:G99) -> 0.061393991 | H97: =SUM(H98:H99) -> 0.039076995 | I97: =SUM(I98:I99) -> 0.034055578 | J97: =SUM(J98:J99) -> 0.17719024 | ... AB97: =SUM(AB98:AB99) -> 0.069055257
B98: Expanded Polystyrene (EPS) | C98: =C69*C12/10^6 -> 1.1705735 | D98: =D69*D12/10^6 -> 0.14562113 | E98: =E69*E12/10^6 -> 0.085113984 | F98: =F69*F12/10^6 -> 0.033211437 | G98: =G69*G12/10^6 -> 0.037656805 | H98: =H69*H12/10^6 -> 0.024734393 | I98: =I69*I12/10^6 -> 0.021394472 | J98: =J69*J12/10^6 -> 0.11641821 | ... AB98: =AB69*AB12/10^6 -> 0.042836927
B99: Extruded Polystyrene (XPS) | C99: =C70*C13/10^6 -> 0.66268442 | D99: =D70*D13/10^6 -> 0.089977043 | E99: =E70*E13/10^6 -> 0.050884113 | F99: =F70*F13/10^6 -> 0.018621962 | G99: =G70*G13/10^6 -> 0.023737186 | H99: =H70*H13/10^6 -> 0.014342602 | I99: =I70*I13/10^6 -> 0.012661106 | J99: =J70*J13/10^6 -> 0.060772031 | ... AB99: =AB70*AB13/10^6 -> 0.02621833
B100: Polyolefin Foams | C100: =SUM(C101:C102) -> 1.375098 | D100: =SUM(D101:D102) -> 0.13452991 | E100: =SUM(E101:E102) -> 0.09886526 | F100: =SUM(F101:F102) -> 0.039116604 | G100: =SUM(G101:G102) -> 0.045016458 | H100: =SUM(H101:H102) -> 0.033858291 | I100: =SUM(I101:I102) -> 0.026744751 | J100: =SUM(J101:J102) -> 0.11432831 | ... AB100: =SUM(AB101:AB102) -> 0.05103762
B101: Polyethylene (PE) Foams | C101: =C72*C15/10^6 -> 0.75418243 | D101: =D72*D15/10^6 -> 0.07662697 | E101: =E72*E15/10^6 -> 0.055091331 | F101: =F72*F15/10^6 -> 0.022303865 | G101: =G72*G15/10^6 -> 0.026046138 | H101: =H72*H15/10^6 -> 0.018808438 | I101: =I72*I15/10^6 -> 0.015208749 | J101: =J72*J15/10^6 -> 0.064688429 | ... AB101: =AB72*AB15/10^6 -> 0.028108846
B102: Polypropylene (PP) Foams | C102: =C73*C16/10^6 -> 0.62091559 | D102: =D73*D16/10^6 -> 0.057902935 | E102: =E73*E16/10^6 -> 0.04377393 | F102: =F73*F16/10^6 -> 0.01681274 | G102: =G73*G16/10^6 -> 0.018970319 | H102: =H73*H16/10^6 -> 0.015049853 | I102: =I73*I16/10^6 -> 0.011536002 | J102: =J73*J16/10^6 -> 0.049639883 | ... AB102: =AB73*AB16/10^6 -> 0.022928774
B103: PVC Foams | C103: =SUM(C104:C106) -> 0.71332744 | D103: =SUM(D104:D106) -> 0.11212419 | E103: =SUM(E104:E106) -> 0.042208983 | F103: =SUM(F104:F106) -> 0.019410562 | G103: =SUM(G104:G106) -> 0.02381793 | H103: =SUM(H104:H106) -> 0.016023048 | I103: =SUM(I104:I106) -> 0.018361311 | J103: =SUM(J104:J106) -> 0.062808566 | ... AB103: =SUM(AB104:AB106) -> 0.024437339
B104: Rigid PVC Foam | C104: =C75*C18/10^6 -> 0.11432527 | D104: =D75*D18/10^6 -> 0.015569995 | E104: =E75*E18/10^6 -> 0.006717519 | F104: =F75*F18/10^6 -> 0.0031593867 | G104: =G75*G18/10^6 -> 0.0038658955 | H104: =H75*H18/10^6 -> 0.0023331785 | I104: =I75*I18/10^6 -> 0.0027013584 | J104: =J75*J18/10^6 -> 0.0098871217 | ... AB104: =AB75*AB18/10^6 -> 0.0037808667
B105: Semi-Rigid PVC Foam | C105: =C76*C19/10^6 -> 0.083745469 | D105: =D76*D19/10^6 -> 0.012621848 | E105: =E76*E19/10^6 -> 0.00506998 | F105: =F76*F19/10^6 -> 0.0020423964 | G105: =G76*G19/10^6 -> 0.0027415489 | H105: =H76*H19/10^6 -> 0.0017510518 | I105: =I76*I19/10^6 -> 0.0019552326 | J105: =J76*J19/10^6 -> 0.0069932267 | ... AB105: =AB76*AB19/10^6 -> 0.0027595257
B106: Closed-Cell PVC Structural Foam | C106: =C77*C20/10^6 -> 0.5152567 | D106: =D77*D20/10^6 -> 0.083932346 | E106: =E77*E20/10^6 -> 0.030421484 | F106: =F77*F20/10^6 -> 0.014208779 | G106: =G77*G20/10^6 -> 0.017210485 | H106: =H77*H20/10^6 -> 0.011938818 | I106: =I77*I20/10^6 -> 0.01370472 | J106: =J77*J20/10^6 -> 0.045928217 | ... AB106: =AB77*AB20/10^6 -> 0.017896946
B107: High-Performance Engineering Polymer Foams | C107: =SUM(C108:C110) -> 4.9208958 | D107: =SUM(D108:D110) -> 0.52988781 | E107: =SUM(E108:E110) -> 0.22526851 | F107: =SUM(F108:F110) -> 0.089106925 | G107: =SUM(G108:G110) -> 0.13134352 | H107: =SUM(H108:H110) -> 0.080473948 | I107: =SUM(I108:I110) -> 0.09362174 | J107: =SUM(J108:J110) -> 0.3549343 | ... AB107: =SUM(AB108:AB110) -> 0.15593385
B108: Polyimide (PI) Foams | C108: =C79*C22/10^6 -> 3.500689 | D108: =D79*D22/10^6 -> 0.36762134 | E108: =E79*E22/10^6 -> 0.15681659 | F108: =F79*F22/10^6 -> 0.060637645 | G108: =G79*G22/10^6 -> 0.092051046 | H108: =H79*H22/10^6 -> 0.057361627 | I108: =I79*I22/10^6 -> 0.066122744 | J108: =J79*J22/10^6 -> 0.24521369 | ... AB108: =AB79*AB22/10^6 -> 0.10799749
B109: Phenolic Foams | C109: =C80*C23/10^6 -> 0.39163146 | D109: =D80*D23/10^6 -> 0.042853704 | E109: =E80*E23/10^6 -> 0.020098317 | F109: =F80*F23/10^6 -> 0.0083778225 | G109: =G80*G23/10^6 -> 0.011248655 | H109: =H80*H23/10^6 -> 0.0064911031 | I109: =I80*I23/10^6 -> 0.0083787678 | J109: =J80*J23/10^6 -> 0.028553377 | ... AB109: =AB80*AB23/10^6 -> 0.012744382
B110: Advanced Thermoplastic Foams | C110: =C81*C24/10^6 -> 1.0285753 | D110: =D81*D24/10^6 -> 0.11941276 | E110: =E81*E24/10^6 -> 0.048353603 | F110: =F81*F24/10^6 -> 0.020091457 | G110: =G81*G24/10^6 -> 0.028043814 | H110: =H81*H24/10^6 -> 0.016621219 | I110: =I81*I24/10^6 -> 0.019120229 | J110: =J81*J24/10^6 -> 0.081167225 | ... AB110: =AB81*AB24/10^6 -> 0.035191979
B111: Melamine Foams | C111: =C82*C25/10^6 -> 0.96518077 | D111: =D82*D25/10^6 -> 0.10539193 | E111: =E82*E25/10^6 -> 0.064480218 | F111: =F82*F25/10^6 -> 0.02467276 | G111: =G82*G25/10^6 -> 0.026008107 | H111: =H82*H25/10^6 -> 0.023246841 | I111: =I82*I25/10^6 -> 0.015868224 | J111: =J82*J25/10^6 -> 0.082723015 | ... AB111: =AB82*AB25/10^6 -> 0.025821798
B112: Elastomeric & Specialty Foams | C112: =C83*C26/10^6 -> 1.8570266 | D112: =D83*D26/10^6 -> 0.18684133 | E112: =E83*E26/10^6 -> 0.097442096 | F112: =F83*F26/10^6 -> 0.04548942 | G112: =G83*G26/10^6 -> 0.049031393 | H112: =H83*H26/10^6 -> 0.037336983 | I112: =I83*I26/10^6 -> 0.035524648 | J112: =J83*J26/10^6 -> 0.18007129 | ... AB112: =AB83*AB26/10^6 -> 0.065939163
B113: Bio-Based & Sustainable Foams | C113: =C84*C27/10^6 -> 0.94412228 | D113: =D84*D27/10^6 -> 0.095001657 | E113: =E84*E27/10^6 -> 0.047937354 | F113: =F84*F27/10^6 -> 0.026311584 | G113: =G84*G27/10^6 -> 0.024422064 | H113: =H84*H27/10^6 -> 0.022493333 | I113: =I84*I27/10^6 -> 0.018406445 | J113: =J84*J27/10^6 -> 0.088125287 | ... AB113: =AB84*AB27/10^6 -> 0.033248542

Sheet Domestic Production
A1: Finalised Country Data | C1: Source Link / Validation | E1: Domestic Production Data Available in 'Mn Tons (2024) | G1: Region / Country | H1: Domestic Production Data Available in ’000 Tons (2024)
A2: Region / Country | B2: Domestic Production / Consumption Data in ’000 Tons, 2024 | C2: Europe cellular plastic sheets/films production source. | E2: =B2/1000 -> #VALUE! | G2: North America | H2: 10956
A3: North America | B3: 10956 | C3: Country-level production cited in Europe source. | E3: =B3/1000 -> 10.956 | G3: Europe | H3: 4000
A4: U.S. | B4: 9860 | C4: Covered in Europe source country cluster; validate further through UK PRODCOM/ONS. | E4: =B4/1000 -> 9.86 | G4: Germany | H4: 656
A5: Canada | B5: 1096 | C5: Covered in Europe source country cluster; validate further through Eurostat PRODCOM. | E5: =B5/1000 -> 1.096 | G5: UK | H5: 265
A6: Europe | B6: 4000 | C6: Covered in Europe source country cluster; validate further through Eurostat PRODCOM. | E6: =B6/1000 -> 4 | G6: France | H6: 335
A7: Germany | B7: 656 | C7: Covered in Europe source country cluster; validate further through Eurostat PRODCOM. | E7: =B7/1000 -> 0.656 | G7: Italy | H7: 221
A8: UK | B8: 265 | C8: Country-level production cited in Europe source. | E8: =B8/1000 -> 0.265 | G8: Spain | H8: 185
A9: France | B9: 335 | C9: Use Europe total as regional anchor. | E9: =B9/1000 -> 0.335 | G9: Russia | H9: 919
A10: Italy | B10: 221 | C10: Asia Pacific cellular plastic sheets/films production source. | E10: =B10/1000 -> 0.221 | G10: Rest of Europe | H10: 1419
A11: Spain | B11: 185 | C11: Country-level production cited in Asia Pacific source. | E11: =B11/1000 -> 0.185 | G11: Asia Pacific | H11: 9900
A12: Russia | B12: 919 | C12: Country-level production cited in Asia Pacific source. | E12: =B12/1000 -> 0.919 | G12: China | H12: 5700
A13: Rest of Europe | B13: 1419 | C13: Country-level production cited in Asia Pacific source. | E13: =B13/1000 -> 1.419 | G13: India | H13: 920
A14: Asia Pacific | B14: 9900 | C14: Use APAC total as anchor; validate through national production/statistics and trade proxy. | E14: =B14/1000 -> 9.9 | G14: Japan | H14: 813
... A33: Central Africa | B33: 950 | C33: Africa source reports South Africa as a key exporter, but not as a top production country. | E33: =B33/1000 -> 0.95 | G33: Central Africa / Rest of Africa | H33: 950
A34: South Africa | B34: 350 | E34: =B34/1000 -> 0.35 | G34: South Africa | H34: 350
A35: Global Total | B35: =SUM(B3,B6,B14,B22,B27,B31) -> 29035 | G35: Global Total (Volume in Mn Ton) | H35: =SUM(H2,H10,H18,H23,H30,) -> 13829
A36: ASP | B36: 2000 | G36: ASP | H36: 3000
A37: Total Value (USD Bn) | B37: =((B35/1000)*B36)/1000 -> 58.07 | G37: Total Value (USD Bn) | H37: =((H35/1000)*H36)/1000 -> 41.487
A44: Step | B44: Calculation Logic
A45: Global polymeric foam base in 2017 | B45: UNEP/TEAP reported global polymeric foam production at around 24 million tons in 2017, growing at around 3.9% per year.
A46: 2026 foam base estimate | B46: 24.0 × 1.039⁹
A47: Share fitting your technical foam scope | B47: 85%–88% of total foam
A48: Excluded non-technical/commodity foam | B48: 12%–15% of total foam

Sheet Supplier Side
A2: Company | B2: Revenue in 2024 USD Mn | C2: Product Revenue Percent | D2: Product Revenue USD Mn
A3: BASF SE | B3: 70600 | D3: =B3*C3 -> 0
A4: Dow Inc. | B4: 42964 | D4: =B4*C4 -> 0
A5: Covestro AG | B5: 15356 | D5: =B5*C5 -> 0
A6: Huntsman Corporation | B6: 6036 | D6: =B6*C6 -> 0
A7: Sekisui Chemical Co., Ltd. | B7: 8573 | D7: =B7*C7 -> 0
A8: JSP Corporation | B8: 892 | D8: =B8*C8 -> 0
A9: Zotefoams plc | B9: 203 | D9: =B9*C9 -> 0
A10: Recticel NV | B10: 660 | D10: =B10*C10 -> 0
A11: Rogers Corporation | B11: 830 | D11: =B11*C11 -> 0
A12: UFP Technologies | B12: 504 | D12: =B12*C12 -> 0
D13: =SUM(D3:D12) -> 0
C15: Top 10 Companies Market Share in (%) | D15: 9
C16: Total Global Market Size (USD Million) | D16: =(D13/D15)*100 -> 0
C17: Total Global Market Size (USD Billion) | D17: =D16/1000 -> 0

Sheet Countries
A1: Finalised Country Data | D1: Actual Data
A2: Region / Country | B2: Domestic Production / Consumption Data in ’000 Tons, 2024 | D2: Region / Country | E2: Domestic Production Data Available in ’000 Tons (2024)
A3: North America | B3: 10956 | D3: North America | E3: 10956
A4: U.S. | B4: 9860 | D4: Europe | E4: 4000 | K4: North America
A5: Canada | B5: 1096 | D5: Germany | E5: 656 | K5: U.S.
A6: Europe | B6: 4000 | D6: UK | E6: 265 | K6: Canada
A7: Germany | B7: 656 | D7: France | E7: 335 | K7: Europe
A8: UK | B8: 265 | D8: Italy | E8: 221 | K8: Germany
A9: France | B9: 335 | D9: Spain | E9: 185 | K9: UK
A10: Italy | B10: 221 | D10: Russia | E10: 919 | K10: France
A11: Spain | B11: 185 | D11: Rest of Europe | E11: 1419 | K11: Italy
A12: Russia | B12: 919 | D12: Asia Pacific | E12: 9900 | K12: Spain
A13: Rest of Europe | B13: 1419 | D13: China | E13: 5700 | K13: Russia
A14: Asia Pacific | B14: 9900 | D14: India | E14: 920 | K14: Rest of Europe
A15: China | B15: 5700 | D15: Japan | E15: 813 | K15: Asia Pacific
... A34: South Africa | B34: 350 | D34: Central Africa / Rest of Africa | E34: 950 | K34: Central Africa
A35: Global Total | B35: =SUM(B3,B6,B14,B22,B27,B31) -> 29035 | D35: South Africa | E35: 350 | K35: South Africa
A36: ASP | B36: 2000 | D36: Global Total (Volume in Mn Ton) | E36: =SUM(E3,E11,E19,E24,E31,) -> 13829
A37: Total Value (USD Bn) | B37: =((B35/1000)*B36)/1000 -> 58.07 | D37: ASP | E37: 3000
D38: Total Value (USD Bn) | E38: =((E36/1000)*E37)/1000 -> 41.487

Sheet Sources
A1: https://www.worldbank.org/en/news/press-release/2022/09/15/risk-of-global-recession-in-2023-rises-amid-simultaneous-rate-hikes
A2: https://www.americanchemistry.com/industry-groups/center-for-the-polyurethanes-industry-cpi/environment/state-phase-down-of-hfcs-in-the-spray-foam-industry
A3: https://www.as-enterprises.com/blog/the-future-of-foam-manufacturing-what-the-industry-will-look-like-by-2030/
A5: https://comtradeplus.un.org/
A7: https://europur.org/flexible-pu-foam/elementor-4539/
A10: https://eximtradedata.com/search/country-india/type-import/product-foam-foam/hscode-94
A12: https://ozone.unep.org/system/files/documents/TEAP_2018_Assessment_Report.pdf

Sheet Sheet6
A1: Segment | B1: Market Share | C1: CAGR
A2: Product Type | B2: 1 | C2: 0.045
A3: Polyurethane (PU) Foams | B3: 0.47 | C3: 0.046
A4: Flexible PU | B4: 0.55 | C4: 0.039
A5: Rigid PU | B5: 0.25 | C5: 0.052
A6: Semi-Rigid PU | B6: 0.07 | C6: 0.043
A7: Integral Skin PU | B7: 0.05 | C7: 0.041
A8: Microcellular PU | B8: 0.08 | C8: 0.057
A9: Polystyrene (PS) Foams | B9: 0.23 | C9: 0.038
A10: Expanded Polystyrene (EPS) | B10: 0.72 | C10: 0.036
A11: Extruded Polystyrene (XPS) | B11: 0.28 | C11: 0.044
A12: Polyolefin Foams | B12: 0.09 | C12: 0.05
A13: Polyethylene (PE) Foams | B13: 0.62 | C13: 0.046
... A24: Elastomeric & Specialty Foams | B24: 0.06 | C24: 0.05
A25: Bio-Based & Sustainable Foams | B25: =1-SUM(B3,B9,B12,B15,B19,B23,B24) -> 0.045 | C25: 0.08
A27: Density | B27: 1 | C27: 0.045
A28: Ultra-Low Density: < 15 | B28: 0.14 | C28: 0.037
A29: Low Density: 15 – 30 | B29: 0.28 | C29: 0.04
A30: Medium Density: 30 – 80 | B30: 0.33 | C30: 0.045
A31: High Density: 80 – 250 | B31: 0.18 | C31: 0.055
A32: Ultra-High Density / Structural: > 250 | B32: =1-SUM(B28:B31) -> 0.07 | C32: 0.063
A34: Form | B34: 1 | C34: 0.045
A35: Sheets & Boards | B35: 0.35 | C35: 0.047
A36: Rolls | B36: 0.1 | C36: 0.04
A37: Blocks / Buns | B37: 0.24 | C37: 0.036
A38: Molded & Fabricated Parts | B38: 0.21 | C38: 0.054
A39: Laminated / Composite Foam Structures | B39: =1-SUM(B35:B38) -> 0.1 | C39: 0.063
A41: End-Use | B41: 1 | C41: 0.045
A42: Automotive & Transportation | B42: 0.12 | C42: 0.047
A43: Seating & interior trim | B43: 0.54 | C43: 0.041
A44: NVH insulation | B44: 0.27 | C44: 0.052
A45: Thermal & impact protection | B45: 0.19 | C45: 0.053
A46: Building & Construction | B46: 0.3 | C46: 0.05
A47: Thermal insulation | B47: 0.68 | C47: 0.048
A48: Acoustic panels | B48: 0.15 | C48: 0.051
A49: Structural & fire-resistant insulation | B49: 0.17 | C49: 0.057
A50: Packaging & Logistics | B50: 0.2 | C50: 0.04
A51: Protective cushioning | B51: 0.48 | C51: 0.036
A52: Cold-chain insulation | B52: 0.22 | C52: 0.053
... A60: EMI / ESD protection | B60: 0.2 | C60: 0.068
A61: Others (Healthcare, Defense etc.) | B61: =1-SUM(B42,B46,B50,B54,B57) -> 0.1 | C61: 0.048
A63: Distribution | B63: 1 | C63: 0.045
A64: Direct OEM Supplies | B64: 0.64 | C64: 0.05
A65: Indirect (via Distributors / Traders) | B65: =1-SUM(B64) -> 0.36 | C65: 0.036
